date_scraped,source,job_id,title,url,score,status,date_applied,follow_up_due
2026-09-11,Acrisure,/job/1-Liberty-Plaza---NEW-YORK-NY/Portfolio-Actuary_JR113915,Portfolio Actuary,https://acrisure.wd1.myworkdayjobs.com/acrisure/job/1-Liberty-Plaza---NEW-YORK-NY/Portfolio-Actuary_JR113915,42,,,2026-09-18
2026-09-11,Acrisure,/job/1-Liberty-Plaza---NEW-YORK-NY/Production-Underwriter_JR114064,Production Underwriter,https://acrisure.wd1.myworkdayjobs.com/acrisure/job/1-Liberty-Plaza---NEW-YORK-NY/Production-Underwriter_JR114064,31,,,2026-09-18
2026-09-11,Acrisure,/job/1-Liberty-Plz-165-Broadway-19th-Fl---NEW-YORK-NY/Technical-Account-Manager_JR113431,Technical Underwriting Analyst,https://acrisure.wd1.myworkdayjobs.com/acrisure/job/1-Liberty-Plz-165-Broadway-19th-Fl---NEW-YORK-NY/Technical-Account-Manager_JR113431,57,,,2026-09-18
2026-09-11,Acrisure,/job/10-Research-Pkwy-Ste-400----WALLINGFORD-CT/Transportation-Client-Advisor_JR113482,Transportation Client Advisor,https://acrisure.wd1.myworkdayjobs.com/acrisure/job/10-Research-Pkwy-Ste-400----WALLINGFORD-CT/Transportation-Client-Advisor_JR113482,26,,,2026-09-18
2026-09-11,Acrisure,/job/100-East-Main-Street---OKLAHOMA-CITY-OK/Payroll-Client-Advisor_JR112376,Payroll Client Advisor,https://acrisure.wd1.myworkdayjobs.com/acrisure/job/100-East-Main-Street---OKLAHOMA-CITY-OK/Payroll-Client-Advisor_JR112376,26,,,2026-09-18
2026-09-11,Acrisure,/job/100-East-Main-Street---OKLAHOMA-CITY-OK/Payroll-Division-Manager_JR112378,Payroll Division Manager,https://acrisure.wd1.myworkdayjobs.com/acrisure/job/100-East-Main-Street---OKLAHOMA-CITY-OK/Payroll-Division-Manager_JR112378,0,,,2026-09-18
2026-09-11,Acrisure,/job/100-East-Main-Street---OKLAHOMA-CITY-OK/Payroll-Specialist_JR113991,Payroll Specialist,https://acrisure.wd1.myworkdayjobs.com/acrisure/job/100-East-Main-Street---OKLAHOMA-CITY-OK/Payroll-Specialist_JR113991,15,,,2026-09-18
2026-09-11,Acrisure,/job/100-East-Main-Street---OKLAHOMA-CITY-OK/Payroll-Territory-Manager_JR112377,Payroll Territory Manager,https://acrisure.wd1.myworkdayjobs.com/acrisure/job/100-East-Main-Street---OKLAHOMA-CITY-OK/Payroll-Territory-Manager_JR112377,0,,,2026-09-18
2026-09-11,Acrisure,/job/100-Ottawa-Ave-Sw----GRAND-RAPIDS-MI/Associate-I---Carrier-Credentialing_JR114260-1,Associate I - Carrier Credentialing,https://acrisure.wd1.myworkdayjobs.com/acrisure/job/100-Ottawa-Ave-Sw----GRAND-RAPIDS-MI/Associate-I---Carrier-Credentialing_JR114260-1,25,,,2026-09-18
2026-09-11,Acrisure,/job/100-Ottawa-Ave-Sw----GRAND-RAPIDS-MI/Associate-I---Carrier-Credentialing_JR114307,Associate I - Carrier Credentialing,https://acrisure.wd1.myworkdayjobs.com/acrisure/job/100-Ottawa-Ave-Sw----GRAND-RAPIDS-MI/Associate-I---Carrier-Credentialing_JR114307,25,,,2026-09-18
2026-09-11,Acrisure,/job/100-Ottawa-Ave-Sw----GRAND-RAPIDS-MI/Associate-Specialist---Regulatory-Affairs_JR114259,Associate Specialist - Licensing,https://acrisure.wd1.myworkdayjobs.com/acrisure/job/100-Ottawa-Ave-Sw----GRAND-RAPIDS-MI/Associate-Specialist---Regulatory-Affairs_JR114259,25,,,2026-09-18
2026-09-11,Acrisure,/job/100-Ottawa-Ave-Sw----GRAND-RAPIDS-MI/Business-and-Systems-Analyst_JR114329,Business and Systems Analyst,https://acrisure.wd1.myworkdayjobs.com/acrisure/job/100-Ottawa-Ave-Sw----GRAND-RAPIDS-MI/Business-and-Systems-Analyst_JR114329,26,,,2026-09-18
2026-09-11,Acrisure,/job/100-Ottawa-Ave-Sw----GRAND-RAPIDS-MI/Director--External-Communications_JR114070,"Director, External Communications",https://acrisure.wd1.myworkdayjobs.com/acrisure/job/100-Ottawa-Ave-Sw----GRAND-RAPIDS-MI/Director--External-Communications_JR114070,0,,,2026-09-18
2026-09-11,Acrisure,/job/100-Ottawa-Ave-Sw----GRAND-RAPIDS-MI/Director--FP-A---Planning--Governance---Modernization_JR114119,"Director, FP&A - Planning, Governance & Modernization",https://acrisure.wd1.myworkdayjobs.com/acrisure/job/100-Ottawa-Ave-Sw----GRAND-RAPIDS-MI/Director--FP-A---Planning--Governance---Modernization_JR114119,0,,,2026-09-18
2026-09-11,Acrisure,/job/100-Ottawa-Ave-Sw----GRAND-RAPIDS-MI/Financial-Analyst---FP-A---Enterprise-Reporting_JR113690,Financial Analyst - FP&A - Enterprise Reporting,https://acrisure.wd1.myworkdayjobs.com/acrisure/job/100-Ottawa-Ave-Sw----GRAND-RAPIDS-MI/Financial-Analyst---FP-A---Enterprise-Reporting_JR113690,15,,,2026-09-18
2026-09-11,Acrisure,/job/100-Ottawa-Ave-Sw----GRAND-RAPIDS-MI/Integration-Specialist_JR114008,Integration Specialist,https://acrisure.wd1.myworkdayjobs.com/acrisure/job/100-Ottawa-Ave-Sw----GRAND-RAPIDS-MI/Integration-Specialist_JR114008,0,,,2026-09-18
2026-09-11,Acrisure,/job/100-Ottawa-Ave-Sw----GRAND-RAPIDS-MI/Junior-ServiceNow-Developer_JR113959-1,Junior ServiceNow Developer,https://acrisure.wd1.myworkdayjobs.com/acrisure/job/100-Ottawa-Ave-Sw----GRAND-RAPIDS-MI/Junior-ServiceNow-Developer_JR113959-1,36,,,2026-09-18
2026-09-11,Acrisure,/job/100-Ottawa-Ave-Sw----GRAND-RAPIDS-MI/Lead---Insurance-Underwriting---Loss-Ontology_JR113870,Lead – Insurance Underwriting & Loss Ontology,https://acrisure.wd1.myworkdayjobs.com/acrisure/job/100-Ottawa-Ave-Sw----GRAND-RAPIDS-MI/Lead---Insurance-Underwriting---Loss-Ontology_JR113870,0,,,2026-09-18
2026-09-11,Acrisure,/job/100-Ottawa-Ave-Sw----GRAND-RAPIDS-MI/Lead-Quantitative-Analyst--Revenue-Intelligence_JR114121,"Lead Quantitative Analyst, Revenue Intelligence",https://acrisure.wd1.myworkdayjobs.com/acrisure/job/100-Ottawa-Ave-Sw----GRAND-RAPIDS-MI/Lead-Quantitative-Analyst--Revenue-Intelligence_JR114121,0,,,2026-09-18
2026-09-11,Acrisure,/job/100-Ottawa-Ave-Sw----GRAND-RAPIDS-MI/Manager--Financial-Strategy---Analytics_JR114123,"Manager, Financial Strategy & Analytics",https://acrisure.wd1.myworkdayjobs.com/acrisure/job/100-Ottawa-Ave-Sw----GRAND-RAPIDS-MI/Manager--Financial-Strategy---Analytics_JR114123,0,,,2026-09-18
2026-09-11,Acrisure,/job/100-Ottawa-Ave-Sw----GRAND-RAPIDS-MI/Manager--Insurance-Revenue-Analytics_JR114120,"Manager, Insurance Revenue Analytics",https://acrisure.wd1.myworkdayjobs.com/acrisure/job/100-Ottawa-Ave-Sw----GRAND-RAPIDS-MI/Manager--Insurance-Revenue-Analytics_JR114120,0,,,2026-09-18
2026-09-11,Acrisure,/job/100-Ottawa-Ave-Sw----GRAND-RAPIDS-MI/Manager--NAI-Consolidation---Reporting_JR114122,"Manager, NAI Consolidation & Reporting",https://acrisure.wd1.myworkdayjobs.com/acrisure/job/100-Ottawa-Ave-Sw----GRAND-RAPIDS-MI/Manager--NAI-Consolidation---Reporting_JR114122,0,,,2026-09-18
2026-09-11,Acrisure,/job/100-Ottawa-Ave-Sw----GRAND-RAPIDS-MI/Managing-Client-Advisor_JR114139,Managing Client Advisor,https://acrisure.wd1.myworkdayjobs.com/acrisure/job/100-Ottawa-Ave-Sw----GRAND-RAPIDS-MI/Managing-Client-Advisor_JR114139,15,,,2026-09-18
2026-09-11,Acrisure,/job/100-Ottawa-Ave-Sw----GRAND-RAPIDS-MI/Paralegal---Regulatory-Affairs_JR113918,Paralegal - Regulatory Affairs,https://acrisure.wd1.myworkdayjobs.com/acrisure/job/100-Ottawa-Ave-Sw----GRAND-RAPIDS-MI/Paralegal---Regulatory-Affairs_JR113918,0,,,2026-09-18
2026-09-11,Acrisure,/job/100-Ottawa-Ave-Sw----GRAND-RAPIDS-MI/Payroll-Associate_JR113776,Payroll Specialist,https://acrisure.wd1.myworkdayjobs.com/acrisure/job/100-Ottawa-Ave-Sw----GRAND-RAPIDS-MI/Payroll-Associate_JR113776,0,,,2026-09-18
2026-09-11,Acrisure,/job/100-Ottawa-Ave-Sw----GRAND-RAPIDS-MI/Payroll-Tax-Manager_JR114169-1,Payroll Tax Manager,https://acrisure.wd1.myworkdayjobs.com/acrisure/job/100-Ottawa-Ave-Sw----GRAND-RAPIDS-MI/Payroll-Tax-Manager_JR114169-1,0,,,2026-09-18
2026-09-11,Acrisure,/job/100-Ottawa-Ave-Sw----GRAND-RAPIDS-MI/Program-Manager--Vendor-Payables---Global-Travel_JR114286-1,"Program Manager, Vendor Payables & Global Travel",https://acrisure.wd1.myworkdayjobs.com/acrisure/job/100-Ottawa-Ave-Sw----GRAND-RAPIDS-MI/Program-Manager--Vendor-Payables---Global-Travel_JR114286-1,0,,,2026-09-18
2026-09-11,Acrisure,/job/100-Ottawa-Ave-Sw----GRAND-RAPIDS-MI/Project-Manager--Finance-Systems_JR112681,Workday Financials Project Manager,https://acrisure.wd1.myworkdayjobs.com/acrisure/job/100-Ottawa-Ave-Sw----GRAND-RAPIDS-MI/Project-Manager--Finance-Systems_JR112681,0,,,2026-09-18
2026-09-11,Acrisure,/job/100-Ottawa-Ave-Sw----GRAND-RAPIDS-MI/Senior-Analyst--Financial-Planning---Analysis_JR114136,"Senior Analyst, Financial Planning & Analysis",https://acrisure.wd1.myworkdayjobs.com/acrisure/job/100-Ottawa-Ave-Sw----GRAND-RAPIDS-MI/Senior-Analyst--Financial-Planning---Analysis_JR114136,0,,,2026-09-18
2026-09-11,Acrisure,/job/100-Ottawa-Ave-Sw----GRAND-RAPIDS-MI/Senior-Auditor_JR113405-1,Senior Auditor,https://acrisure.wd1.myworkdayjobs.com/acrisure/job/100-Ottawa-Ave-Sw----GRAND-RAPIDS-MI/Senior-Auditor_JR113405-1,0,,,2026-09-18
2026-09-11,Acrisure,/job/100-Ottawa-Ave-Sw----GRAND-RAPIDS-MI/Senior-Benefits-Specialist_JR114198,Senior Benefits Specialist,https://acrisure.wd1.myworkdayjobs.com/acrisure/job/100-Ottawa-Ave-Sw----GRAND-RAPIDS-MI/Senior-Benefits-Specialist_JR114198,0,,,2026-09-18
2026-09-11,Acrisure,/job/100-Ottawa-Ave-Sw----GRAND-RAPIDS-MI/Senior-Commissions-Analyst_JR114135-1,Senior Sales Compensation Analyst,https://acrisure.wd1.myworkdayjobs.com/acrisure/job/100-Ottawa-Ave-Sw----GRAND-RAPIDS-MI/Senior-Commissions-Analyst_JR114135-1,0,,,2026-09-18
2026-09-11,Acrisure,/job/100-Ottawa-Ave-Sw----GRAND-RAPIDS-MI/Senior-Employee-Relations-Partner_JR113898-1,Senior Employee Relations Investigations Partner,https://acrisure.wd1.myworkdayjobs.com/acrisure/job/100-Ottawa-Ave-Sw----GRAND-RAPIDS-MI/Senior-Employee-Relations-Partner_JR113898-1,0,,,2026-09-18
2026-09-11,Acrisure,/job/100-Ottawa-Ave-Sw----GRAND-RAPIDS-MI/Senior-Financial-Reporting-Accountant_JR114238,Senior Financial Reporting Accountant,https://acrisure.wd1.myworkdayjobs.com/acrisure/job/100-Ottawa-Ave-Sw----GRAND-RAPIDS-MI/Senior-Financial-Reporting-Accountant_JR114238,0,,,2026-09-18
2026-09-11,Acrisure,/job/100-Ottawa-Ave-Sw----GRAND-RAPIDS-MI/Senior-Manager--Financial-Planning---Analysis-Real-Estate-and-Cyber-Business_JR113738,"Senior Manager, Financial Planning & Analysis-Real Estate and Cyber Business",https://acrisure.wd1.myworkdayjobs.com/acrisure/job/100-Ottawa-Ave-Sw----GRAND-RAPIDS-MI/Senior-Manager--Financial-Planning---Analysis-Real-Estate-and-Cyber-Business_JR113738,0,,,2026-09-18
2026-09-11,Acrisure,/job/100-Ottawa-Ave-Sw----GRAND-RAPIDS-MI/Senior-Manager--Financial-Planning---Analysis_JR113721-1,"Senior Manager, Financial Planning & Analysis",https://acrisure.wd1.myworkdayjobs.com/acrisure/job/100-Ottawa-Ave-Sw----GRAND-RAPIDS-MI/Senior-Manager--Financial-Planning---Analysis_JR113721-1,0,,,2026-09-18
2026-09-11,Acrisure,/job/100-Ottawa-Ave-Sw----GRAND-RAPIDS-MI/Senior-Systems-Accountant---Workday-Finance_JR114237,Senior Systems Accountant - Workday Finance,https://acrisure.wd1.myworkdayjobs.com/acrisure/job/100-Ottawa-Ave-Sw----GRAND-RAPIDS-MI/Senior-Systems-Accountant---Workday-Finance_JR114237,0,,,2026-09-18
2026-09-11,Acrisure,/job/100-Ottawa-Ave-Sw----GRAND-RAPIDS-MI/Sr-Analyst---Workday-Integrations_JR113920,Sr. Analyst - Workday Integrations,https://acrisure.wd1.myworkdayjobs.com/acrisure/job/100-Ottawa-Ave-Sw----GRAND-RAPIDS-MI/Sr-Analyst---Workday-Integrations_JR113920,0,,,2026-09-18
2026-09-11,Acrisure,/job/100-Ottawa-Ave-Sw----GRAND-RAPIDS-MI/Sr-Manager--Application-Management_JR114288,"Sr. Manager, Application Management",https://acrisure.wd1.myworkdayjobs.com/acrisure/job/100-Ottawa-Ave-Sw----GRAND-RAPIDS-MI/Sr-Manager--Application-Management_JR114288,0,,,2026-09-18
2026-09-11,Acrisure,/job/100-Ottawa-Ave-Sw----GRAND-RAPIDS-MI/Sr-Manager--Social-Media_JR114074,"Sr. Manager, Social Media",https://acrisure.wd1.myworkdayjobs.com/acrisure/job/100-Ottawa-Ave-Sw----GRAND-RAPIDS-MI/Sr-Manager--Social-Media_JR114074,0,,,2026-09-18
2026-09-11,Acrisure,/job/100-Ottawa-Ave-Sw----GRAND-RAPIDS-MI/Workday-Finance-Accounting-Systems-Manager_JR114109,Workday Finance-Accounting Systems Manager,https://acrisure.wd1.myworkdayjobs.com/acrisure/job/100-Ottawa-Ave-Sw----GRAND-RAPIDS-MI/Workday-Finance-Accounting-Systems-Manager_JR114109,0,,,2026-09-18
2026-09-11,Acrisure,/job/100-Ottawa-Ave-Sw----GRAND-RAPIDS-MI/Workday-HRIS-Analyst_JR114317,Workday HRIS Analyst,https://acrisure.wd1.myworkdayjobs.com/acrisure/job/100-Ottawa-Ave-Sw----GRAND-RAPIDS-MI/Workday-HRIS-Analyst_JR114317,0,,,2026-09-18
2026-09-11,Acrisure,/job/100-Stony-Point-Rd-Ste-160---SANTA-ROSA-CA/Senior-Commercial-Lines-Account-Manager_JR114106,Senior Commercial Lines Account Manager,https://acrisure.wd1.myworkdayjobs.com/acrisure/job/100-Stony-Point-Rd-Ste-160---SANTA-ROSA-CA/Senior-Commercial-Lines-Account-Manager_JR114106,0,,,2026-09-18
2026-09-11,Acrisure,/job/1007-W-Huron-St----WATERFORD-MI/Client-Advisor_JR112215,Personal Lines High Net Worth Client Advisor,https://acrisure.wd1.myworkdayjobs.com/acrisure/job/1007-W-Huron-St----WATERFORD-MI/Client-Advisor_JR112215,0,,,2026-09-18
2026-09-11,Acrisure,/job/1007-W-Huron-St----WATERFORD-MI/Commercial-Lines-Account-Manager_JR114203-1,Commercial Lines Account Manager,https://acrisure.wd1.myworkdayjobs.com/acrisure/job/1007-W-Huron-St----WATERFORD-MI/Commercial-Lines-Account-Manager_JR114203-1,0,,,2026-09-18
2026-09-11,Acrisure,/job/1019-W-Jackson-St----MUNCIE-IN/Senior-Commercial-Lines-Account-Manager_JR114291,Senior Commercial Lines Account Manager,https://acrisure.wd1.myworkdayjobs.com/acrisure/job/1019-W-Jackson-St----MUNCIE-IN/Senior-Commercial-Lines-Account-Manager_JR114291,0,,,2026-09-18
2026-09-11,Acrisure,/job/103-Dean-A-Mcgee-Ave-Ste-700----OKLAHOMA-CITY-OK/XMLNAME--Commercial-Insurance-Client-Advisor_JR113594, Commercial Insurance Client Advisor,https://acrisure.wd1.myworkdayjobs.com/acrisure/job/103-Dean-A-Mcgee-Ave-Ste-700----OKLAHOMA-CITY-OK/XMLNAME--Commercial-Insurance-Client-Advisor_JR113594,11,,,2026-09-18
2026-09-11,Acrisure,/job/111-S-Wood-Ave-Ste-400--430---ISELIN-NJ/Employee-Benefits-Account-Executive--Public-Entity_JR114174,"Employee Benefits Account Executive, Public Entity",https://acrisure.wd1.myworkdayjobs.com/acrisure/job/111-S-Wood-Ave-Ste-400--430---ISELIN-NJ/Employee-Benefits-Account-Executive--Public-Entity_JR114174,20,,,2026-09-18
2026-09-11,Acrisure,/job/1136-Jackson-Blvd-Ste-1----RAPID-CITY-SD/Employee-Benefits-Account-Manager_JR114003,Employee Benefits Account Manager,https://acrisure.wd1.myworkdayjobs.com/acrisure/job/1136-Jackson-Blvd-Ste-1----RAPID-CITY-SD/Employee-Benefits-Account-Manager_JR114003,0,,,2026-09-18
2026-09-11,Acrisure,/job/1170-Peachtree-St-Ste-1200----ATLANTA-GA/Director--Security-Operations_JR114084,"Director, Security Operations",https://acrisure.wd1.myworkdayjobs.com/acrisure/job/1170-Peachtree-St-Ste-1200----ATLANTA-GA/Director--Security-Operations_JR114084,0,,,2026-09-18
2026-09-11,Acrisure,/job/1170-Peachtree-St-Ste-1200----ATLANTA-GA/Security-Incident-Response-Engineer_JR114072,Security Incident Response Engineer,https://acrisure.wd1.myworkdayjobs.com/acrisure/job/1170-Peachtree-St-Ste-1200----ATLANTA-GA/Security-Incident-Response-Engineer_JR114072,36,,,2026-09-18
2026-09-11,Acrisure,/job/1200-Macarthur-Blvd--Suite-105----MAHWAH-NJ/Client-Advisor--Commercial-Lines_JR113883,Client Advisor--Commercial Lines,https://acrisure.wd1.myworkdayjobs.com/acrisure/job/1200-Macarthur-Blvd--Suite-105----MAHWAH-NJ/Client-Advisor--Commercial-Lines_JR113883,46,,,2026-09-18
2026-09-11,Acrisure,/job/1200-Macarthur-Blvd--Suite-105----MAHWAH-NJ/Construction-Client-Advisor_JR112701,Construction Client Advisor,https://acrisure.wd1.myworkdayjobs.com/acrisure/job/1200-Macarthur-Blvd--Suite-105----MAHWAH-NJ/Construction-Client-Advisor_JR112701,46,,,2026-09-18
2026-09-11,Acrisure,/job/1200-Macarthur-Blvd--Suite-105----MAHWAH-NJ/Placement-Specialist_JR113979,Placement Specialist,https://acrisure.wd1.myworkdayjobs.com/acrisure/job/1200-Macarthur-Blvd--Suite-105----MAHWAH-NJ/Placement-Specialist_JR113979,20,,,2026-09-18
2026-09-11,Acrisure,/job/1201-Town-Park-Lane----EVANS-GA/Client-Advisor_JR110814,Employee Benefits Client Advisor,https://acrisure.wd1.myworkdayjobs.com/acrisure/job/1201-Town-Park-Lane----EVANS-GA/Client-Advisor_JR110814,26,,,2026-09-18
2026-09-11,Acrisure,/job/1211-3Rd-St-North----JACKSONVILLE-BEACH-FL/Commercial-Lines-Senior-Account-Manager_JR113947,Senior Commercial Lines Account Manager,https://acrisure.wd1.myworkdayjobs.com/acrisure/job/1211-3Rd-St-North----JACKSONVILLE-BEACH-FL/Commercial-Lines-Senior-Account-Manager_JR113947,0,,,2026-09-18
2026-09-11,Acrisure,/job/1211-3Rd-St-North----JACKSONVILLE-BEACH-FL/Senior-Account-Manager-Commercial-Lines_JR114278,Account Manager Commercial Lines,https://acrisure.wd1.myworkdayjobs.com/acrisure/job/1211-3Rd-St-North----JACKSONVILLE-BEACH-FL/Senior-Account-Manager-Commercial-Lines_JR114278,0,,,2026-09-18
2026-09-11,Acrisure,/job/1265-Drummers-Lane---WAYNE-PA/Account-Executive_JR114305,Account Executive,https://acrisure.wd1.myworkdayjobs.com/acrisure/job/1265-Drummers-Lane---WAYNE-PA/Account-Executive_JR114305,0,,,2026-09-18
2026-09-11,Acrisure,/job/1265-Drummers-Lane---WAYNE-PA/Client-Advisor_JR113449,Client Advisor,https://acrisure.wd1.myworkdayjobs.com/acrisure/job/1265-Drummers-Lane---WAYNE-PA/Client-Advisor_JR113449,26,,,2026-09-18
2026-09-11,Acrisure,/job/1265-Drummers-Lane---WAYNE-PA/Commercial-Insurance-Enterprise-Account-Executive_JR114265,Commercial Insurance Enterprise Account Executive,https://acrisure.wd1.myworkdayjobs.com/acrisure/job/1265-Drummers-Lane---WAYNE-PA/Commercial-Insurance-Enterprise-Account-Executive_JR114265,26,,,2026-09-18
2026-09-11,Acrisure,/job/1265-Drummers-Lane---WAYNE-PA/Commercial-Lines-Account-Executive_JR113880,Commercial Lines Account Executive,https://acrisure.wd1.myworkdayjobs.com/acrisure/job/1265-Drummers-Lane---WAYNE-PA/Commercial-Lines-Account-Executive_JR113880,11,,,2026-09-18
2026-09-11,Acrisure,/job/1265-Drummers-Lane---WAYNE-PA/Senior-Account-Manager---Real-Estate_JR112197,Senior Commercial Lines Account Manager,https://acrisure.wd1.myworkdayjobs.com/acrisure/job/1265-Drummers-Lane---WAYNE-PA/Senior-Account-Manager---Real-Estate_JR112197,0,,,2026-09-18
2026-09-11,Acrisure,/job/1301-6th-Ave-W---BRADENTON-FL/Subrogation-Specialist_JR113704,Subrogation Specialist,https://acrisure.wd1.myworkdayjobs.com/acrisure/job/1301-6th-Ave-W---BRADENTON-FL/Subrogation-Specialist_JR113704,15,,,2026-09-18
2026-09-11,Acrisure,/job/1301-6th-Ave-W---BRADENTON-FL/Utilization-Review-Nurse_JR114100,Utilization Review Nurse,https://acrisure.wd1.myworkdayjobs.com/acrisure/job/1301-6th-Ave-W---BRADENTON-FL/Utilization-Review-Nurse_JR114100,15,,,2026-09-18
2026-09-11,Acrisure,/job/1317-Citizens-Blvd----LEESBURG-FL/Account-Manager--Commercial-Lines_JR114148,"Account Manager, Commercial Lines",https://acrisure.wd1.myworkdayjobs.com/acrisure/job/1317-Citizens-Blvd----LEESBURG-FL/Account-Manager--Commercial-Lines_JR114148,0,,,2026-09-18
2026-09-11,Acrisure,/job/1350-Treat-Boulevard-Ste-100---WALNUT-CREEK-CA/Placement-Specialist--CL-Large-Mid-Market_JR113814,Placement Specialist - Commercial Lines--Large/Mid-Market,https://acrisure.wd1.myworkdayjobs.com/acrisure/job/1350-Treat-Boulevard-Ste-100---WALNUT-CREEK-CA/Placement-Specialist--CL-Large-Mid-Market_JR113814,0,,,2026-09-18
2026-09-11,Acrisure,/job/1350-Treat-Boulevard-Ste-100---WALNUT-CREEK-CA/Sr-Placement-Specialist---CL-Large-Mid-Market_JR113817,Placement Specialist - CL Large/Mid Market,https://acrisure.wd1.myworkdayjobs.com/acrisure/job/1350-Treat-Boulevard-Ste-100---WALNUT-CREEK-CA/Sr-Placement-Specialist---CL-Large-Mid-Market_JR113817,26,,,2026-09-18
2026-09-11,Acrisure,/job/1350-Treat-Boulevard-Ste-100---WALNUT-CREEK-CA/Sr-Placement-Specialist---CL-Large-Middle-Market_JR113815,Placement Specialist - CL Large/Middle Market,https://acrisure.wd1.myworkdayjobs.com/acrisure/job/1350-Treat-Boulevard-Ste-100---WALNUT-CREEK-CA/Sr-Placement-Specialist---CL-Large-Middle-Market_JR113815,26,,,2026-09-18
2026-09-11,Acrisure,/job/140-Monroe-Center-St-Nw----GRAND-RAPIDS-MI/Client-Advisor-Commercial-Enterprise_JR111506,Enterprise Commercial Lines Client Advisor,https://acrisure.wd1.myworkdayjobs.com/acrisure/job/140-Monroe-Center-St-Nw----GRAND-RAPIDS-MI/Client-Advisor-Commercial-Enterprise_JR111506,26,,,2026-09-18
2026-09-11,Acrisure,/job/140-Monroe-Center-St-Nw----GRAND-RAPIDS-MI/Client-Advisor-Employee-Benefits-Enterprise_JR111501,Enterprise Employee Benefits Client Advisor,https://acrisure.wd1.myworkdayjobs.com/acrisure/job/140-Monroe-Center-St-Nw----GRAND-RAPIDS-MI/Client-Advisor-Employee-Benefits-Enterprise_JR111501,26,,,2026-09-18
2026-09-11,Acrisure,/job/15050-Nw-79Th-Court-Suite-200----MIAMI-LAKES-FL/Sr-Surety-Account-Manager_JR113859,Sr. Surety Account Manager,https://acrisure.wd1.myworkdayjobs.com/acrisure/job/15050-Nw-79Th-Court-Suite-200----MIAMI-LAKES-FL/Sr-Surety-Account-Manager_JR113859,0,,,2026-09-18
2026-09-11,Acrisure,/job/15050-Nw-79Th-Court-Suite-200----MIAMI-LAKES-FL/Surety-Associate-Account-Manager_JR113582-1,Associate Account Manager,https://acrisure.wd1.myworkdayjobs.com/acrisure/job/15050-Nw-79Th-Court-Suite-200----MIAMI-LAKES-FL/Surety-Associate-Account-Manager_JR113582-1,0,,,2026-09-18
2026-09-11,Acrisure,/job/15050-Nw-79Th-Court-Suite-200----MIAMI-LAKES-FL/Surety-Bond-Account-Manager_JR113583,Surety Bond Account Manager,https://acrisure.wd1.myworkdayjobs.com/acrisure/job/15050-Nw-79Th-Court-Suite-200----MIAMI-LAKES-FL/Surety-Bond-Account-Manager_JR113583,0,,,2026-09-18
2026-09-11,Acrisure,/job/15280-NW-79Th-Ct-Suite-103---MIAMI-LAKES-FL/Bilingual-Broker-Support-Specialist_JR113957,Bilingual Broker Support Specialist,https://acrisure.wd1.myworkdayjobs.com/acrisure/job/15280-NW-79Th-Ct-Suite-103---MIAMI-LAKES-FL/Bilingual-Broker-Support-Specialist_JR113957,15,,,2026-09-18
2026-09-11,Acrisure,/job/15280-NW-79Th-Ct-Suite-103---MIAMI-LAKES-FL/Managing-Client-Advisor_JR114112-1,Managing Client Advisor,https://acrisure.wd1.myworkdayjobs.com/acrisure/job/15280-NW-79Th-Ct-Suite-103---MIAMI-LAKES-FL/Managing-Client-Advisor_JR114112-1,15,,,2026-09-18
2026-09-11,Acrisure,/job/1530-Rax-Court----JEFFERSON-CITY-MO/Employee-Benefits-Account-Manager_JR114306,Employee Benefits Account Manager,https://acrisure.wd1.myworkdayjobs.com/acrisure/job/1530-Rax-Court----JEFFERSON-CITY-MO/Employee-Benefits-Account-Manager_JR114306,0,,,2026-09-18
2026-09-11,Acrisure,/job/1530-Rax-Court----JEFFERSON-CITY-MO/Employee-Beneifits-Operations-Director_JR114197,Employee Benefits Operations Director,https://acrisure.wd1.myworkdayjobs.com/acrisure/job/1530-Rax-Court----JEFFERSON-CITY-MO/Employee-Beneifits-Operations-Director_JR114197,0,,,2026-09-18
2026-09-11,Acrisure,/job/1550-W-Fremont-St----STOCKTON-CA/Underwriting-Assistant_JR114066,Underwriting Assistant,https://acrisure.wd1.myworkdayjobs.com/acrisure/job/1550-W-Fremont-St----STOCKTON-CA/Underwriting-Assistant_JR114066,15,,,2026-09-18
2026-09-11,Acrisure,/job/163-Main-St----NORTH-ANDOVER-MA/Construction-Client-Advisor_JR113481,Construction Client Advisor,https://acrisure.wd1.myworkdayjobs.com/acrisure/job/163-Main-St----NORTH-ANDOVER-MA/Construction-Client-Advisor_JR113481,26,,,2026-09-18
2026-09-11,Acrisure,/job/16610-Dallas-Pkwy-Ste-1600-----DALLAS-TX/Employee-Benefits-Sr-Account-Executive_JR114207,Employee Benefits Sr. Account Executive,https://acrisure.wd1.myworkdayjobs.com/acrisure/job/16610-Dallas-Pkwy-Ste-1600-----DALLAS-TX/Employee-Benefits-Sr-Account-Executive_JR114207,0,,,2026-09-18
2026-09-11,Acrisure,/job/16805-W-Cleveland-Ave----NEW-BERLIN-WI/Benefits-Account-Manager_JR112679,Benefits Account Manager,https://acrisure.wd1.myworkdayjobs.com/acrisure/job/16805-W-Cleveland-Ave----NEW-BERLIN-WI/Benefits-Account-Manager_JR112679,0,,,2026-09-18
2026-09-11,Acrisure,/job/16805-W-Cleveland-Ave----NEW-BERLIN-WI/Sr-Transportation-Claims-Consultant_JR114138,Sr. Transportation Claims Consultant,https://acrisure.wd1.myworkdayjobs.com/acrisure/job/16805-W-Cleveland-Ave----NEW-BERLIN-WI/Sr-Transportation-Claims-Consultant_JR114138,0,,,2026-09-18
2026-09-11,Acrisure,/job/1801-South-Australian-Ave-Ste-201---WEST-PALM-BEACH-FL/Associate-Client-Advisor_JR113467,Associate Client Advisor,https://acrisure.wd1.myworkdayjobs.com/acrisure/job/1801-South-Australian-Ave-Ste-201---WEST-PALM-BEACH-FL/Associate-Client-Advisor_JR113467,36,,,2026-09-18
2026-09-11,Acrisure,/job/1810-E-Main----ALICE-TX/Senior-Comercial-Account-Manager_JR114202,Comercial Account Manager,https://acrisure.wd1.myworkdayjobs.com/acrisure/job/1810-E-Main----ALICE-TX/Senior-Comercial-Account-Manager_JR114202,0,,,2026-09-18
2026-09-11,Acrisure,/job/19401-40Th-Ave-W-Ste-440----LYNNWOOD-WA/Employee-Benefits-Account-Manager_JR114145,Employee Benefits Account Manager,https://acrisure.wd1.myworkdayjobs.com/acrisure/job/19401-40Th-Ave-W-Ste-440----LYNNWOOD-WA/Employee-Benefits-Account-Manager_JR114145,0,,,2026-09-18
2026-09-11,Acrisure,/job/2002-North-Lois-Avenue-Suite-700---TAMPA-FL/Commercial-Lines-Placement-Specialist_JR114224,Commercial Lines Placement Specialist,https://acrisure.wd1.myworkdayjobs.com/acrisure/job/2002-North-Lois-Avenue-Suite-700---TAMPA-FL/Commercial-Lines-Placement-Specialist_JR114224,0,,,2026-09-18
2026-09-11,Acrisure,/job/2002-North-Lois-Avenue-Suite-700---TAMPA-FL/Enterprise-Account-Executive_JR112623,Commercial Lines Account Executive,https://acrisure.wd1.myworkdayjobs.com/acrisure/job/2002-North-Lois-Avenue-Suite-700---TAMPA-FL/Enterprise-Account-Executive_JR112623,26,,,2026-09-18
2026-09-11,Acrisure,/job/21-Georgia-Ave---SUMMERVILLE-GA/Medical-Only-Adjuster--Georgia-_JR114086,Medical Only Adjuster (Georgia),https://acrisure.wd1.myworkdayjobs.com/acrisure/job/21-Georgia-Ave---SUMMERVILLE-GA/Medical-Only-Adjuster--Georgia-_JR114086,15,,,2026-09-18
2026-09-11,Acrisure,/job/2115-W-8th-St-Erie-PA-16505/Client-Advisor_JR113447,Client Advisor,https://acrisure.wd1.myworkdayjobs.com/acrisure/job/2115-W-8th-St-Erie-PA-16505/Client-Advisor_JR113447,26,,,2026-09-18
2026-09-11,Acrisure,/job/220-Congress-Park-Drive-DELRAY-BEACH-FL/Personal-Lines-Client-Advisor_JR114039,Personal Lines Client Advisor,https://acrisure.wd1.myworkdayjobs.com/acrisure/job/220-Congress-Park-Drive-DELRAY-BEACH-FL/Personal-Lines-Client-Advisor_JR114039,26,,,2026-09-18
2026-09-11,Acrisure,/job/220-Congress-Park-Drive-DELRAY-BEACH-FL/Personal-Lines-Client-Advisor_JR114041,Personal Lines Client Advisor,https://acrisure.wd1.myworkdayjobs.com/acrisure/job/220-Congress-Park-Drive-DELRAY-BEACH-FL/Personal-Lines-Client-Advisor_JR114041,26,,,2026-09-18
2026-09-11,Acrisure,/job/2340-Detroit-Ave-Ste-3----MAUMEE-OH/Employee-Benefits-Account-Executive_JR114226,Employee Benefits Account Executive,https://acrisure.wd1.myworkdayjobs.com/acrisure/job/2340-Detroit-Ave-Ste-3----MAUMEE-OH/Employee-Benefits-Account-Executive_JR114226,11,,,2026-09-18
2026-09-11,Acrisure,/job/2385-Northside-Drive-Ste-200-San-Diego-CA/Administrative-Assistant_JR114327,Administrative Assistant,https://acrisure.wd1.myworkdayjobs.com/acrisure/job/2385-Northside-Drive-Ste-200-San-Diego-CA/Administrative-Assistant_JR114327,15,,,2026-09-18
2026-09-11,Acrisure,/job/3-Sylvan-Way---PARSIPPANY-NJ/Employee-Benefits-Account-Manager_JR114304,Employee Benefits Account Manager,https://acrisure.wd1.myworkdayjobs.com/acrisure/job/3-Sylvan-Way---PARSIPPANY-NJ/Employee-Benefits-Account-Manager_JR114304,0,,,2026-09-18
2026-09-11,Acrisure,/job/3-Sylvan-Way---PARSIPPANY-NJ/Senior-Employee-Benefits-Account-Manager_JR114293,Senior Employee Benefits Account Manager,https://acrisure.wd1.myworkdayjobs.com/acrisure/job/3-Sylvan-Way---PARSIPPANY-NJ/Senior-Employee-Benefits-Account-Manager_JR114293,0,,,2026-09-18
2026-09-11,Acrisure,/job/3-Sylvan-Way---PARSIPPANY-NJ/Senior-Employee-Benefits-Account-Manager_JR114295,Senior Employee Benefits Account Manager,https://acrisure.wd1.myworkdayjobs.com/acrisure/job/3-Sylvan-Way---PARSIPPANY-NJ/Senior-Employee-Benefits-Account-Manager_JR114295,0,,,2026-09-18
2026-09-11,Acrisure,/job/300-Linden-Oaks-Suite-210-1st-Floor---ROCHESTER-NY/Billing---Operations-Specialist_JR114274,Billing & Operations Specialist,https://acrisure.wd1.myworkdayjobs.com/acrisure/job/300-Linden-Oaks-Suite-210-1st-Floor---ROCHESTER-NY/Billing---Operations-Specialist_JR114274,46,,,2026-09-18
2026-09-11,Acrisure,/job/300-Northern-Blvd-Ste-200---GREAT-NECK-NY/Accounting-Manager_JR113783,Accounting Manager,https://acrisure.wd1.myworkdayjobs.com/acrisure/job/300-Northern-Blvd-Ste-200---GREAT-NECK-NY/Accounting-Manager_JR113783,0,,,2026-09-18
2026-09-11,Acrisure,/job/300-South-Front-Street----MARQUETTE-MI/Patient-Advocate---Claims_JR114290,Patient Advocate - Claims,https://acrisure.wd1.myworkdayjobs.com/acrisure/job/300-South-Front-Street----MARQUETTE-MI/Patient-Advocate---Claims_JR114290,15,,,2026-09-18
2026-09-11,Acrisure,/job/300-South-Front-Street----MARQUETTE-MI/Senior-Commercial-Lines-Account-Manager_JR113934,Commercial Lines Account Manager,https://acrisure.wd1.myworkdayjobs.com/acrisure/job/300-South-Front-Street----MARQUETTE-MI/Senior-Commercial-Lines-Account-Manager_JR113934,0,,,2026-09-18
2026-09-11,Acrisure,/job/3155-Olsen-Dr-Ste-400---SAN-JOSE-CA/Employee-Benefits-Associate-Account-Manager_JR114282,Employee Benefits Associate Account Manager,https://acrisure.wd1.myworkdayjobs.com/acrisure/job/3155-Olsen-Dr-Ste-400---SAN-JOSE-CA/Employee-Benefits-Associate-Account-Manager_JR114282,0,,,2026-09-18
2026-09-11,Acrisure,/job/3155-Olsen-Dr-Ste-400---SAN-JOSE-CA/National-Leader--High-Net-Worth-Personal-Lines_JR113956,"National Leader, High-Net-Worth Personal Lines",https://acrisure.wd1.myworkdayjobs.com/acrisure/job/3155-Olsen-Dr-Ste-400---SAN-JOSE-CA/National-Leader--High-Net-Worth-Personal-Lines_JR113956,46,,,2026-09-18
2026-09-11,Acrisure,/job/333-Earle-Ovington-Blvd---Uniondale-NY/Senior-Personal-Lines-High-Net-Worth-Account-Executive_JR114310,Senior Personal Lines High Net Worth Account Executive,https://acrisure.wd1.myworkdayjobs.com/acrisure/job/333-Earle-Ovington-Blvd---Uniondale-NY/Senior-Personal-Lines-High-Net-Worth-Account-Executive_JR114310,0,,,2026-09-18
2026-09-11,Acrisure,/job/333-Earle-Ovington-Blvd---Uniondale-NY/Surety-Account-Manager_JR113653,Surety Account Manager,https://acrisure.wd1.myworkdayjobs.com/acrisure/job/333-Earle-Ovington-Blvd---Uniondale-NY/Surety-Account-Manager_JR113653,0,,,2026-09-18
2026-09-11,Acrisure,/job/3350-Riverwood-Pkwy-Se-Ste-600----ATLANTA-GA/Employee-Benefits-Consultant_JR112790,Employee Benefits Consultant,https://acrisure.wd1.myworkdayjobs.com/acrisure/job/3350-Riverwood-Pkwy-Se-Ste-600----ATLANTA-GA/Employee-Benefits-Consultant_JR112790,11,,,2026-09-18
2026-09-11,Acrisure,/job/3737-Park-East-Dr-Ste-204----BEACHWOOD-OH/Commercial-Lines-Client-Advisor_JR110936,Commercial Lines Client Advisor,https://acrisure.wd1.myworkdayjobs.com/acrisure/job/3737-Park-East-Dr-Ste-204----BEACHWOOD-OH/Commercial-Lines-Client-Advisor_JR110936,26,,,2026-09-18
2026-09-11,Acrisure,/job/3737-Park-East-Dr-Ste-204----BEACHWOOD-OH/Personal-Lines-Senior-Account-Manager_JR114141,Personal Lines Senior Account Manager,https://acrisure.wd1.myworkdayjobs.com/acrisure/job/3737-Park-East-Dr-Ste-204----BEACHWOOD-OH/Personal-Lines-Senior-Account-Manager_JR114141,0,,,2026-09-18
2026-09-11,Acrisure,/job/40-Leadenhall-Street---LONDON-UK/Data-Analyst--Tech-Insurance-Operations-_JR113590,Data Analyst (Tech Insurance Operations),https://acrisure.wd1.myworkdayjobs.com/acrisure/job/40-Leadenhall-Street---LONDON-UK/Data-Analyst--Tech-Insurance-Operations-_JR113590,26,,,2026-09-18
2026-09-11,Acrisure,/job/40-Leadenhall-Street---LONDON-UK/Executive-Assistant_JR114056,Executive Assistant,https://acrisure.wd1.myworkdayjobs.com/acrisure/job/40-Leadenhall-Street---LONDON-UK/Executive-Assistant_JR114056,15,,,2026-09-18
2026-09-11,Acrisure,/job/40-Leadenhall-Street---LONDON-UK/Indirect-Tax-Senior-Manager_JR113733-1,Indirect Tax Senior Manager,https://acrisure.wd1.myworkdayjobs.com/acrisure/job/40-Leadenhall-Street---LONDON-UK/Indirect-Tax-Senior-Manager_JR113733-1,0,,,2026-09-18
2026-09-11,Acrisure,/job/40-Leadenhall-Street---LONDON-UK/Internal-Governance-Analyst_JR114249,Internal Governance Analyst,https://acrisure.wd1.myworkdayjobs.com/acrisure/job/40-Leadenhall-Street---LONDON-UK/Internal-Governance-Analyst_JR114249,15,,,2026-09-18
2026-09-11,Acrisure,/job/401-N-Michigan-Ave-Ste-2400---CHICAGO-IL/Sr-Director--Digital-Experience---AI_JR114054,"Sr. Director, Digital Experience & AI",https://acrisure.wd1.myworkdayjobs.com/acrisure/job/401-N-Michigan-Ave-Ste-2400---CHICAGO-IL/Sr-Director--Digital-Experience---AI_JR114054,0,,,2026-09-18
2026-09-11,Acrisure,/job/401-N-Michigan-Ave-Ste-2400---CHICAGO-IL/US-Indirect-Tax-Manager_JR114212,US Indirect Tax Manager,https://acrisure.wd1.myworkdayjobs.com/acrisure/job/401-N-Michigan-Ave-Ste-2400---CHICAGO-IL/US-Indirect-Tax-Manager_JR114212,0,,,2026-09-18
2026-09-11,Acrisure,/job/40960-California-Oaks-Rd-132---MURIETTA-CA/Sr-Lost-Time-Adjuster_JR113728-1,Senior Workers Compensation Claims Examiner,https://acrisure.wd1.myworkdayjobs.com/acrisure/job/40960-California-Oaks-Rd-132---MURIETTA-CA/Sr-Lost-Time-Adjuster_JR113728-1,0,,,2026-09-18
2026-09-11,Acrisure,/job/4100-Goodlette-Rd-N----NAPLES-FL/Client-Advisor_JR112795,Commercial Insurance Client Advisor,https://acrisure.wd1.myworkdayjobs.com/acrisure/job/4100-Goodlette-Rd-N----NAPLES-FL/Client-Advisor_JR112795,26,,,2026-09-18
2026-09-11,Acrisure,/job/4100-Goodlette-Rd-N----NAPLES-FL/High-Net-Worth-Account-Executive_JR114150,High Net Worth Account Executive,https://acrisure.wd1.myworkdayjobs.com/acrisure/job/4100-Goodlette-Rd-N----NAPLES-FL/High-Net-Worth-Account-Executive_JR114150,0,,,2026-09-18
2026-09-11,Acrisure,/job/421-Johnnie-Dodds-Blvd-Ste-200----MOUNT-PLEASANT-SC/Account-Manager_JR113851,Commercial Lines Account Manager,https://acrisure.wd1.myworkdayjobs.com/acrisure/job/421-Johnnie-Dodds-Blvd-Ste-200----MOUNT-PLEASANT-SC/Account-Manager_JR113851,0,,,2026-09-18
2026-09-11,Acrisure,/job/421-Johnnie-Dodds-Blvd-Ste-200----MOUNT-PLEASANT-SC/Employee-Benefits-Client-Advisor_JR113714,Employee Benefits Client Advisor,https://acrisure.wd1.myworkdayjobs.com/acrisure/job/421-Johnnie-Dodds-Blvd-Ste-200----MOUNT-PLEASANT-SC/Employee-Benefits-Client-Advisor_JR113714,11,,,2026-09-18
2026-09-11,Acrisure,/job/428-N-E-17th-Way-Fort-Lauderdale-FL-33301/Commercial-Insurance-Client-Advisor_JR110952,Commercial Insurance Client Advisor,https://acrisure.wd1.myworkdayjobs.com/acrisure/job/428-N-E-17th-Way-Fort-Lauderdale-FL-33301/Commercial-Insurance-Client-Advisor_JR110952,26,,,2026-09-18
2026-09-11,Acrisure,/job/4375-Pineview-Blvd-Ste-100---Walled-Lake-Michigan/Commercial-Placement-Specialist_JR114262,Commercial Placement Specialist,https://acrisure.wd1.myworkdayjobs.com/acrisure/job/4375-Pineview-Blvd-Ste-100---Walled-Lake-Michigan/Commercial-Placement-Specialist_JR114262,0,,,2026-09-18
2026-09-11,Acrisure,/job/4375-Pineview-Blvd-Ste-100---Walled-Lake-Michigan/Personal-Lines-Account-Manager_JR114283,Personal Lines Account Manager,https://acrisure.wd1.myworkdayjobs.com/acrisure/job/4375-Pineview-Blvd-Ste-100---Walled-Lake-Michigan/Personal-Lines-Account-Manager_JR114283,0,,,2026-09-18
2026-09-11,Acrisure,/job/462-Shelburne-Rd-Ste-201-202--301---BURLINGTON-VT/Employee-Benefits-Account-Manager_JR114296,Employee Benefits Account Manager,https://acrisure.wd1.myworkdayjobs.com/acrisure/job/462-Shelburne-Rd-Ste-201-202--301---BURLINGTON-VT/Employee-Benefits-Account-Manager_JR114296,0,,,2026-09-18
2026-09-11,Acrisure,/job/462-Shelburne-Rd-Ste-201-202--301---BURLINGTON-VT/Employee-Benefits-Account-Manager_JR114303,Employee Benefits Account Manager,https://acrisure.wd1.myworkdayjobs.com/acrisure/job/462-Shelburne-Rd-Ste-201-202--301---BURLINGTON-VT/Employee-Benefits-Account-Manager_JR114303,0,,,2026-09-18
2026-09-11,Acrisure,/job/4808-Broadmoor-Ave-Se----KENTWOOD-MI/Commercial-Lines-Account-Manager_JR114208-1,Commercial Lines Account Manager,https://acrisure.wd1.myworkdayjobs.com/acrisure/job/4808-Broadmoor-Ave-Se----KENTWOOD-MI/Commercial-Lines-Account-Manager_JR114208-1,0,,,2026-09-18
2026-09-11,Acrisure,/job/500-N-Water-St-Ste-900----CORPUS-CHRISTI-TX/Client-Advisor_JR112059,Commercial Insurance Client Advisor,https://acrisure.wd1.myworkdayjobs.com/acrisure/job/500-N-Water-St-Ste-900----CORPUS-CHRISTI-TX/Client-Advisor_JR112059,26,,,2026-09-18
2026-09-11,Acrisure,/job/500-N-Water-St-Ste-900----CORPUS-CHRISTI-TX/Employee-Benefits-Operations-Manager_JR114009,Employee Benefits Operations Manager,https://acrisure.wd1.myworkdayjobs.com/acrisure/job/500-N-Water-St-Ste-900----CORPUS-CHRISTI-TX/Employee-Benefits-Operations-Manager_JR114009,0,,,2026-09-18
2026-09-11,Acrisure,/job/500-N-Water-St-Ste-900----CORPUS-CHRISTI-TX/Senior-Account-Manager--Commercial-Lines_JR114279,Commercial Account Manager,https://acrisure.wd1.myworkdayjobs.com/acrisure/job/500-N-Water-St-Ste-900----CORPUS-CHRISTI-TX/Senior-Account-Manager--Commercial-Lines_JR114279,0,,,2026-09-18
2026-09-11,Acrisure,/job/500-N-Water-St-Ste-900----CORPUS-CHRISTI-TX/Senior-Commercial-Lines-Client-Advisor_JR113354,Senior Commercial Insurance Client Advisor,https://acrisure.wd1.myworkdayjobs.com/acrisure/job/500-N-Water-St-Ste-900----CORPUS-CHRISTI-TX/Senior-Commercial-Lines-Client-Advisor_JR113354,0,,,2026-09-18
2026-09-11,Acrisure,/job/5057-Keller-Springs-Rd-Suite-200--225---ADDISON-TX/Surety-Account-Executive_JR113719,Surety Account Executive,https://acrisure.wd1.myworkdayjobs.com/acrisure/job/5057-Keller-Springs-Rd-Suite-200--225---ADDISON-TX/Surety-Account-Executive_JR113719,0,,,2026-09-18
2026-09-11,Acrisure,/job/5057-Keller-Springs-Road----ADDISON-TX/Commercial-Lines-Account-Manager_JR113425-1,Commercial Lines Account Manager,https://acrisure.wd1.myworkdayjobs.com/acrisure/job/5057-Keller-Springs-Road----ADDISON-TX/Commercial-Lines-Account-Manager_JR113425-1,0,,,2026-09-18
2026-09-11,Acrisure,/job/5057-Keller-Springs-Road----ADDISON-TX/Commercial-Lines-Placement-Specialist_JR113259,Commercial Lines Placement Specialist,https://acrisure.wd1.myworkdayjobs.com/acrisure/job/5057-Keller-Springs-Road----ADDISON-TX/Commercial-Lines-Placement-Specialist_JR113259,0,,,2026-09-18
2026-09-11,Acrisure,/job/5057-Keller-Springs-Road----ADDISON-TX/Commercial-Transportation-Insurance-Operations-Manager_JR114215,Commercial Transportation Insurance Operations Manager,https://acrisure.wd1.myworkdayjobs.com/acrisure/job/5057-Keller-Springs-Road----ADDISON-TX/Commercial-Transportation-Insurance-Operations-Manager_JR114215,0,,,2026-09-18
2026-09-11,Acrisure,/job/5057-Keller-Springs-Road----ADDISON-TX/Placement-Specialist_JR113891,Placement Specialist,https://acrisure.wd1.myworkdayjobs.com/acrisure/job/5057-Keller-Springs-Road----ADDISON-TX/Placement-Specialist_JR113891,0,,,2026-09-18
2026-09-11,Acrisure,/job/5057-Keller-Springs-Road----ADDISON-TX/Surety-Client-Advisor_JR112020,Surety Client Advisor,https://acrisure.wd1.myworkdayjobs.com/acrisure/job/5057-Keller-Springs-Road----ADDISON-TX/Surety-Client-Advisor_JR112020,26,,,2026-09-18
2026-09-11,Acrisure,/job/540-Mill-St----BELLEVILLE-NJ/Benefits-Account-Manager_JR114152,Benefits Account Manager,https://acrisure.wd1.myworkdayjobs.com/acrisure/job/540-Mill-St----BELLEVILLE-NJ/Benefits-Account-Manager_JR114152,0,,,2026-09-18
2026-09-11,Acrisure,/job/5411-Skycenter-Drive-Ste-600-Tampa-FL-33607/Employee-Benefits-Client-Advisor_JR114245,Employee Benefits Client Advisor,https://acrisure.wd1.myworkdayjobs.com/acrisure/job/5411-Skycenter-Drive-Ste-600-Tampa-FL-33607/Employee-Benefits-Client-Advisor_JR114245,26,,,2026-09-18
2026-09-11,Acrisure,/job/55-Shuman-Blvd-Suite-900----NAPERVILLE-IL/Commercial-Lines-Client-Advisor_JR110942,Commercial Lines Client Advisor,https://acrisure.wd1.myworkdayjobs.com/acrisure/job/55-Shuman-Blvd-Suite-900----NAPERVILLE-IL/Commercial-Lines-Client-Advisor_JR110942,26,,,2026-09-18
2026-09-11,Acrisure,/job/55-Shuman-Blvd-Suite-900----NAPERVILLE-IL/Employee-Benefits-Account-Executive_JR114193,Employee Benefits Account Executive,https://acrisure.wd1.myworkdayjobs.com/acrisure/job/55-Shuman-Blvd-Suite-900----NAPERVILLE-IL/Employee-Benefits-Account-Executive_JR114193,0,,,2026-09-18
2026-09-11,Acrisure,/job/55-Shuman-Blvd-Suite-900----NAPERVILLE-IL/Employee-Benefits-Senior-Account-Manager_JR113894,Employee Benefits Senior Account Manager,https://acrisure.wd1.myworkdayjobs.com/acrisure/job/55-Shuman-Blvd-Suite-900----NAPERVILLE-IL/Employee-Benefits-Senior-Account-Manager_JR113894,0,,,2026-09-18
2026-09-11,Acrisure,/job/55-Shuman-Blvd-Suite-900----NAPERVILLE-IL/Personal-Lines-Senior-Account-Manager_JR114285,Personal Lines Senior Account Manager,https://acrisure.wd1.myworkdayjobs.com/acrisure/job/55-Shuman-Blvd-Suite-900----NAPERVILLE-IL/Personal-Lines-Senior-Account-Manager_JR114285,0,,,2026-09-18
2026-09-11,Acrisure,/job/611-Anton-Blvd-Stes-1300-1400--1500---COSTA-MESA-CA/Commercial-Lines-Client-Advisor_JR114156,Commercial Insurance Client Advisor,https://acrisure.wd1.myworkdayjobs.com/acrisure/job/611-Anton-Blvd-Stes-1300-1400--1500---COSTA-MESA-CA/Commercial-Lines-Client-Advisor_JR114156,26,,,2026-09-18
2026-09-11,Acrisure,/job/611-Anton-Blvd-Stes-1300-1400--1500---COSTA-MESA-CA/Commercial-Transportation-Insurance-Operations-Manager_JR114213,Commercial Transportation Insurance Operations Manager,https://acrisure.wd1.myworkdayjobs.com/acrisure/job/611-Anton-Blvd-Stes-1300-1400--1500---COSTA-MESA-CA/Commercial-Transportation-Insurance-Operations-Manager_JR114213,0,,,2026-09-18
2026-09-11,Acrisure,/job/611-Anton-Blvd-Stes-1300-1400--1500---COSTA-MESA-CA/Employee-Benefits-Account-Manager_JR114280,Employee Benefits Account Manager,https://acrisure.wd1.myworkdayjobs.com/acrisure/job/611-Anton-Blvd-Stes-1300-1400--1500---COSTA-MESA-CA/Employee-Benefits-Account-Manager_JR114280,0,,,2026-09-18
2026-09-11,Acrisure,/job/611-Anton-Blvd-Stes-1300-1400--1500---COSTA-MESA-CA/Sr-Account-Manager_JR113890,Employee Benefits Sr. Account Manager,https://acrisure.wd1.myworkdayjobs.com/acrisure/job/611-Anton-Blvd-Stes-1300-1400--1500---COSTA-MESA-CA/Sr-Account-Manager_JR113890,0,,,2026-09-18
2026-09-11,Acrisure,/job/691-N-Squirrel-Rd-Ste-100--107---AUBURN-HILLS-MI/Employee-Benefits-Account-Manager_JR114164,Employee Benefits Account Manager,https://acrisure.wd1.myworkdayjobs.com/acrisure/job/691-N-Squirrel-Rd-Ste-100--107---AUBURN-HILLS-MI/Employee-Benefits-Account-Manager_JR114164,0,,,2026-09-18
2026-09-11,Acrisure,/job/70-Ionia-Ave-SW---GRAND-RAPIDS-MI/Account-Manager_JR113581,Account Manager,https://acrisure.wd1.myworkdayjobs.com/acrisure/job/70-Ionia-Ave-SW---GRAND-RAPIDS-MI/Account-Manager_JR113581,0,,,2026-09-18
2026-09-11,Acrisure,/job/709-S-Harbor-City-Blvd-Suite-300---MELBOURNE-FL/Commercial-Lines-Account-Manager---Transportation_JR113990,Commercial Lines Account Manager - Transportation,https://acrisure.wd1.myworkdayjobs.com/acrisure/job/709-S-Harbor-City-Blvd-Suite-300---MELBOURNE-FL/Commercial-Lines-Account-Manager---Transportation_JR113990,0,,,2026-09-18
2026-09-11,Acrisure,/job/709-S-Harbor-City-Blvd-Suite-300---MELBOURNE-FL/Commercial-Lines-Account-Manager_JR114168,Commercial Lines Account Manager,https://acrisure.wd1.myworkdayjobs.com/acrisure/job/709-S-Harbor-City-Blvd-Suite-300---MELBOURNE-FL/Commercial-Lines-Account-Manager_JR114168,0,,,2026-09-18
2026-09-11,Acrisure,/job/7239-W-Laraway-Rd---FRANKFORT-IL/Commercial-Lines-Account-Manager_JR114163,Commercial Lines Account Manager,https://acrisure.wd1.myworkdayjobs.com/acrisure/job/7239-W-Laraway-Rd---FRANKFORT-IL/Commercial-Lines-Account-Manager_JR114163,0,,,2026-09-18
2026-09-11,Acrisure,/job/800-Oak-Ridge-Tpke-Ste-A1000----OAK-RIDGE-TN/Customer-Service-Representative_JR113500,Customer Service Representative,https://acrisure.wd1.myworkdayjobs.com/acrisure/job/800-Oak-Ridge-Tpke-Ste-A1000----OAK-RIDGE-TN/Customer-Service-Representative_JR113500,15,,,2026-09-18
2026-09-11,Acrisure,/job/800-Oak-Ridge-Tpke-Ste-A1000----OAK-RIDGE-TN/Customer-Service-Representative_JR113764,Customer Service Representative,https://acrisure.wd1.myworkdayjobs.com/acrisure/job/800-Oak-Ridge-Tpke-Ste-A1000----OAK-RIDGE-TN/Customer-Service-Representative_JR113764,15,,,2026-09-18
2026-09-11,Acrisure,/job/800-Oak-Ridge-Tpke-Ste-A1000----OAK-RIDGE-TN/Policy-Assurance-Specialist_JR113323,Policy Assurance Specialist,https://acrisure.wd1.myworkdayjobs.com/acrisure/job/800-Oak-Ridge-Tpke-Ste-A1000----OAK-RIDGE-TN/Policy-Assurance-Specialist_JR113323,25,,,2026-09-18
2026-09-11,Acrisure,/job/800-Oak-Ridge-Tpke-Ste-A1000----OAK-RIDGE-TN/Policy-Validation-Research-Specialist_JR114087,Policy Validation Research Specialist,https://acrisure.wd1.myworkdayjobs.com/acrisure/job/800-Oak-Ridge-Tpke-Ste-A1000----OAK-RIDGE-TN/Policy-Validation-Research-Specialist_JR114087,15,,,2026-09-18
2026-09-11,Acrisure,/job/816-Congress-Ave-Ste-1800----AUSTIN-TX/Senior-Software-Engineer_JR114253,Senior Software Engineer,https://acrisure.wd1.myworkdayjobs.com/acrisure/job/816-Congress-Ave-Ste-1800----AUSTIN-TX/Senior-Software-Engineer_JR114253,0,,,2026-09-18
2026-09-11,Acrisure,/job/816-Congress-Ave-Ste-1800----AUSTIN-TX/Software-Engineer--Data--L1-_JR113679,"Software Engineer, Data (L1)",https://acrisure.wd1.myworkdayjobs.com/acrisure/job/816-Congress-Ave-Ste-1800----AUSTIN-TX/Software-Engineer--Data--L1-_JR113679,37,,,2026-09-18
2026-09-11,Acrisure,/job/8310-S-Valley-Highway-Ste-430---ENGLEWOOD-CO/Employee-Benefits-Account-Manager_JR114185,Employee Benefits Account Manager,https://acrisure.wd1.myworkdayjobs.com/acrisure/job/8310-S-Valley-Highway-Ste-430---ENGLEWOOD-CO/Employee-Benefits-Account-Manager_JR114185,0,,,2026-09-18
2026-09-11,Acrisure,/job/88-Froehlich-Farm-Blvd-Ste-440---WOODBURY-NY/HR-Business-Partner_JR113573,HR Business Partner,https://acrisure.wd1.myworkdayjobs.com/acrisure/job/88-Froehlich-Farm-Blvd-Ste-440---WOODBURY-NY/HR-Business-Partner_JR113573,35,,,2026-09-18
2026-09-11,Acrisure,/job/8918-Spanish-Ridge-Ave-Ste-200----LAS-VEGAS-NV/Senior-Stop-Loss-Underwriter_JR113965,Senior Stop Loss Underwriter,https://acrisure.wd1.myworkdayjobs.com/acrisure/job/8918-Spanish-Ridge-Ave-Ste-200----LAS-VEGAS-NV/Senior-Stop-Loss-Underwriter_JR113965,0,,,2026-09-18
2026-09-11,Acrisure,/job/8918-Spanish-Ridge-Ave-Ste-200----LAS-VEGAS-NV/Stop-Loss-Underwriter_JR113964,Stop Loss Underwriter,https://acrisure.wd1.myworkdayjobs.com/acrisure/job/8918-Spanish-Ridge-Ave-Ste-200----LAS-VEGAS-NV/Stop-Loss-Underwriter_JR113964,15,,,2026-09-18
2026-09-11,Acrisure,/job/90-S-Ridge-St----RYE-BROOK-NY/Personal-Lines-High-Net-Worth-Account-Manager_JR114134,Personal Lines High Net Worth Account Executive,https://acrisure.wd1.myworkdayjobs.com/acrisure/job/90-S-Ridge-St----RYE-BROOK-NY/Personal-Lines-High-Net-Worth-Account-Manager_JR114134,20,,,2026-09-18
2026-09-11,Acrisure,/job/90-S-Ridge-St----RYE-BROOK-NY/Personal-Lines-High-Net-Worth-Account-Manager_JR114196,Personal Lines High Net Worth Account Manager,https://acrisure.wd1.myworkdayjobs.com/acrisure/job/90-S-Ridge-St----RYE-BROOK-NY/Personal-Lines-High-Net-Worth-Account-Manager_JR114196,0,,,2026-09-18
2026-09-11,Acrisure,/job/90-S-Ridge-St----RYE-BROOK-NY/Personal-Lines-High-Net-Worth-Placement-Specialist_JR114034,Personal Lines High Net Worth Placement Specialist,https://acrisure.wd1.myworkdayjobs.com/acrisure/job/90-S-Ridge-St----RYE-BROOK-NY/Personal-Lines-High-Net-Worth-Placement-Specialist_JR114034,20,,,2026-09-18
2026-09-11,Acrisure,/job/90-S-Ridge-St----RYE-BROOK-NY/Real-Estate-Client-Advisor_JR112702,Real Estate Client Advisor,https://acrisure.wd1.myworkdayjobs.com/acrisure/job/90-S-Ridge-St----RYE-BROOK-NY/Real-Estate-Client-Advisor_JR112702,46,,,2026-09-18
2026-09-11,Acrisure,/job/900-Ashwood-Suite-330---ATLANTA-GA/Client-Advisor_JR110834,Commercial Insurance Client Advisor,https://acrisure.wd1.myworkdayjobs.com/acrisure/job/900-Ashwood-Suite-330---ATLANTA-GA/Client-Advisor_JR110834,26,,,2026-09-18
2026-09-11,Acrisure,/job/900-Ashwood-Suite-330---ATLANTA-GA/Commercial-Lines-Client-Advisor_JR113511,Commercial Lines Client Advisor,https://acrisure.wd1.myworkdayjobs.com/acrisure/job/900-Ashwood-Suite-330---ATLANTA-GA/Commercial-Lines-Client-Advisor_JR113511,26,,,2026-09-18
2026-09-11,Acrisure,/job/901-N-Lake-Destiny-Rd-Ste-110----MAITLAND-FL/Senior-Account-Manager--Commercial-Lines_JR114151,"Senior Account Manager, Commercial Lines",https://acrisure.wd1.myworkdayjobs.com/acrisure/job/901-N-Lake-Destiny-Rd-Ste-110----MAITLAND-FL/Senior-Account-Manager--Commercial-Lines_JR114151,0,,,2026-09-18
2026-09-11,Acrisure,/job/902-S-Center-St---GROVE-CITY-PA/Employee-Benefits-Account-Executive_JR113174,Employee Benefits Account Manager,https://acrisure.wd1.myworkdayjobs.com/acrisure/job/902-S-Center-St---GROVE-CITY-PA/Employee-Benefits-Account-Executive_JR113174,0,,,2026-09-18
2026-09-11,Acrisure,/job/999-Peachtree-Street-Northeast-Suite-2750---ATLANTA-GA/Platform-Engineer---Palantir_JR113593,Platform Engineer - Palantir,https://acrisure.wd1.myworkdayjobs.com/acrisure/job/999-Peachtree-Street-Northeast-Suite-2750---ATLANTA-GA/Platform-Engineer---Palantir_JR113593,22,,,2026-09-18
2026-09-11,Acrisure,/job/999-Peachtree-Street-Northeast-Suite-2750---ATLANTA-GA/Senior-Cloud-Engineer_JR114263,Senior Cloud Engineer,https://acrisure.wd1.myworkdayjobs.com/acrisure/job/999-Peachtree-Street-Northeast-Suite-2750---ATLANTA-GA/Senior-Cloud-Engineer_JR114263,0,,,2026-09-18
2026-09-11,Acrisure,/job/ALABAMA/Workers-Compensation-Claims-Examiner_JR113960,Workers Compensation Claims Examiner,https://acrisure.wd1.myworkdayjobs.com/acrisure/job/ALABAMA/Workers-Compensation-Claims-Examiner_JR113960,15,,,2026-09-18
2026-09-11,Acrisure,/job/ARIZONA/Payroll-Division-Sales-Manager_JR112405,Payroll Division Manager,https://acrisure.wd1.myworkdayjobs.com/acrisure/job/ARIZONA/Payroll-Division-Sales-Manager_JR112405,0,,,2026-09-18
2026-09-11,Acrisure,/job/ATLANTA-GA/Cloud-Solution-Architect_JR113926,Cloud Solution Architect,https://acrisure.wd1.myworkdayjobs.com/acrisure/job/ATLANTA-GA/Cloud-Solution-Architect_JR113926,37,,,2026-09-18
2026-09-11,Acrisure,/job/ATLANTA-GA/Lost-Time-Adjuster_JR114082,Workers Compensation Lost Time Adjuster,https://acrisure.wd1.myworkdayjobs.com/acrisure/job/ATLANTA-GA/Lost-Time-Adjuster_JR114082,15,,,2026-09-18
2026-09-11,Acrisure,/job/ATLANTA-GA/Security-Incident-Response-Engineer_JR114085,Security Incident Response Engineer,https://acrisure.wd1.myworkdayjobs.com/acrisure/job/ATLANTA-GA/Security-Incident-Response-Engineer_JR114085,36,,,2026-09-18
2026-09-11,Acrisure,/job/ATLANTA-GA/Workers-Compensation-Claims-Examiner_JR113987,Workers Compensation Claims Examiner,https://acrisure.wd1.myworkdayjobs.com/acrisure/job/ATLANTA-GA/Workers-Compensation-Claims-Examiner_JR113987,15,,,2026-09-18
2026-09-11,Acrisure,/job/BOSTON-MA/Payroll-Territory-Manager_JR114026,Payroll Territory Manager,https://acrisure.wd1.myworkdayjobs.com/acrisure/job/BOSTON-MA/Payroll-Territory-Manager_JR114026,0,,,2026-09-18
2026-09-11,Acrisure,/job/BOSTON-MA/Sr-Program-Manager_JR114248,Sr. Program Manager,https://acrisure.wd1.myworkdayjobs.com/acrisure/job/BOSTON-MA/Sr-Program-Manager_JR114248,0,,,2026-09-18
2026-09-11,Acrisure,/job/CALABASAS-CA/Associate-Account-Manager_JR114042,Associate Account Manager,https://acrisure.wd1.myworkdayjobs.com/acrisure/job/CALABASAS-CA/Associate-Account-Manager_JR114042,0,,,2026-09-18
2026-09-11,Acrisure,/job/CALIFORNIA/Payroll-Client-Advisor_JR114098,Payroll Client Advisor,https://acrisure.wd1.myworkdayjobs.com/acrisure/job/CALIFORNIA/Payroll-Client-Advisor_JR114098,26,,,2026-09-18
2026-09-11,Acrisure,/job/CALIFORNIA/Personal-Lines-Account-Manager_JR114281,Personal Lines Account Manager,https://acrisure.wd1.myworkdayjobs.com/acrisure/job/CALIFORNIA/Personal-Lines-Account-Manager_JR114281,0,,,2026-09-18
2026-09-11,Acrisure,/job/CALIFORNIA/Personal-Lines-Account-Manager_JR114309,Personal Lines Account Manager,https://acrisure.wd1.myworkdayjobs.com/acrisure/job/CALIFORNIA/Personal-Lines-Account-Manager_JR114309,0,,,2026-09-18
2026-09-11,Acrisure,/job/CHICAGO-IL/Captive-Marketing-Underwriter_JR113567,Captive Marketing Underwriter,https://acrisure.wd1.myworkdayjobs.com/acrisure/job/CHICAGO-IL/Captive-Marketing-Underwriter_JR113567,15,,,2026-09-18
2026-09-11,Acrisure,/job/CHICAGO-IL/Payroll-Client-Advisor_JR112636,Payroll Client Advisor,https://acrisure.wd1.myworkdayjobs.com/acrisure/job/CHICAGO-IL/Payroll-Client-Advisor_JR112636,26,,,2026-09-18
2026-09-11,Acrisure,/job/CHICAGO-IL/Payroll-Territory-Manager_JR112637,Payroll Territory Manager,https://acrisure.wd1.myworkdayjobs.com/acrisure/job/CHICAGO-IL/Payroll-Territory-Manager_JR112637,0,,,2026-09-18
2026-09-11,Acrisure,/job/CINCINNATI-OH/Territory-Manager-2_JR110993,Territory Manager-2,https://acrisure.wd1.myworkdayjobs.com/acrisure/job/CINCINNATI-OH/Territory-Manager-2_JR110993,0,,,2026-09-18
2026-09-11,Acrisure,/job/CLEVELAND-OH/Associate-Payroll-Specialist_JR112061,Payroll Specialist,https://acrisure.wd1.myworkdayjobs.com/acrisure/job/CLEVELAND-OH/Associate-Payroll-Specialist_JR112061,15,,,2026-09-18
2026-09-11,Acrisure,/job/CLEVELAND-OH/Associate-Payroll-Tax-Specialist_JR112311,Payroll Tax Specialist,https://acrisure.wd1.myworkdayjobs.com/acrisure/job/CLEVELAND-OH/Associate-Payroll-Tax-Specialist_JR112311,15,,,2026-09-18
2026-09-11,Acrisure,/job/CLEVELAND-OH/Field-Sales-Representative-1_JR110997,Field Sales Representative,https://acrisure.wd1.myworkdayjobs.com/acrisure/job/CLEVELAND-OH/Field-Sales-Representative-1_JR110997,26,,,2026-09-18
2026-09-11,Acrisure,/job/CLEVELAND-OH/New-Client-Setup-Specialist_JR113504,New Client Setup Specialist,https://acrisure.wd1.myworkdayjobs.com/acrisure/job/CLEVELAND-OH/New-Client-Setup-Specialist_JR113504,15,,,2026-09-18
2026-09-11,Acrisure,/job/CLEVELAND-OH/Payroll-TM_JR112016,Payroll TM,https://acrisure.wd1.myworkdayjobs.com/acrisure/job/CLEVELAND-OH/Payroll-TM_JR112016,26,,,2026-09-18
2026-09-11,Acrisure,/job/COLORADO/Payroll-Division-Sales-Manager_JR112403,Payroll Division Sales Manager,https://acrisure.wd1.myworkdayjobs.com/acrisure/job/COLORADO/Payroll-Division-Sales-Manager_JR112403,0,,,2026-09-18
2026-09-11,Acrisure,/job/COLUMBUS-OH/Territory-Manager-1_JR110992,Territory Manager-1,https://acrisure.wd1.myworkdayjobs.com/acrisure/job/COLUMBUS-OH/Territory-Manager-1_JR110992,0,,,2026-09-18
2026-09-11,Acrisure,/job/CORPUS-CHRISTI-TX/Employee-Benefits-Account-Manager_JR114165,Employee Benefits Account Manager,https://acrisure.wd1.myworkdayjobs.com/acrisure/job/CORPUS-CHRISTI-TX/Employee-Benefits-Account-Manager_JR114165,0,,,2026-09-18
2026-09-11,Acrisure,/job/COSTA-MESA-CA/Account-Executive_JR113244,Account Manager -Transportation,https://acrisure.wd1.myworkdayjobs.com/acrisure/job/COSTA-MESA-CA/Account-Executive_JR113244,0,,,2026-09-18
2026-09-11,Acrisure,/job/COSTA-MESA-CA/Client-Advisor_JR110624-1,Employee Benefits Client Advisor,https://acrisure.wd1.myworkdayjobs.com/acrisure/job/COSTA-MESA-CA/Client-Advisor_JR110624-1,26,,,2026-09-18
2026-09-11,Acrisure,/job/COSTA-MESA-CA/Commercial-Lines-Placement-Specialist_JR114016,Commercial Lines Placement Specialist,https://acrisure.wd1.myworkdayjobs.com/acrisure/job/COSTA-MESA-CA/Commercial-Lines-Placement-Specialist_JR114016,0,,,2026-09-18
2026-09-11,Acrisure,/job/COSTA-MESA-CA/Manager-Operations---Employee-Benefits_JR114239,Manager Operations - Employee Benefits,https://acrisure.wd1.myworkdayjobs.com/acrisure/job/COSTA-MESA-CA/Manager-Operations---Employee-Benefits_JR114239,0,,,2026-09-18
2026-09-11,Acrisure,/job/COSTA-MESA-CA/Sr-Placement-Specialist---Commercial-Small-Mid_JR114007,Sr. Placement Specialist - Commercial Small/Mid,https://acrisure.wd1.myworkdayjobs.com/acrisure/job/COSTA-MESA-CA/Sr-Placement-Specialist---Commercial-Small-Mid_JR114007,0,,,2026-09-18
2026-09-11,Acrisure,/job/DALLAS-TX/Insurance-and-Risk-Analyst_JR114108,Insurance and Risk Analyst,https://acrisure.wd1.myworkdayjobs.com/acrisure/job/DALLAS-TX/Insurance-and-Risk-Analyst_JR114108,15,,,2026-09-18
2026-09-11,Acrisure,/job/DENVER-CO/Digital-Marketing-Operations-Specialist_JR113699,Digital Marketing Operations Specialist,https://acrisure.wd1.myworkdayjobs.com/acrisure/job/DENVER-CO/Digital-Marketing-Operations-Specialist_JR113699,22,,,2026-09-18
2026-09-11,Acrisure,/job/DETROIT-MI/Payroll-Client-Advisor_JR113486,Payroll Client Advisor,https://acrisure.wd1.myworkdayjobs.com/acrisure/job/DETROIT-MI/Payroll-Client-Advisor_JR113486,26,,,2026-09-18
2026-09-11,Acrisure,/job/DETROIT-MI/Territory-Sales-Manager---Payroll--HR_JR110212,Territory Sales Manager - Payroll/ HR,https://acrisure.wd1.myworkdayjobs.com/acrisure/job/DETROIT-MI/Territory-Sales-Manager---Payroll--HR_JR110212,0,,,2026-09-18
2026-09-11,Acrisure,/job/FLORIDA/Commercial-Lines-Senior-Account-Manager_JR113426,Commercial Lines Senior Account Manager,https://acrisure.wd1.myworkdayjobs.com/acrisure/job/FLORIDA/Commercial-Lines-Senior-Account-Manager_JR113426,0,,,2026-09-18
2026-09-11,Acrisure,/job/GLENDALE-CA/Account-Executive_JR113558,Account Executive,https://acrisure.wd1.myworkdayjobs.com/acrisure/job/GLENDALE-CA/Account-Executive_JR113558,0,,,2026-09-18
2026-09-11,Acrisure,/job/GRAND-RAPIDS-MI/Finance-Systems-Manager_JR114110,Finance Systems Manager,https://acrisure.wd1.myworkdayjobs.com/acrisure/job/GRAND-RAPIDS-MI/Finance-Systems-Manager_JR114110,0,,,2026-09-18
2026-09-11,Acrisure,/job/GRAND-RAPIDS-MI/Territory-Sales-Manager---Payroll--HR_JR110214,Territory Sales Manager - Payroll/ HR,https://acrisure.wd1.myworkdayjobs.com/acrisure/job/GRAND-RAPIDS-MI/Territory-Sales-Manager---Payroll--HR_JR110214,0,,,2026-09-18
2026-09-11,Acrisure,/job/Hanover-House-Charlotte-Street---MANCHESTER/IBA-Accounts-Assistant---6-month-FTC--remote-or-Manchester-based-_JR113589,IBA Accounts Assistant - 6 month FTC (remote or Manchester based),https://acrisure.wd1.myworkdayjobs.com/acrisure/job/Hanover-House-Charlotte-Street---MANCHESTER/IBA-Accounts-Assistant---6-month-FTC--remote-or-Manchester-based-_JR113589,15,,,2026-09-18
2026-09-11,Acrisure,/job/ILLINOIS/Payroll-Division-Manager_JR113496,Payroll Division Manager,https://acrisure.wd1.myworkdayjobs.com/acrisure/job/ILLINOIS/Payroll-Division-Manager_JR113496,0,,,2026-09-18
2026-09-11,Acrisure,/job/INDIANA/Payroll-Division-Sales-Manager_JR112329,Payroll Division Sales Manager,https://acrisure.wd1.myworkdayjobs.com/acrisure/job/INDIANA/Payroll-Division-Sales-Manager_JR112329,0,,,2026-09-18
2026-09-11,Acrisure,/job/IOWA/Payroll-Client-Advisor_JR113636,Payroll Client Advisor,https://acrisure.wd1.myworkdayjobs.com/acrisure/job/IOWA/Payroll-Client-Advisor_JR113636,26,,,2026-09-18
2026-09-11,Acrisure,/job/IOWA/Payroll-Division-Sales-Manager_JR112330,Payroll Division Sales Manager,https://acrisure.wd1.myworkdayjobs.com/acrisure/job/IOWA/Payroll-Division-Sales-Manager_JR112330,0,,,2026-09-18
2026-09-11,Acrisure,/job/IOWA/Payroll-Territory-Manger_JR113637,Payroll Territory Manger,https://acrisure.wd1.myworkdayjobs.com/acrisure/job/IOWA/Payroll-Territory-Manger_JR113637,26,,,2026-09-18
2026-09-11,Acrisure,/job/Janesville--SASid-Inc---SSD/Billing-Support-Specialist-1_JR113640,Billing Support Specialist,https://acrisure.wd1.myworkdayjobs.com/acrisure/job/Janesville--SASid-Inc---SSD/Billing-Support-Specialist-1_JR113640,15,,,2026-09-18
2026-09-11,Acrisure,/job/KANSAS/Payroll-Client-Advisor_JR112495,Payroll Client Advisor,https://acrisure.wd1.myworkdayjobs.com/acrisure/job/KANSAS/Payroll-Client-Advisor_JR112495,26,,,2026-09-18
2026-09-11,Acrisure,/job/KENTUCKY/Payroll-Division-Manager_JR113498,Payroll Division Manager,https://acrisure.wd1.myworkdayjobs.com/acrisure/job/KENTUCKY/Payroll-Division-Manager_JR113498,0,,,2026-09-18
2026-09-11,Acrisure,/job/KENTUCKY/Territory-Manager_JR110994,Territory Manager,https://acrisure.wd1.myworkdayjobs.com/acrisure/job/KENTUCKY/Territory-Manager_JR110994,0,,,2026-09-18
2026-09-11,Acrisure,/job/LEESBURG-FL/Commercial-Lines-Account-Manager_JR114275,Commercial Lines Account Manager,https://acrisure.wd1.myworkdayjobs.com/acrisure/job/LEESBURG-FL/Commercial-Lines-Account-Manager_JR114275,0,,,2026-09-18
2026-09-11,Acrisure,/job/LOS-ANGELES-CA/Construction-Safety-Manager_JR114301,Construction Safety Manager,https://acrisure.wd1.myworkdayjobs.com/acrisure/job/LOS-ANGELES-CA/Construction-Safety-Manager_JR114301,0,,,2026-09-18
2026-09-11,Acrisure,/job/LOUISVILLE-KY/Commercial-Insurance-Client-Advisor_JR110338,Commercial Insurance Client Advisor,https://acrisure.wd1.myworkdayjobs.com/acrisure/job/LOUISVILLE-KY/Commercial-Insurance-Client-Advisor_JR110338,26,,,2026-09-18
2026-09-11,Acrisure,/job/LYNNWOOD-WA/Placement-Specialist---Commercial-Lines-Small-Mid-NW_JR114276,Placement Specialist - Commercial Lines Small/Mid NW,https://acrisure.wd1.myworkdayjobs.com/acrisure/job/LYNNWOOD-WA/Placement-Specialist---Commercial-Lines-Small-Mid-NW_JR114276,15,,,2026-09-18
2026-09-11,Acrisure,/job/MICHIGAN/Digital-Account-Manager---PL_JR114277,Personal Lines Account Manager,https://acrisure.wd1.myworkdayjobs.com/acrisure/job/MICHIGAN/Digital-Account-Manager---PL_JR114277,0,,,2026-09-18
2026-09-11,Acrisure,/job/MINNEAPOLIS-MN/Payroll-Territory-Manager_JR113483-1,Payroll Territory Manager,https://acrisure.wd1.myworkdayjobs.com/acrisure/job/MINNEAPOLIS-MN/Payroll-Territory-Manager_JR113483-1,0,,,2026-09-18
2026-09-11,Acrisure,/job/MINNESOTA/Payroll-Client-Advisor_JR112600,Payroll Client Advisor,https://acrisure.wd1.myworkdayjobs.com/acrisure/job/MINNESOTA/Payroll-Client-Advisor_JR112600,26,,,2026-09-18
2026-09-11,Acrisure,/job/MITCHELL-SD/Commercial-Lines-Account-Manager_JR114229,Commercial Lines Account Manager,https://acrisure.wd1.myworkdayjobs.com/acrisure/job/MITCHELL-SD/Commercial-Lines-Account-Manager_JR114229,0,,,2026-09-18
2026-09-11,Acrisure,/job/NAPERVILLE-IL/Commercial-Lines-Account-Manager_JR114162,Commercial Lines Account Manager,https://acrisure.wd1.myworkdayjobs.com/acrisure/job/NAPERVILLE-IL/Commercial-Lines-Account-Manager_JR114162,0,,,2026-09-18
2026-09-11,Acrisure,/job/NAPLES-FL/Placement-Specialist---Commercial-Lines-Small-Mid_JR114005,Placement Specialist - Commercial Lines Small/Mid,https://acrisure.wd1.myworkdayjobs.com/acrisure/job/NAPLES-FL/Placement-Specialist---Commercial-Lines-Small-Mid_JR114005,15,,,2026-09-18
2026-09-11,Acrisure,/job/NEW-BERLIN-WI/Senior-Employee-Benefits-Account-Executive_JR113334,Senior Employee Benefits Account Executive,https://acrisure.wd1.myworkdayjobs.com/acrisure/job/NEW-BERLIN-WI/Senior-Employee-Benefits-Account-Executive_JR113334,0,,,2026-09-18
2026-09-11,Acrisure,/job/OHIO/Payroll-Division-Manager_JR113499,Payroll Division Manager,https://acrisure.wd1.myworkdayjobs.com/acrisure/job/OHIO/Payroll-Division-Manager_JR113499,0,,,2026-09-18
2026-09-11,Acrisure,/job/OKLAHOMA-CITY-OK/IT-Support-Analyst_JR114231,IT Support Analyst,https://acrisure.wd1.myworkdayjobs.com/acrisure/job/OKLAHOMA-CITY-OK/IT-Support-Analyst_JR114231,26,,,2026-09-18
2026-09-11,Acrisure,/job/OKLAHOMA-CITY-OK/Payroll-Client-Advisor---Inside-Sales_JR113779,Payroll Client Advisor - Inside Sales,https://acrisure.wd1.myworkdayjobs.com/acrisure/job/OKLAHOMA-CITY-OK/Payroll-Client-Advisor---Inside-Sales_JR113779,15,,,2026-09-18
2026-09-11,Acrisure,/job/ONTARIO-CA/Surety-Account-Manager_JR114013,Surety Account Manager,https://acrisure.wd1.myworkdayjobs.com/acrisure/job/ONTARIO-CA/Surety-Account-Manager_JR114013,0,,,2026-09-18
2026-09-11,Acrisure,/job/PENSACOLA-FL/Senior-Account-Manager--Commercial-Lines_JR114153,"Senior Account Manager, Commercial Lines",https://acrisure.wd1.myworkdayjobs.com/acrisure/job/PENSACOLA-FL/Senior-Account-Manager--Commercial-Lines_JR114153,0,,,2026-09-18
2026-09-11,Acrisure,/job/PO-Box-1788-Grand-Rapids-MI-49501/Employee-Benefits-Account-Manager_JR114190,Employee Benefits Account Manager,https://acrisure.wd1.myworkdayjobs.com/acrisure/job/PO-Box-1788-Grand-Rapids-MI-49501/Employee-Benefits-Account-Manager_JR114190,0,,,2026-09-18
2026-09-11,Acrisure,/job/SAINT-LOUIS-PARK-MN/Placement-Consultant_JR113949,Placement Consultant,https://acrisure.wd1.myworkdayjobs.com/acrisure/job/SAINT-LOUIS-PARK-MN/Placement-Consultant_JR113949,20,,,2026-09-18
2026-09-11,Acrisure,/job/SALT-LAKE-CITY-UT/Field-Sales-Representative_JR114111,Field Sales Representative,https://acrisure.wd1.myworkdayjobs.com/acrisure/job/SALT-LAKE-CITY-UT/Field-Sales-Representative_JR114111,26,,,2026-09-18
2026-09-11,Acrisure,/job/SCHAUMBURG-IL/Account-Executive_JR109215,Commercial Claims Account Executive,https://acrisure.wd1.myworkdayjobs.com/acrisure/job/SCHAUMBURG-IL/Account-Executive_JR109215,11,,,2026-09-18
2026-09-11,Acrisure,/job/SEATTLE-WA/Construction-Safety-Manager_JR114300-1,Construction Safety Manager,https://acrisure.wd1.myworkdayjobs.com/acrisure/job/SEATTLE-WA/Construction-Safety-Manager_JR114300-1,0,,,2026-09-18
2026-09-11,Acrisure,/job/SOUTH-CAROLINA/Payroll-Client-Advisor_JR114055,Payroll Client Advisor,https://acrisure.wd1.myworkdayjobs.com/acrisure/job/SOUTH-CAROLINA/Payroll-Client-Advisor_JR114055,26,,,2026-09-18
2026-09-11,Acrisure,/job/SOUTH-DAKOTA/Payroll-Division-Sales-Manager_JR112331,Payroll Division Sales Manager,https://acrisure.wd1.myworkdayjobs.com/acrisure/job/SOUTH-DAKOTA/Payroll-Division-Sales-Manager_JR112331,0,,,2026-09-18
2026-09-11,Acrisure,/job/TENNESSEE/Payroll-Division-Sales-Manager_JR113097,Payroll Division Sales Manager,https://acrisure.wd1.myworkdayjobs.com/acrisure/job/TENNESSEE/Payroll-Division-Sales-Manager_JR113097,0,,,2026-09-18
2026-09-11,Acrisure,/job/TENNESSEE/Workers-Compensation-Claims-Examiner_JR113768,Workers Compensation Claims Examiner,https://acrisure.wd1.myworkdayjobs.com/acrisure/job/TENNESSEE/Workers-Compensation-Claims-Examiner_JR113768,15,,,2026-09-18
2026-09-11,Acrisure,/job/VIRGINIA-BEACH-VA/Payroll-Division-Sales-Manager_JR112324,Payroll Division Sales Manager,https://acrisure.wd1.myworkdayjobs.com/acrisure/job/VIRGINIA-BEACH-VA/Payroll-Division-Sales-Manager_JR112324,0,,,2026-09-18
2026-09-11,Acrisure,/job/WISCONSIN/Payroll-Division-Manager_JR113497,Payroll Division Manager,https://acrisure.wd1.myworkdayjobs.com/acrisure/job/WISCONSIN/Payroll-Division-Manager_JR113497,0,,,2026-09-18
2026-09-11,Acrisure,/job/Walnut-Creek-CA/Associate-Account-Manager_JR114027,Associate Account Manager,https://acrisure.wd1.myworkdayjobs.com/acrisure/job/Walnut-Creek-CA/Associate-Account-Manager_JR114027,0,,,2026-09-18
2026-09-11,Acrisure,/job/Walnut-Creek-CA/Manager-Operations---Employee-Benefits_JR114258,Manager Operations - Employee Benefits,https://acrisure.wd1.myworkdayjobs.com/acrisure/job/Walnut-Creek-CA/Manager-Operations---Employee-Benefits_JR114258,0,,,2026-09-18
2026-09-11,Ashby,0020099f-9bb3-4da9-9808-4556564f5301,"Staff Software Engineer, Product Engineering - UK",https://jobs.ashbyhq.com/ashby/0020099f-9bb3-4da9-9808-4556564f5301,0,,,2026-09-18
2026-09-11,Ashby,033ce772-ed08-4a59-bb52-4ff0eaac9bcd,Product Support Specialist - APAC,https://jobs.ashbyhq.com/ashby/033ce772-ed08-4a59-bb52-4ff0eaac9bcd,26,,,2026-09-18
2026-09-11,Ashby,07201b7e-a581-46a6-bbd3-432824bd761f,"Principal PMM, Brand Narrative & Keynote",https://jobs.ashbyhq.com/ashby/07201b7e-a581-46a6-bbd3-432824bd761f,0,,,2026-09-18
2026-09-11,Ashby,08b6342c-d5c0-4864-a4db-28027d241cbe,Technical Solutions Consultant - Americas,https://jobs.ashbyhq.com/ashby/08b6342c-d5c0-4864-a4db-28027d241cbe,35,,,2026-09-18
2026-09-11,Ashby,0f5dbf59-687b-4d88-88a7-73ee0a66b48d,Staff Platform Engineer - Americas,https://jobs.ashbyhq.com/ashby/0f5dbf59-687b-4d88-88a7-73ee0a66b48d,0,,,2026-09-18
2026-09-11,Ashby,1290fe74-72f6-4544-ad7d-562f89ecd780,"Sr. Product Marketing Manager, Enterprise",https://jobs.ashbyhq.com/ashby/1290fe74-72f6-4544-ad7d-562f89ecd780,0,,,2026-09-18
2026-09-11,Ashby,188cc71b-a625-4022-94dc-7c43fa1a8b06,Design Engineer - EU,https://jobs.ashbyhq.com/ashby/188cc71b-a625-4022-94dc-7c43fa1a8b06,58,,,2026-09-18
2026-09-11,Ashby,19c11d7d-ec39-4c24-8bf3-866508171b81,Engagement Manager - Americas,https://jobs.ashbyhq.com/ashby/19c11d7d-ec39-4c24-8bf3-866508171b81,0,,,2026-09-18
2026-09-11,Ashby,1cf7c730-caba-4fc3-8b98-52a0735ef14b,Strategic Customer Success Manager - EMEA,https://jobs.ashbyhq.com/ashby/1cf7c730-caba-4fc3-8b98-52a0735ef14b,0,,,2026-09-18
2026-09-11,Ashby,206c6a86-74e3-4fcf-9175-fdfe07858676,"Manager of Renewals, SMB",https://jobs.ashbyhq.com/ashby/206c6a86-74e3-4fcf-9175-fdfe07858676,0,,,2026-09-18
2026-09-11,Ashby,2107ff75-aa4e-4097-aef6-a76c04df3103,Marketing Strategy & Planning Manager,https://jobs.ashbyhq.com/ashby/2107ff75-aa4e-4097-aef6-a76c04df3103,0,,,2026-09-18
2026-09-11,Ashby,2373fcd5-144b-4d66-a98b-dd0efb4eb9d1,Staff Product Designer,https://jobs.ashbyhq.com/ashby/2373fcd5-144b-4d66-a98b-dd0efb4eb9d1,0,,,2026-09-18
2026-09-11,Ashby,272bc3f4-5af6-4c14-b797-a424b62d306c,Senior Product Engineer - Canada,https://jobs.ashbyhq.com/ashby/272bc3f4-5af6-4c14-b797-a424b62d306c,0,,,2026-09-18
2026-09-11,Ashby,287cf227-c8a7-4f42-81c1-8b1e4de5a33d,Mid Market Account Executive - EMEA (UKI),https://jobs.ashbyhq.com/ashby/287cf227-c8a7-4f42-81c1-8b1e4de5a33d,26,,,2026-09-18
2026-09-11,Ashby,2b401986-a491-4f9b-9c22-63079bcd64c2,Strategic Customer Success Manager - Americas,https://jobs.ashbyhq.com/ashby/2b401986-a491-4f9b-9c22-63079bcd64c2,0,,,2026-09-18
2026-09-11,Ashby,2c459f12-4a0b-4efa-ba07-a8bd9ac38260,Marketing Strategy & Operations Manager,https://jobs.ashbyhq.com/ashby/2c459f12-4a0b-4efa-ba07-a8bd9ac38260,0,,,2026-09-18
2026-09-11,Ashby,2fc178fc-fa92-463a-b788-1c66e3f32a00,Enterprise Solutions Architect - Americas,https://jobs.ashbyhq.com/ashby/2fc178fc-fa92-463a-b788-1c66e3f32a00,31,,,2026-09-18
2026-09-11,Ashby,306a353b-aab5-49d6-a711-a77aa0f5a660,Staff Design Engineer - UK,https://jobs.ashbyhq.com/ashby/306a353b-aab5-49d6-a711-a77aa0f5a660,0,,,2026-09-18
2026-09-11,Ashby,35a01a05-8efd-4bc3-a4bf-0a31d902102d,Manager of Dedicated Implementations - EMEA,https://jobs.ashbyhq.com/ashby/35a01a05-8efd-4bc3-a4bf-0a31d902102d,0,,,2026-09-18
2026-09-11,Ashby,36df1986-8af2-4cc4-a96a-4f307d493ac0,Enterprise Account Executive - Americas (East),https://jobs.ashbyhq.com/ashby/36df1986-8af2-4cc4-a96a-4f307d493ac0,46,,,2026-09-18
2026-09-11,Ashby,38281574-0880-473a-a4f1-bfbb7eedfa18,Mid-Market Customer Success Manager - Americas,https://jobs.ashbyhq.com/ashby/38281574-0880-473a-a4f1-bfbb7eedfa18,0,,,2026-09-18
2026-09-11,Ashby,390e266b-4b6c-4490-ad74-05ff5e0bb36a,"Product Manager, Onboarding and Growth",https://jobs.ashbyhq.com/ashby/390e266b-4b6c-4490-ad74-05ff5e0bb36a,0,,,2026-09-18
2026-09-11,Ashby,3b9b0141-86e7-46b2-b6b4-ed039b84cdc4,"Senior Software Engineer, Product Engineering - EU",https://jobs.ashbyhq.com/ashby/3b9b0141-86e7-46b2-b6b4-ed039b84cdc4,0,,,2026-09-18
2026-09-11,Ashby,3d0ffda4-696a-4c4e-bee5-d7f4f441c3c3,Senior Strategic Implementation Specialist - EMEA,https://jobs.ashbyhq.com/ashby/3d0ffda4-696a-4c4e-bee5-d7f4f441c3c3,0,,,2026-09-18
2026-09-11,Ashby,43417a55-d261-4351-9841-7d15551a91b9,Community Lead & TA Advisor - AMER,https://jobs.ashbyhq.com/ashby/43417a55-d261-4351-9841-7d15551a91b9,0,,,2026-09-18
2026-09-11,Ashby,448baa35-cd72-468a-bcab-51dd55b7a275,Staff Product Engineer - Canada,https://jobs.ashbyhq.com/ashby/448baa35-cd72-468a-bcab-51dd55b7a275,0,,,2026-09-18
2026-09-11,Ashby,472eef28-6e52-43b4-9bff-9113522890f5,"Senior Software Engineer, Product Engineering - UK",https://jobs.ashbyhq.com/ashby/472eef28-6e52-43b4-9bff-9113522890f5,0,,,2026-09-18
2026-09-11,Ashby,51061458-3a38-4bea-84f4-7ea0ac3e417f,Product Support Specialist - EMEA,https://jobs.ashbyhq.com/ashby/51061458-3a38-4bea-84f4-7ea0ac3e417f,26,,,2026-09-18
2026-09-11,Ashby,55078a90-f1f0-4190-9d2a-c14d1cbc5486,Product Support Specialist - Australia,https://jobs.ashbyhq.com/ashby/55078a90-f1f0-4190-9d2a-c14d1cbc5486,26,,,2026-09-18
2026-09-11,Ashby,5ccfc540-35d4-4fc8-aeb6-7f11b2ad8258,Engineering Manager - Canada,https://jobs.ashbyhq.com/ashby/5ccfc540-35d4-4fc8-aeb6-7f11b2ad8258,0,,,2026-09-18
2026-09-11,Ashby,5d4b0ed6-da8c-4377-a43a-c45bf90a0073,Sr. Total Rewards Manager,https://jobs.ashbyhq.com/ashby/5d4b0ed6-da8c-4377-a43a-c45bf90a0073,0,,,2026-09-18
2026-09-11,Ashby,62d4f71e-f56c-447a-a965-a9c2ea8eac5e,Mid-Market Customer Success Manager - EMEA,https://jobs.ashbyhq.com/ashby/62d4f71e-f56c-447a-a965-a9c2ea8eac5e,0,,,2026-09-18
2026-09-11,Ashby,695b1ce6-c375-4fad-94ef-61b50a3fbd28,Engineering Manager - Americas,https://jobs.ashbyhq.com/ashby/695b1ce6-c375-4fad-94ef-61b50a3fbd28,0,,,2026-09-18
2026-09-11,Ashby,6a15668c-3f98-4404-8f1f-927cddfc5af7,Staff Product Engineer - Americas,https://jobs.ashbyhq.com/ashby/6a15668c-3f98-4404-8f1f-927cddfc5af7,0,,,2026-09-18
2026-09-11,Ashby,6f9d632f-5d3b-4c5e-8893-6e4a1cb2778f,Sales Recruiter,https://jobs.ashbyhq.com/ashby/6f9d632f-5d3b-4c5e-8893-6e4a1cb2778f,46,,,2026-09-18
2026-09-11,Ashby,7458d4e9-da2e-47bd-98cb-adfda43d42b2,Engineering Manager - EU,https://jobs.ashbyhq.com/ashby/7458d4e9-da2e-47bd-98cb-adfda43d42b2,0,,,2026-09-18
2026-09-11,Ashby,751768c6-8d97-4e91-a57d-6b85ce4b5a37,Senior Product Engineer - Americas,https://jobs.ashbyhq.com/ashby/751768c6-8d97-4e91-a57d-6b85ce4b5a37,0,,,2026-09-18
2026-09-11,Ashby,7d8ec4fe-50aa-4d7e-9eec-db7b2d14bcbd,Mid-Market Solutions Engineering Manager,https://jobs.ashbyhq.com/ashby/7d8ec4fe-50aa-4d7e-9eec-db7b2d14bcbd,0,,,2026-09-18
2026-09-11,Ashby,7e4e8a93-c35d-43c1-a739-c53aba8b682f,Enterprise Account Executive - DACH,https://jobs.ashbyhq.com/ashby/7e4e8a93-c35d-43c1-a739-c53aba8b682f,22,,,2026-09-18
2026-09-11,Ashby,7ecdcb8e-d1d7-4734-9c7e-3da6dffacb0c,Real Time Analyst - Americas,https://jobs.ashbyhq.com/ashby/7ecdcb8e-d1d7-4734-9c7e-3da6dffacb0c,46,,,2026-09-18
2026-09-11,Ashby,8341d4ba-5f07-4b40-a398-14a83092ab5f,Mid-Market Implementation Specialist - Americas (East),https://jobs.ashbyhq.com/ashby/8341d4ba-5f07-4b40-a398-14a83092ab5f,31,,,2026-09-18
2026-09-11,Ashby,85713f4a-ad14-4edd-8c56-0065f5897551,Design Engineer - Canada,https://jobs.ashbyhq.com/ashby/85713f4a-ad14-4edd-8c56-0065f5897551,58,,,2026-09-18
2026-09-11,Ashby,86a60834-ba64-484d-9658-afa1bc97a957,Mid Market Account Executive - EMEA (French Speaking),https://jobs.ashbyhq.com/ashby/86a60834-ba64-484d-9658-afa1bc97a957,26,,,2026-09-18
2026-09-11,Ashby,87b96eef-edc1-4de4-adb6-d460126d02f8,Staff Design Engineer - EU,https://jobs.ashbyhq.com/ashby/87b96eef-edc1-4de4-adb6-d460126d02f8,0,,,2026-09-18
2026-09-11,Ashby,893cd08a-929c-4077-b39c-64bc34f347ea,Founding Customer Success Manager - APAC,https://jobs.ashbyhq.com/ashby/893cd08a-929c-4077-b39c-64bc34f347ea,0,,,2026-09-18
2026-09-11,Ashby,92f723a8-6fb1-4314-a311-8fcf25ea286b,Mid Market Account Executive - Americas (West),https://jobs.ashbyhq.com/ashby/92f723a8-6fb1-4314-a311-8fcf25ea286b,31,,,2026-09-18
2026-09-11,Ashby,95aecf44-abba-4d06-8fea-7987b6ea9db5,"Manager, Product Support - APAC",https://jobs.ashbyhq.com/ashby/95aecf44-abba-4d06-8fea-7987b6ea9db5,0,,,2026-09-18
2026-09-11,Ashby,97c6542c-7ff9-43e5-ac54-b77b45fc7378,Staff Design Engineer - Canada,https://jobs.ashbyhq.com/ashby/97c6542c-7ff9-43e5-ac54-b77b45fc7378,0,,,2026-09-18
2026-09-11,Ashby,9fba6b38-f324-49b1-ae3d-40894ad12bb1,Enterprise Account Executive - Americas (West),https://jobs.ashbyhq.com/ashby/9fba6b38-f324-49b1-ae3d-40894ad12bb1,46,,,2026-09-18
2026-09-11,Ashby,a07aeb2d-3113-4ab4-866d-60004d1d25de,Startup Customer Success Manager - Americas,https://jobs.ashbyhq.com/ashby/a07aeb2d-3113-4ab4-866d-60004d1d25de,0,,,2026-09-18
2026-09-11,Ashby,a6b309d5-fa4b-42b9-a1a2-653a882a5e60,Senior Strategic Implementation Specialist - Americas (PST),https://jobs.ashbyhq.com/ashby/a6b309d5-fa4b-42b9-a1a2-653a882a5e60,0,,,2026-09-18
2026-09-11,Ashby,ae720f13-ad8b-4fdd-a8c3-5625bdc83a33,Staff Platform Engineer - UK,https://jobs.ashbyhq.com/ashby/ae720f13-ad8b-4fdd-a8c3-5625bdc83a33,0,,,2026-09-18
2026-09-11,Ashby,ae9df091-112c-4a59-b3d1-49d6e0ed3de9,Integrations Consultant - Americas,https://jobs.ashbyhq.com/ashby/ae9df091-112c-4a59-b3d1-49d6e0ed3de9,31,,,2026-09-18
2026-09-11,Ashby,b64e1498-04ae-4747-8930-a42d4ce6c047,Product Support Specialist - Americas,https://jobs.ashbyhq.com/ashby/b64e1498-04ae-4747-8930-a42d4ce6c047,46,,,2026-09-18
2026-09-11,Ashby,b888946c-e888-4f00-82c1-f49ce51da069,Talent Sourcer - Sales,https://jobs.ashbyhq.com/ashby/b888946c-e888-4f00-82c1-f49ce51da069,46,,,2026-09-18
2026-09-11,Ashby,be52a88a-02c5-445f-a7c6-60c96b80f19c,Mid-Market Implementation Specialist - Americas (West),https://jobs.ashbyhq.com/ashby/be52a88a-02c5-445f-a7c6-60c96b80f19c,31,,,2026-09-18
2026-09-11,Ashby,bf3a9621-0ff5-4f6a-a90d-081562d4dad2,Director of Support Engineering - Americas ,https://jobs.ashbyhq.com/ashby/bf3a9621-0ff5-4f6a-a90d-081562d4dad2,0,,,2026-09-18
2026-09-11,Ashby,c3c7125d-7883-4dff-a2bf-f5a55de4a364,"Staff Software Engineer, Product Engineering - EU",https://jobs.ashbyhq.com/ashby/c3c7125d-7883-4dff-a2bf-f5a55de4a364,0,,,2026-09-18
2026-09-11,Ashby,cb45928e-c7c7-4163-84d0-a962755a3593,Design Engineer - UK,https://jobs.ashbyhq.com/ashby/cb45928e-c7c7-4163-84d0-a962755a3593,58,,,2026-09-18
2026-09-11,Ashby,cc846e56-27dd-41b5-bf5b-64d5eeb5ff1a,Staff Design Engineer - Americas,https://jobs.ashbyhq.com/ashby/cc846e56-27dd-41b5-bf5b-64d5eeb5ff1a,0,,,2026-09-18
2026-09-11,Ashby,ce9f0432-7abf-4911-b644-69d0fb08d67f,"Renewal Manager, SMB - Americas",https://jobs.ashbyhq.com/ashby/ce9f0432-7abf-4911-b644-69d0fb08d67f,0,,,2026-09-18
2026-09-11,Ashby,cf34cf62-5348-4bd5-bd8c-22a77467162d,Product Support Engineer - APAC,https://jobs.ashbyhq.com/ashby/cf34cf62-5348-4bd5-bd8c-22a77467162d,26,,,2026-09-18
2026-09-11,Ashby,d573471b-2005-482c-9fbf-d1df9550cb57,Engineering Manager - UK,https://jobs.ashbyhq.com/ashby/d573471b-2005-482c-9fbf-d1df9550cb57,0,,,2026-09-18
2026-09-11,Ashby,dd3601fc-3a21-467b-aaff-43fceb65864b,SMB Customer Success Manager - Americas,https://jobs.ashbyhq.com/ashby/dd3601fc-3a21-467b-aaff-43fceb65864b,0,,,2026-09-18
2026-09-11,Ashby,dfc35159-ffe5-4d42-bea3-552b5dc17628,Enterprise Solutions Engineering Manager,https://jobs.ashbyhq.com/ashby/dfc35159-ffe5-4d42-bea3-552b5dc17628,0,,,2026-09-18
2026-09-11,Ashby,e5863f7c-2238-410f-9a72-d40c944d2511,Value Consultant,https://jobs.ashbyhq.com/ashby/e5863f7c-2238-410f-9a72-d40c944d2511,31,,,2026-09-18
2026-09-11,Ashby,f2ba7c39-e5cb-47aa-8b80-74c0426725b7,Support Engineering Manager - Americas,https://jobs.ashbyhq.com/ashby/f2ba7c39-e5cb-47aa-8b80-74c0426725b7,0,,,2026-09-18
2026-09-11,Ashby,f40ef345-82a8-4956-9150-193b4fdf8183,Senior Product Designer,https://jobs.ashbyhq.com/ashby/f40ef345-82a8-4956-9150-193b4fdf8183,0,,,2026-09-18
2026-09-11,Ashby,fa001346-ea81-41b2-bfbe-2271d3faac1a,Staff Platform Engineer - EU,https://jobs.ashbyhq.com/ashby/fa001346-ea81-41b2-bfbe-2271d3faac1a,0,,,2026-09-18
2026-09-11,Ashby,fd86edd7-3af0-4977-a61a-215212c296fa,Design Engineer - Americas,https://jobs.ashbyhq.com/ashby/fd86edd7-3af0-4977-a61a-215212c296fa,78,,,2026-09-18
2026-09-11,Ashby,fe44e5a8-1b61-4330-a02d-7f7b66f5ade2,Senior Strategic Implementation Specialist - Americas (EST),https://jobs.ashbyhq.com/ashby/fe44e5a8-1b61-4330-a02d-7f7b66f5ade2,0,,,2026-09-18
2026-09-11,Beacon Software,00f28120-75fc-4d45-9ab7-5bec14033456,Deal Origination Associate,https://jobs.ashbyhq.com/beaconsoftware/00f28120-75fc-4d45-9ab7-5bec14033456,36,,,2026-09-18
2026-09-11,Beacon Software,0c3ca202-5ef3-41a4-aa53-d95fc7f07575,"Paralegal, Legal Integration",https://jobs.ashbyhq.com/beaconsoftware/0c3ca202-5ef3-41a4-aa53-d95fc7f07575,26,,,2026-09-18
2026-09-11,Beacon Software,0ebfa0e3-df9a-43ce-8254-f6a177fa1fa7,Forward Deployed Engineer,https://jobs.ashbyhq.com/beaconsoftware/0ebfa0e3-df9a-43ce-8254-f6a177fa1fa7,26,,,2026-09-18
2026-09-11,Beacon Software,1aa41ada-b3c2-41e7-93a5-74f9c9a0da50,Member of Technical Staff,https://jobs.ashbyhq.com/beaconsoftware/1aa41ada-b3c2-41e7-93a5-74f9c9a0da50,0,,,2026-09-18
2026-09-11,Beacon Software,1cf40397-3a62-4dd2-90cf-d046a35a4fbc,Tech Lead,https://jobs.ashbyhq.com/beaconsoftware/1cf40397-3a62-4dd2-90cf-d046a35a4fbc,0,,,2026-09-18
2026-09-11,Beacon Software,1f119769-fff2-4caa-8bf0-52757e999e94,HR Business Partner,https://jobs.ashbyhq.com/beaconsoftware/1f119769-fff2-4caa-8bf0-52757e999e94,26,,,2026-09-18
2026-09-11,Beacon Software,2318ff7a-34e0-4fbc-9f66-4fb8cce8fbc7,Member of GTM Staff - San Francisco,https://jobs.ashbyhq.com/beaconsoftware/2318ff7a-34e0-4fbc-9f66-4fb8cce8fbc7,0,,,2026-09-18
2026-09-11,Beacon Software,2452d342-a069-4eda-adbe-9df296808ca1,Software Engineering Intern,https://jobs.ashbyhq.com/beaconsoftware/2452d342-a069-4eda-adbe-9df296808ca1,26,,,2026-09-18
2026-09-11,Beacon Software,2cd0e31a-fc69-455e-b089-98f80078e36f,Staff/Lead Application Security Engineer,https://jobs.ashbyhq.com/beaconsoftware/2cd0e31a-fc69-455e-b089-98f80078e36f,0,,,2026-09-18
2026-09-11,Beacon Software,2f63365e-c5a3-4dec-9418-799af3dc82aa,Product Counsel,https://jobs.ashbyhq.com/beaconsoftware/2f63365e-c5a3-4dec-9418-799af3dc82aa,42,,,2026-09-18
2026-09-11,Beacon Software,4207cf49-5a43-48f5-a39f-afdae184819d,Lead Engineer- 99Pledges,https://jobs.ashbyhq.com/beaconsoftware/4207cf49-5a43-48f5-a39f-afdae184819d,0,,,2026-09-18
2026-09-11,Beacon Software,4a5c35f0-7dd4-46d2-a969-e588afb1184d,Member of Technical Staff,https://jobs.ashbyhq.com/beaconsoftware/4a5c35f0-7dd4-46d2-a969-e588afb1184d,0,,,2026-09-18
2026-09-11,Beacon Software,4e7f3838-90ad-4d08-8900-937d1baa86a7,Member of GTM Staff - Toronto,https://jobs.ashbyhq.com/beaconsoftware/4e7f3838-90ad-4d08-8900-937d1baa86a7,0,,,2026-09-18
2026-09-11,Beacon Software,554da2b6-23f1-4209-9f3c-d64bfdcd92b9,Forward Deployed Engineer,https://jobs.ashbyhq.com/beaconsoftware/554da2b6-23f1-4209-9f3c-d64bfdcd92b9,26,,,2026-09-18
2026-09-11,Beacon Software,5ce0636f-ac7a-4950-add8-63c9d31453e3,Staff/Lead Enterprise Security Engineer,https://jobs.ashbyhq.com/beaconsoftware/5ce0636f-ac7a-4950-add8-63c9d31453e3,0,,,2026-09-18
2026-09-11,Beacon Software,631cd9e6-acd4-436e-8191-94fa20e95a8a,Technical Sourcer,https://jobs.ashbyhq.com/beaconsoftware/631cd9e6-acd4-436e-8191-94fa20e95a8a,11,,,2026-09-18
2026-09-11,Beacon Software,670f3807-7a5b-45f1-b901-b4ac12d6cd70,"Project Manager, Revenue Operations",https://jobs.ashbyhq.com/beaconsoftware/670f3807-7a5b-45f1-b901-b4ac12d6cd70,0,,,2026-09-18
2026-09-11,Beacon Software,69096a80-0fb2-4cf1-b28d-586c970d0535,Product Lead,https://jobs.ashbyhq.com/beaconsoftware/69096a80-0fb2-4cf1-b28d-586c970d0535,0,,,2026-09-18
2026-09-11,Beacon Software,71965ed6-44a9-4d11-aa10-aa9466019371,Product Lead,https://jobs.ashbyhq.com/beaconsoftware/71965ed6-44a9-4d11-aa10-aa9466019371,0,,,2026-09-18
2026-09-11,Beacon Software,759ad48a-2ae3-4608-8ecf-57adbf5a0be7,HR Business Partner,https://jobs.ashbyhq.com/beaconsoftware/759ad48a-2ae3-4608-8ecf-57adbf5a0be7,26,,,2026-09-18
2026-09-11,Beacon Software,7614bb02-cc8e-4241-84bb-b1a2078ff368,Strategic Finance Director,https://jobs.ashbyhq.com/beaconsoftware/7614bb02-cc8e-4241-84bb-b1a2078ff368,0,,,2026-09-18
2026-09-11,Beacon Software,76c893a4-531a-4900-ba17-7a1f965c7aaf,Head of Data Infrastructure,https://jobs.ashbyhq.com/beaconsoftware/76c893a4-531a-4900-ba17-7a1f965c7aaf,0,,,2026-09-18
2026-09-11,Beacon Software,7e2a0ca0-a646-4b15-8b08-18559a69225d,"Manager, Origination",https://jobs.ashbyhq.com/beaconsoftware/7e2a0ca0-a646-4b15-8b08-18559a69225d,0,,,2026-09-18
2026-09-11,Beacon Software,7f8cc7df-58ac-4e96-a175-8b7655f55db9,Product Lead,https://jobs.ashbyhq.com/beaconsoftware/7f8cc7df-58ac-4e96-a175-8b7655f55db9,0,,,2026-09-18
2026-09-11,Beacon Software,81011b99-50f0-4099-87bf-e94b225cb58f,"Technical Project Manager, Integrations",https://jobs.ashbyhq.com/beaconsoftware/81011b99-50f0-4099-87bf-e94b225cb58f,0,,,2026-09-18
2026-09-11,Beacon Software,8a12626c-350d-47b8-b31a-413b20f08569,Tech Lead - ToolHound,https://jobs.ashbyhq.com/beaconsoftware/8a12626c-350d-47b8-b31a-413b20f08569,0,,,2026-09-18
2026-09-11,Beacon Software,8a70e712-47a6-4bd5-818c-85ebd04a4809,Technical Sourcer,https://jobs.ashbyhq.com/beaconsoftware/8a70e712-47a6-4bd5-818c-85ebd04a4809,11,,,2026-09-18
2026-09-11,Beacon Software,9fdf5690-2ad1-4014-b0bb-32c8da03c723,M&A Counsel,https://jobs.ashbyhq.com/beaconsoftware/9fdf5690-2ad1-4014-b0bb-32c8da03c723,11,,,2026-09-18
2026-09-11,Beacon Software,a085cba7-b4aa-4583-a7cb-a287ca7c8096,Recruiting Operations Lead,https://jobs.ashbyhq.com/beaconsoftware/a085cba7-b4aa-4583-a7cb-a287ca7c8096,0,,,2026-09-18
2026-09-11,Beacon Software,a2e46dd3-02e6-4bc4-8745-d3d286311ce6,Oracle Cloud Architect - System Dynamics,https://jobs.ashbyhq.com/beaconsoftware/a2e46dd3-02e6-4bc4-8745-d3d286311ce6,22,,,2026-09-18
2026-09-11,Beacon Software,aa18aaa1-7d79-489e-b888-1b046d010d51,"Director - Governance, Risk, Compliance & Privacy (GRC)",https://jobs.ashbyhq.com/beaconsoftware/aa18aaa1-7d79-489e-b888-1b046d010d51,0,,,2026-09-18
2026-09-11,Beacon Software,b02cc22b-086b-4c05-80bb-b328631ace3a,Senior Technical Recruiter,https://jobs.ashbyhq.com/beaconsoftware/b02cc22b-086b-4c05-80bb-b328631ace3a,0,,,2026-09-18
2026-09-11,Beacon Software,b1fbcc74-6cdf-493d-ba59-5be0eb60ecf3,Employment Counsel,https://jobs.ashbyhq.com/beaconsoftware/b1fbcc74-6cdf-493d-ba59-5be0eb60ecf3,11,,,2026-09-18
2026-09-11,Beacon Software,b4c63a0f-38dc-4a80-805b-1c175879758f,Investment Lead,https://jobs.ashbyhq.com/beaconsoftware/b4c63a0f-38dc-4a80-805b-1c175879758f,0,,,2026-09-18
2026-09-11,Beacon Software,bd4db841-c283-4b28-929f-a2426fa42bcb,Tax Manager,https://jobs.ashbyhq.com/beaconsoftware/bd4db841-c283-4b28-929f-a2426fa42bcb,0,,,2026-09-18
2026-09-11,Beacon Software,bfba2dc4-f24b-4c4d-8e4f-2619ec41752f,"Director, Association Partnerships & School Growth",https://jobs.ashbyhq.com/beaconsoftware/bfba2dc4-f24b-4c4d-8e4f-2619ec41752f,0,,,2026-09-18
2026-09-11,Beacon Software,c419fed0-e4e5-4aa7-84e6-207107932908,Strategic Finance Director,https://jobs.ashbyhq.com/beaconsoftware/c419fed0-e4e5-4aa7-84e6-207107932908,0,,,2026-09-18
2026-09-11,Beacon Software,c5bc197a-efd5-40b9-a42e-c84f964f5f03,Senior Technical Recruiter,https://jobs.ashbyhq.com/beaconsoftware/c5bc197a-efd5-40b9-a42e-c84f964f5f03,0,,,2026-09-18
2026-09-11,Beacon Software,d3441ecf-acc4-4f0c-b1e3-c8aa8d907906,Investment Lead,https://jobs.ashbyhq.com/beaconsoftware/d3441ecf-acc4-4f0c-b1e3-c8aa8d907906,0,,,2026-09-18
2026-09-11,Beacon Software,d7a70200-decb-4c3e-b1fb-c9c647125802,Privacy Counsel,https://jobs.ashbyhq.com/beaconsoftware/d7a70200-decb-4c3e-b1fb-c9c647125802,42,,,2026-09-18
2026-09-11,Beacon Software,dadb4654-dc89-4bc2-ae32-7d226423fb7d,Forward Deployed Engineer,https://jobs.ashbyhq.com/beaconsoftware/dadb4654-dc89-4bc2-ae32-7d226423fb7d,46,,,2026-09-18
2026-09-11,Beacon Software,db75070d-0848-434f-8605-ff3e267faee9,Investment Director,https://jobs.ashbyhq.com/beaconsoftware/db75070d-0848-434f-8605-ff3e267faee9,0,,,2026-09-18
2026-09-11,Beacon Software,de41f84d-ecdd-4f4c-b96f-18077b94bd18,Member of Technical Staff,https://jobs.ashbyhq.com/beaconsoftware/de41f84d-ecdd-4f4c-b96f-18077b94bd18,0,,,2026-09-18
2026-09-11,Beacon Software,e1f1042f-0f75-4060-a629-13809cbaa34b,Portfolio Accounting Manager,https://jobs.ashbyhq.com/beaconsoftware/e1f1042f-0f75-4060-a629-13809cbaa34b,0,,,2026-09-18
2026-09-11,Beacon Software,e392f7ce-b4e6-4b7c-8961-914195fbee77,Member of GTM Staff - New York,https://jobs.ashbyhq.com/beaconsoftware/e392f7ce-b4e6-4b7c-8961-914195fbee77,0,,,2026-09-18
2026-09-11,Beacon Software,ef64adbf-20df-41be-9c5f-63b95dce41b4,Investment Director,https://jobs.ashbyhq.com/beaconsoftware/ef64adbf-20df-41be-9c5f-63b95dce41b4,0,,,2026-09-18
2026-09-11,Beacon Software,f4c7fe9c-e079-4cca-aba1-4ef0620c5d80,Generalist / Portco Recruiter,https://jobs.ashbyhq.com/beaconsoftware/f4c7fe9c-e079-4cca-aba1-4ef0620c5d80,11,,,2026-09-18
2026-09-11,Confido,090f3529-2954-41db-a2b4-254aa4e23ad3,Product Designer,https://jobs.ashbyhq.com/confido/090f3529-2954-41db-a2b4-254aa4e23ad3,31,,,2026-09-18
2026-09-11,Confido,10fbb497-7893-422f-bca5-1c72084faddc,Engineering Manager,https://jobs.ashbyhq.com/confido/10fbb497-7893-422f-bca5-1c72084faddc,0,,,2026-09-18
2026-09-11,Confido,16eaecf4-f4e1-4f7e-a12f-745f89e0a99b,Product Deployment Specialist,https://jobs.ashbyhq.com/confido/16eaecf4-f4e1-4f7e-a12f-745f89e0a99b,46,,,2026-09-18
2026-09-11,Confido,1ab17543-29df-4d5a-a933-d443d659eafa,Data Scientist,https://jobs.ashbyhq.com/confido/1ab17543-29df-4d5a-a933-d443d659eafa,53,,,2026-09-18
2026-09-11,Confido,298dd412-9a5b-4720-9266-638eb4fbd60e,Senior Frontend Engineer,https://jobs.ashbyhq.com/confido/298dd412-9a5b-4720-9266-638eb4fbd60e,0,,,2026-09-18
2026-09-11,Confido,2ca70e4e-c92d-45f8-9af3-117567200348,Senior Software Engineer,https://jobs.ashbyhq.com/confido/2ca70e4e-c92d-45f8-9af3-117567200348,0,,,2026-09-18
2026-09-11,Confido,3155bda4-fdb2-487f-a0ec-719cd876a726,Design Engineer,https://jobs.ashbyhq.com/confido/3155bda4-fdb2-487f-a0ec-719cd876a726,31,,,2026-09-18
2026-09-11,Confido,3a930957-91a1-469e-b1b2-d11c6d5ba8b4,Senior Applied AI/ML Engineer,https://jobs.ashbyhq.com/confido/3a930957-91a1-469e-b1b2-d11c6d5ba8b4,0,,,2026-09-18
2026-09-11,Confido,3a95d866-2e8f-432a-927d-8679386cefe2,Applied AI/ML Engineer,https://jobs.ashbyhq.com/confido/3a95d866-2e8f-432a-927d-8679386cefe2,57,,,2026-09-18
2026-09-11,Confido,3e38bb2c-4dd4-4c2d-a8e1-fe28a1259376,Senior Sales Recruiter,https://jobs.ashbyhq.com/confido/3e38bb2c-4dd4-4c2d-a8e1-fe28a1259376,0,,,2026-09-18
2026-09-11,Confido,40763649-8409-4179-b1b3-16ac76a97e38,CPG Disputes Specialist,https://jobs.ashbyhq.com/confido/40763649-8409-4179-b1b3-16ac76a97e38,46,,,2026-09-18
2026-09-11,Confido,504762ef-b1dd-4001-9b4f-1e8c3fa153df,Senior Data Analyst,https://jobs.ashbyhq.com/confido/504762ef-b1dd-4001-9b4f-1e8c3fa153df,0,,,2026-09-18
2026-09-11,Confido,5466245e-bd6b-41ed-a145-6632b3a191bf,Director of Partnerships,https://jobs.ashbyhq.com/confido/5466245e-bd6b-41ed-a145-6632b3a191bf,0,,,2026-09-18
2026-09-11,Confido,64f75552-8869-4d63-a079-151dc66fdd37,Senior Analyst - Business Operations,https://jobs.ashbyhq.com/confido/64f75552-8869-4d63-a079-151dc66fdd37,0,,,2026-09-18
2026-09-11,Confido,69c0e572-b2f4-442f-beb8-1240155c629e,New Grad Software Engineer,https://jobs.ashbyhq.com/confido/69c0e572-b2f4-442f-beb8-1240155c629e,67,,,2026-09-18
2026-09-11,Confido,74d1f7c5-b79d-4d5a-a0d4-0403df34c31c,Accounting Manager,https://jobs.ashbyhq.com/confido/74d1f7c5-b79d-4d5a-a0d4-0403df34c31c,0,,,2026-09-18
2026-09-11,Confido,7a8ab3ce-d583-40db-b32f-7fb0cdd6258b,Head of Implementation,https://jobs.ashbyhq.com/confido/7a8ab3ce-d583-40db-b32f-7fb0cdd6258b,0,,,2026-09-18
2026-09-11,Confido,98553126-7cb7-4f10-97c6-160ca3d83916,Senior Sales Development Representative,https://jobs.ashbyhq.com/confido/98553126-7cb7-4f10-97c6-160ca3d83916,0,,,2026-09-18
2026-09-11,Confido,98c9666a-c4ce-4baf-b044-9f8265054c95,Enterprise Account Executive,https://jobs.ashbyhq.com/confido/98c9666a-c4ce-4baf-b044-9f8265054c95,31,,,2026-09-18
2026-09-11,Confido,9cf81e62-ce97-44db-b108-1b636836cdf8,Finance & Strategy Manager,https://jobs.ashbyhq.com/confido/9cf81e62-ce97-44db-b108-1b636836cdf8,0,,,2026-09-18
2026-09-11,Confido,a0508501-1db6-4497-b4e4-6aeb69976403,Mid Market Account Executive,https://jobs.ashbyhq.com/confido/a0508501-1db6-4497-b4e4-6aeb69976403,46,,,2026-09-18
2026-09-11,Confido,b1365545-3b0d-4c21-928b-ff2d411d4d60,Senior Analytics Engineer,https://jobs.ashbyhq.com/confido/b1365545-3b0d-4c21-928b-ff2d411d4d60,0,,,2026-09-18
2026-09-11,Confido,b1d615bc-2040-4593-84ba-54039a5a8c75,Staff Software Engineer,https://jobs.ashbyhq.com/confido/b1d615bc-2040-4593-84ba-54039a5a8c75,0,,,2026-09-18
2026-09-11,Confido,b4fa4a5f-30c1-42ef-961a-fd0e3b7cdbc8,Product Marketer,https://jobs.ashbyhq.com/confido/b4fa4a5f-30c1-42ef-961a-fd0e3b7cdbc8,31,,,2026-09-18
2026-09-11,Confido,b92ca21b-c771-44d0-991b-e3dae7654dab,Applied AI Data Analyst,https://jobs.ashbyhq.com/confido/b92ca21b-c771-44d0-991b-e3dae7654dab,79,,,2026-09-18
2026-09-11,Confido,ba89efef-fbef-4297-9dfb-956de57d4867,People Operations Manager,https://jobs.ashbyhq.com/confido/ba89efef-fbef-4297-9dfb-956de57d4867,0,,,2026-09-18
2026-09-11,Confido,c61f8645-a090-44ec-ba0e-661f10c66033,Director of Revenue Growth Management,https://jobs.ashbyhq.com/confido/c61f8645-a090-44ec-ba0e-661f10c66033,0,,,2026-09-18
2026-09-11,Confido,c6a2eb44-6f4f-4e71-9e4c-b4bd33fbe691,Senior Data Scientist,https://jobs.ashbyhq.com/confido/c6a2eb44-6f4f-4e71-9e4c-b4bd33fbe691,0,,,2026-09-18
2026-09-11,Confido,c77fe2ec-51d1-47ea-b616-b4e477a13696,Senior ML Ops Engineer,https://jobs.ashbyhq.com/confido/c77fe2ec-51d1-47ea-b616-b4e477a13696,0,,,2026-09-18
2026-09-11,Confido,c7ee40c1-ac61-4329-9b7b-b5b7945cddc0,Senior Product Manager,https://jobs.ashbyhq.com/confido/c7ee40c1-ac61-4329-9b7b-b5b7945cddc0,0,,,2026-09-18
2026-09-11,Confido,d5520ce5-bc5f-4947-8912-292615b0c5ac,Software Engineer,https://jobs.ashbyhq.com/confido/d5520ce5-bc5f-4947-8912-292615b0c5ac,57,,,2026-09-18
2026-09-11,Confido,db86da61-f0c7-43ee-8388-a92898948fa8,Founding Growth,https://jobs.ashbyhq.com/confido/db86da61-f0c7-43ee-8388-a92898948fa8,46,,,2026-09-18
2026-09-11,Confido,e3d42ff2-4ab4-4469-9091-d249b2c7519d,Forward Deployed Engineer,https://jobs.ashbyhq.com/confido/e3d42ff2-4ab4-4469-9091-d249b2c7519d,68,,,2026-09-18
2026-09-11,Faktion,1580445,AI Delivery Lead,https://talent.faktion.com/o/senior-ml-engineer-nlp-2,0,,,2026-09-18
2026-09-11,Faktion,1580865,MLOps Engineer,https://talent.faktion.com/o/ai-delivery-lead-2,37,,,2026-09-18
2026-09-11,Faktion,1580869,AI Project Manager,https://talent.faktion.com/o/ai-project-manager,0,,,2026-09-18
2026-09-11,Faktion,1580882,Senior ML Engineer,https://talent.faktion.com/o/ml-engineer-2,0,,,2026-09-18
2026-09-11,Faktion,1580997,Senior AI Engineer in Computer Vision,https://talent.faktion.com/o/senior-ai-engineer-in-computer-vision,0,,,2026-09-18
2026-09-11,Faktion,1648316,AI Solutions Consultant,https://talent.faktion.com/o/ai-solutions-consultant,15,,,2026-09-18
2026-09-11,Faktion,1652756,Generative AI Engineer,https://talent.faktion.com/o/generative-ai-engineer,26,,,2026-09-18
2026-09-11,Faktion,2132679,Senior Full-Stack Engineer,https://talent.faktion.com/o/senior-full-stack-engineer,0,,,2026-09-18
2026-09-11,Faktion,2132742,Generative AI Lead Engineer,https://talent.faktion.com/o/generative-ai-lead-engineer,0,,,2026-09-18
2026-09-11,Faktion,2199326,DevOps Engineer [Dutch required],https://talent.faktion.com/o/devops-engineer-dutch-required,37,,,2026-09-18
2026-09-11,Faktion,2541940,Applied Research AI Engineer,https://talent.faktion.com/o/applied-research-ai-engineer,26,,,2026-09-18
2026-09-11,Faktion,2542752,AI Engineer,https://talent.faktion.com/o/ai-engineer,36,,,2026-09-18
2026-09-11,Faktion,2617263,Talent Acquisition & Culture Lead,https://talent.faktion.com/o/talent-acquisition-culture-lead,0,,,2026-09-18
2026-09-11,Faktion,2667584,Senior Java Engineer,https://talent.faktion.com/o/senior-java-engineer,0,,,2026-09-18
2026-09-11,FreedomPay,00a49eb4-6731-4848-9b39-764600fb5a2d,"Director, Global Brand Design",https://jobs.lever.co/freedompay/00a49eb4-6731-4848-9b39-764600fb5a2d,0,,,2026-09-18
2026-09-11,FreedomPay,05e2c810-bd5f-4049-8f69-c00985c9ba7f,Strategic Account Executive - Lodging,https://jobs.lever.co/freedompay/05e2c810-bd5f-4049-8f69-c00985c9ba7f,57,,,2026-09-18
2026-09-11,FreedomPay,0a65c015-4a5f-49a6-8bfb-86f4be6eeeec,Sr. Systems Engineer,https://jobs.lever.co/freedompay/0a65c015-4a5f-49a6-8bfb-86f4be6eeeec,0,,,2026-09-18
2026-09-11,FreedomPay,10b5cac6-6af8-463d-a047-6b3a75549422,Strategic Account Executive - QSR,https://jobs.lever.co/freedompay/10b5cac6-6af8-463d-a047-6b3a75549422,57,,,2026-09-18
2026-09-11,FreedomPay,142777ba-b19f-47bc-b137-2beab997e34c,Enterprise Customer Success Manager,https://jobs.lever.co/freedompay/142777ba-b19f-47bc-b137-2beab997e34c,0,,,2026-09-18
2026-09-11,FreedomPay,1c1af0db-20d9-45de-9683-05a008e38cb1,Customer Success Manager,https://jobs.lever.co/freedompay/1c1af0db-20d9-45de-9683-05a008e38cb1,0,,,2026-09-18
2026-09-11,FreedomPay,25687cfe-d074-4b0d-936b-9621f8165894,Platform Operations Engineer,https://jobs.lever.co/freedompay/25687cfe-d074-4b0d-936b-9621f8165894,37,,,2026-09-18
2026-09-11,FreedomPay,306f4d8d-adf0-401c-bd73-8b9a63bbd15a,Snowflake Data Engineer,https://jobs.lever.co/freedompay/306f4d8d-adf0-401c-bd73-8b9a63bbd15a,57,,,2026-09-18
2026-09-11,FreedomPay,3333e2ca-e5bb-49be-aeea-ce35b719ae70,Platform Operations Analyst - Second Shift,https://jobs.lever.co/freedompay/3333e2ca-e5bb-49be-aeea-ce35b719ae70,37,,,2026-09-18
2026-09-11,FreedomPay,353d6dfe-2fda-4d7a-a181-ff554b37e710,Open to Network,https://jobs.lever.co/freedompay/353d6dfe-2fda-4d7a-a181-ff554b37e710,37,,,2026-09-18
2026-09-11,FreedomPay,454a4010-d6d6-46e7-aa1f-4b956addc79c,Platform Operations Analyst,https://jobs.lever.co/freedompay/454a4010-d6d6-46e7-aa1f-4b956addc79c,37,,,2026-09-18
2026-09-11,FreedomPay,4ef6e571-3244-40e0-bc3d-2b84b1e2f2bb,Enterprise Customer Success Manager (English/Spanish Speaking),https://jobs.lever.co/freedompay/4ef6e571-3244-40e0-bc3d-2b84b1e2f2bb,0,,,2026-09-18
2026-09-11,FreedomPay,56d7ad99-a0a8-41ab-9bdf-4e60847e9570,Sr. Software Engineer,https://jobs.lever.co/freedompay/56d7ad99-a0a8-41ab-9bdf-4e60847e9570,0,,,2026-09-18
2026-09-11,FreedomPay,5b36b713-333a-4516-9664-92f882984e05,Business Development Executive,https://jobs.lever.co/freedompay/5b36b713-333a-4516-9664-92f882984e05,37,,,2026-09-18
2026-09-11,FreedomPay,640f44ef-6a03-4cf7-981d-407d4ea0ecab,Sr. Observability Engineer,https://jobs.lever.co/freedompay/640f44ef-6a03-4cf7-981d-407d4ea0ecab,0,,,2026-09-18
2026-09-11,FreedomPay,788e02cf-574e-4369-a254-b1ada1535fa1,Snowflake Account Administrator,https://jobs.lever.co/freedompay/788e02cf-574e-4369-a254-b1ada1535fa1,57,,,2026-09-18
2026-09-11,FreedomPay,82feed6c-2dd8-41f7-9927-fd4bd2fe7d41,Strategic Account Executive - Retail,https://jobs.lever.co/freedompay/82feed6c-2dd8-41f7-9927-fd4bd2fe7d41,57,,,2026-09-18
2026-09-11,FreedomPay,99189d49-fc49-42b1-92ea-119558af5b29,Strategic Account Executive - Food Service,https://jobs.lever.co/freedompay/99189d49-fc49-42b1-92ea-119558af5b29,57,,,2026-09-18
2026-09-11,FreedomPay,9a213e62-b826-46ee-8565-cc55073a58da,"Manager, Sales Engineering",https://jobs.lever.co/freedompay/9a213e62-b826-46ee-8565-cc55073a58da,0,,,2026-09-18
2026-09-11,FreedomPay,9c37c52b-d55d-4261-9766-8edaaf8e04ac,Associate Site Reliability Engineer,https://jobs.lever.co/freedompay/9c37c52b-d55d-4261-9766-8edaaf8e04ac,67,,,2026-09-18
2026-09-11,FreedomPay,a436c448-23eb-496c-be34-5bcd18203e78,Sales Executive,https://jobs.lever.co/freedompay/a436c448-23eb-496c-be34-5bcd18203e78,57,,,2026-09-18
2026-09-11,FreedomPay,a75c089c-c123-41b3-bb84-3ad87378d831,Install Support Analyst,https://jobs.lever.co/freedompay/a75c089c-c123-41b3-bb84-3ad87378d831,15,,,2026-09-18
2026-09-11,FreedomPay,b4022b25-d606-4860-a2f2-d3e4c45ee608,"Manager, Technical Support",https://jobs.lever.co/freedompay/b4022b25-d606-4860-a2f2-d3e4c45ee608,0,,,2026-09-18
2026-09-11,FreedomPay,b8479893-fe3d-4ac1-8cc0-03092604a177,Sr. Systems Engineer - Load Balancing,https://jobs.lever.co/freedompay/b8479893-fe3d-4ac1-8cc0-03092604a177,0,,,2026-09-18
2026-09-11,FreedomPay,d380d2bd-265a-416f-9642-08e26180ae60,"HR Business Partner, Technology",https://jobs.lever.co/freedompay/d380d2bd-265a-416f-9642-08e26180ae60,37,,,2026-09-18
2026-09-11,FreedomPay,debca740-ba3e-4b4b-93a9-69ec10e3e9cd,Sr. Site Reliability Engineer,https://jobs.lever.co/freedompay/debca740-ba3e-4b4b-93a9-69ec10e3e9cd,0,,,2026-09-18
2026-09-11,FreedomPay,e3458ae4-c55c-498d-b73f-791ea2fb53f5,Sales Development Representative,https://jobs.lever.co/freedompay/e3458ae4-c55c-498d-b73f-791ea2fb53f5,26,,,2026-09-18
2026-09-11,FreedomPay,f74433e4-a753-42a0-8bcb-e0418a379052,Business Development Executive,https://jobs.lever.co/freedompay/f74433e4-a753-42a0-8bcb-e0418a379052,57,,,2026-09-18
2026-09-11,FreedomPay,fb7c6171-ca39-4518-b6d4-3e6a6866ee7f,Strategic Account Executive - Entertainment,https://jobs.lever.co/freedompay/fb7c6171-ca39-4518-b6d4-3e6a6866ee7f,57,,,2026-09-18
2026-09-11,Giga,0356bbca-0bc4-4463-8ca6-ea2db04c0d83,Senior Backend Engineer,https://jobs.ashbyhq.com/gigaml/0356bbca-0bc4-4463-8ca6-ea2db04c0d83,0,,,2026-09-18
2026-09-11,Giga,0877d6bc-af0a-4fe4-8289-db2bd75c195d,Senior Frontend Engineer,https://jobs.ashbyhq.com/gigaml/0877d6bc-af0a-4fe4-8289-db2bd75c195d,0,,,2026-09-18
2026-09-11,Giga,0bd3cb15-811f-4a6b-ac12-781f24735a86,Senior / Staff Forward Deployed Engineer,https://jobs.ashbyhq.com/gigaml/0bd3cb15-811f-4a6b-ac12-781f24735a86,0,,,2026-09-18
2026-09-11,Giga,16876587-6ea6-4312-bf38-f62de6941626,Staff Backend Engineer,https://jobs.ashbyhq.com/gigaml/16876587-6ea6-4312-bf38-f62de6941626,0,,,2026-09-18
2026-09-11,Giga,16bd9cf6-aa06-4518-a5f2-84d00673345c,Social Content Manager,https://jobs.ashbyhq.com/gigaml/16bd9cf6-aa06-4518-a5f2-84d00673345c,0,,,2026-09-18
2026-09-11,Giga,20f81a70-4d8f-4dac-9dd5-4519c517de6c,Staff Product Designer,https://jobs.ashbyhq.com/gigaml/20f81a70-4d8f-4dac-9dd5-4519c517de6c,0,,,2026-09-18
2026-09-11,Giga,22b98514-cb06-4088-9553-9c9039434b9c,Enterprise Sales Director,https://jobs.ashbyhq.com/gigaml/22b98514-cb06-4088-9553-9c9039434b9c,0,,,2026-09-18
2026-09-11,Giga,37f7fa3b-aab1-4420-bb54-2d9b5d02f5e6,Regional Vice President of Sales,https://jobs.ashbyhq.com/gigaml/37f7fa3b-aab1-4420-bb54-2d9b5d02f5e6,0,,,2026-09-18
2026-09-11,Giga,3a51d733-f7cb-41b8-a4df-12593b4875c7,Enterprise Sales Director ,https://jobs.ashbyhq.com/gigaml/3a51d733-f7cb-41b8-a4df-12593b4875c7,0,,,2026-09-18
2026-09-11,Giga,51e4ddff-e191-4103-b10b-f427b5e17149,Enterprise Sales Director,https://jobs.ashbyhq.com/gigaml/51e4ddff-e191-4103-b10b-f427b5e17149,0,,,2026-09-18
2026-09-11,Giga,57794a51-5d19-44b7-8035-f049cb500e82,Enterprise Sales Director ,https://jobs.ashbyhq.com/gigaml/57794a51-5d19-44b7-8035-f049cb500e82,0,,,2026-09-18
2026-09-11,Giga,5d64e37a-34b0-4d17-b6e9-9eecf76d5e3a,Regional Vice President of Sales,https://jobs.ashbyhq.com/gigaml/5d64e37a-34b0-4d17-b6e9-9eecf76d5e3a,0,,,2026-09-18
2026-09-11,Giga,6718ea87-8c8f-474c-bbfb-462de9ae8aec,Regional Vice President of Sales,https://jobs.ashbyhq.com/gigaml/6718ea87-8c8f-474c-bbfb-462de9ae8aec,0,,,2026-09-18
2026-09-11,Giga,6fcc4288-f57a-4c95-ba15-ea3903e78033,Chief of Staff (Office of the CEO),https://jobs.ashbyhq.com/gigaml/6fcc4288-f57a-4c95-ba15-ea3903e78033,0,,,2026-09-18
2026-09-11,Giga,779c96cc-b7d6-40e6-a21c-1ca55231c0a1,Regional Vice President of Sales,https://jobs.ashbyhq.com/gigaml/779c96cc-b7d6-40e6-a21c-1ca55231c0a1,0,,,2026-09-18
2026-09-11,Giga,79f05a1a-7cde-4eb5-8e3f-ed9ebae077e0,Founding Engineering Manager,https://jobs.ashbyhq.com/gigaml/79f05a1a-7cde-4eb5-8e3f-ed9ebae077e0,0,,,2026-09-18
2026-09-12,Giga,802e3642-78b0-4efd-aca6-4ea5975837d0,Customer Success Lead (San Francisco),https://jobs.ashbyhq.com/gigaml/802e3642-78b0-4efd-aca6-4ea5975837d0,0,,,2026-09-19
2026-09-11,Giga,824ffdd6-91d4-4377-a29a-d3e320c7b054,Senior Backend Engineer,https://jobs.ashbyhq.com/gigaml/824ffdd6-91d4-4377-a29a-d3e320c7b054,0,,,2026-09-18
2026-09-11,Giga,834fc9bf-fd1f-43f5-9bbe-1e1404d8b0e8,QA Lead,https://jobs.ashbyhq.com/gigaml/834fc9bf-fd1f-43f5-9bbe-1e1404d8b0e8,0,,,2026-09-18
2026-09-11,Giga,842447b9-5607-4372-aa98-15962191421b,Regional Vice President of Sales,https://jobs.ashbyhq.com/gigaml/842447b9-5607-4372-aa98-15962191421b,0,,,2026-09-18
2026-09-11,Giga,8adaaa03-6e33-4906-8ca3-6227abbee8bd,Staff Backend Engineer,https://jobs.ashbyhq.com/gigaml/8adaaa03-6e33-4906-8ca3-6227abbee8bd,0,,,2026-09-18
2026-09-11,Giga,96f0c2f8-3d97-4763-ab46-b6af6ad8b2e7,Software Engineer I / II,https://jobs.ashbyhq.com/gigaml/96f0c2f8-3d97-4763-ab46-b6af6ad8b2e7,36,,,2026-09-18
2026-09-11,Giga,adb98b23-36f9-4078-9a7b-454752a30360,Mobile Engineer,https://jobs.ashbyhq.com/gigaml/adb98b23-36f9-4078-9a7b-454752a30360,37,,,2026-09-18
2026-09-11,Giga,b54acc2a-9b5c-46ab-ac43-141f216950b6,Enterprise Sales Director,https://jobs.ashbyhq.com/gigaml/b54acc2a-9b5c-46ab-ac43-141f216950b6,0,,,2026-09-18
2026-09-11,Giga,b5a48fee-24dd-4123-a216-da63a196e6e1,Security Engineer,https://jobs.ashbyhq.com/gigaml/b5a48fee-24dd-4123-a216-da63a196e6e1,37,,,2026-09-18
2026-09-11,Giga,ba9b543d-e85c-4bd1-978b-f838d7a4062f,Software Engineer I / II,https://jobs.ashbyhq.com/gigaml/ba9b543d-e85c-4bd1-978b-f838d7a4062f,56,,,2026-09-18
2026-09-11,Giga,bb83a273-86d6-44d3-8285-262b8d2df5e0,Regional Vice President of Sales,https://jobs.ashbyhq.com/gigaml/bb83a273-86d6-44d3-8285-262b8d2df5e0,0,,,2026-09-18
2026-09-11,Giga,c5780770-b6de-4c72-ab4c-b25c2cf8c499,Regional Vice President of Sales,https://jobs.ashbyhq.com/gigaml/c5780770-b6de-4c72-ab4c-b25c2cf8c499,0,,,2026-09-18
2026-09-11,Giga,cd4b9f9f-2110-439a-8cd4-07b58229702b,Enterprise Sales Director,https://jobs.ashbyhq.com/gigaml/cd4b9f9f-2110-439a-8cd4-07b58229702b,0,,,2026-09-18
2026-09-11,Giga,d9a89446-1f1a-49c1-8df4-ae67aafe39bb,Senior Forward Deployed Engineer,https://jobs.ashbyhq.com/gigaml/d9a89446-1f1a-49c1-8df4-ae67aafe39bb,0,,,2026-09-18
2026-09-11,Giga,ea4abfde-77d8-4a80-878b-c5132163c7f0,Forward Deployed Engineer I/II,https://jobs.ashbyhq.com/gigaml/ea4abfde-77d8-4a80-878b-c5132163c7f0,37,,,2026-09-18
2026-09-11,Giga,fb38661d-66a8-4614-b4aa-835bfb33cf8f,Enterprise Sales Development Representative,https://jobs.ashbyhq.com/gigaml/fb38661d-66a8-4614-b4aa-835bfb33cf8f,15,,,2026-09-18
2026-09-11,Globus Medical,/job/Arkansas/Associate-Spine-Specialist--Little-Rock--AR-_JR107436,"Associate Spine Specialist (Little Rock, AR)",https://globusmedical.wd5.myworkdayjobs.com/gmed_careers/job/Arkansas/Associate-Spine-Specialist--Little-Rock--AR-_JR107436,25,,,2026-09-18
2026-09-11,Globus Medical,/job/Associate-Spine-Specialist_JR105701,Associate Spine Specialist,https://globusmedical.wd5.myworkdayjobs.com/gmed_careers/job/Associate-Spine-Specialist_JR105701,25,,,2026-09-18
2026-09-11,Globus Medical,/job/Audubon-PA/Analytical-Scientist_JR106229,Analytical Scientist,https://globusmedical.wd5.myworkdayjobs.com/gmed_careers/job/Audubon-PA/Analytical-Scientist_JR106229,11,,,2026-09-18
2026-09-11,Globus Medical,/job/Audubon-PA/Associate-Education-Program-Manager_JR106600-1,Associate Education Program Manager,https://globusmedical.wd5.myworkdayjobs.com/gmed_careers/job/Audubon-PA/Associate-Education-Program-Manager_JR106600-1,0,,,2026-09-18
2026-09-11,Globus Medical,/job/Audubon-PA/Associate-Electrical-Engineer_JR106529,Associate Electrical Engineer,https://globusmedical.wd5.myworkdayjobs.com/gmed_careers/job/Audubon-PA/Associate-Electrical-Engineer_JR106529,25,,,2026-09-18
2026-09-11,Globus Medical,/job/Audubon-PA/Associate-Inventory-Analyst_JR106607,Associate Inventory Analyst,https://globusmedical.wd5.myworkdayjobs.com/gmed_careers/job/Audubon-PA/Associate-Inventory-Analyst_JR106607,25,,,2026-09-18
2026-09-11,Globus Medical,/job/Audubon-PA/Associate-Product-Manager_JR105815,Associate Product Manager,https://globusmedical.wd5.myworkdayjobs.com/gmed_careers/job/Audubon-PA/Associate-Product-Manager_JR105815,0,,,2026-09-18
2026-09-11,Globus Medical,/job/Audubon-PA/Associate-Product-Manager_JR107337,Associate Product Manager,https://globusmedical.wd5.myworkdayjobs.com/gmed_careers/job/Audubon-PA/Associate-Product-Manager_JR107337,0,,,2026-09-18
2026-09-11,Globus Medical,/job/Audubon-PA/Associate-Project-Engineer---Mechanical_JR106979,Associate Project Engineer - Mechanical,https://globusmedical.wd5.myworkdayjobs.com/gmed_careers/job/Audubon-PA/Associate-Project-Engineer---Mechanical_JR106979,25,,,2026-09-18
2026-09-11,Globus Medical,/job/Audubon-PA/Associate-Project-Engineer_JR105704,Associate Project Engineer,https://globusmedical.wd5.myworkdayjobs.com/gmed_careers/job/Audubon-PA/Associate-Project-Engineer_JR105704,25,,,2026-09-18
2026-09-11,Globus Medical,/job/Audubon-PA/Associate-Software-Engineer_JR106980-1,Associate Software Engineer,https://globusmedical.wd5.myworkdayjobs.com/gmed_careers/job/Audubon-PA/Associate-Software-Engineer_JR106980-1,25,,,2026-09-18
2026-09-11,Globus Medical,/job/Audubon-PA/CNC-Associate-Model-Maker--2nd-Shift_JR105155,"CNC Associate Model Maker, 2nd Shift",https://globusmedical.wd5.myworkdayjobs.com/gmed_careers/job/Audubon-PA/CNC-Associate-Model-Maker--2nd-Shift_JR105155,25,,,2026-09-18
2026-09-11,Globus Medical,/job/Audubon-PA/CNC-Associate-Model-Maker--2nd-Shift_JR106069,"CNC Associate Model Maker, 2nd Shift",https://globusmedical.wd5.myworkdayjobs.com/gmed_careers/job/Audubon-PA/CNC-Associate-Model-Maker--2nd-Shift_JR106069,25,,,2026-09-18
2026-09-11,Globus Medical,/job/Audubon-PA/CNC-Associate-Model-Maker--2nd-Shift_JR106419,"CNC Associate Model Maker, 2nd Shift",https://globusmedical.wd5.myworkdayjobs.com/gmed_careers/job/Audubon-PA/CNC-Associate-Model-Maker--2nd-Shift_JR106419,25,,,2026-09-18
2026-09-11,Globus Medical,/job/Audubon-PA/CNC-Associate-Model-Maker--2nd-Shift_JR106429,"CNC Associate Model Maker, 2nd Shift",https://globusmedical.wd5.myworkdayjobs.com/gmed_careers/job/Audubon-PA/CNC-Associate-Model-Maker--2nd-Shift_JR106429,25,,,2026-09-18
2026-09-11,Globus Medical,/job/Audubon-PA/CNC-Associate-Model-Maker--2nd-Shift_JR106829,"CNC Associate Model Maker, 2nd Shift",https://globusmedical.wd5.myworkdayjobs.com/gmed_careers/job/Audubon-PA/CNC-Associate-Model-Maker--2nd-Shift_JR106829,25,,,2026-09-18
2026-09-11,Globus Medical,/job/Audubon-PA/CNC-Machinist_JR107682,CNC Machinist,https://globusmedical.wd5.myworkdayjobs.com/gmed_careers/job/Audubon-PA/CNC-Machinist_JR107682,15,,,2026-09-18
2026-09-11,Globus Medical,/job/Audubon-PA/CNC-Model-Maker--2nd-Shift_JR106434,"CNC Model Maker, 2nd Shift",https://globusmedical.wd5.myworkdayjobs.com/gmed_careers/job/Audubon-PA/CNC-Model-Maker--2nd-Shift_JR106434,15,,,2026-09-18
2026-09-11,Globus Medical,/job/Audubon-PA/CNC-Model-Maker--2nd-Shift_JR106685,"CNC Model Maker, 2nd Shift",https://globusmedical.wd5.myworkdayjobs.com/gmed_careers/job/Audubon-PA/CNC-Model-Maker--2nd-Shift_JR106685,15,,,2026-09-18
2026-09-11,Globus Medical,/job/Audubon-PA/CNC-Model-Maker--2nd-shift_JR107512,"CNC Model Maker, 2nd shift",https://globusmedical.wd5.myworkdayjobs.com/gmed_careers/job/Audubon-PA/CNC-Model-Maker--2nd-shift_JR107512,15,,,2026-09-18
2026-09-11,Globus Medical,/job/Audubon-PA/Co-op_JR104625,Co-op,https://globusmedical.wd5.myworkdayjobs.com/gmed_careers/job/Audubon-PA/Co-op_JR104625,15,,,2026-09-18
2026-09-11,Globus Medical,/job/Audubon-PA/Corporate-Pilot_JR105264,Corporate Pilot,https://globusmedical.wd5.myworkdayjobs.com/gmed_careers/job/Audubon-PA/Corporate-Pilot_JR105264,0,,,2026-09-18
2026-09-11,Globus Medical,/job/Audubon-PA/Director--Quality_JR105274,"Director, Quality",https://globusmedical.wd5.myworkdayjobs.com/gmed_careers/job/Audubon-PA/Director--Quality_JR105274,0,,,2026-09-18
2026-09-11,Globus Medical,/job/Audubon-PA/Director-of-Planning_JR106521,Director of Planning,https://globusmedical.wd5.myworkdayjobs.com/gmed_careers/job/Audubon-PA/Director-of-Planning_JR106521,0,,,2026-09-18
2026-09-11,Globus Medical,/job/Audubon-PA/Document-Control-Specialist_JR106517,Document Control Specialist,https://globusmedical.wd5.myworkdayjobs.com/gmed_careers/job/Audubon-PA/Document-Control-Specialist_JR106517,15,,,2026-09-18
2026-09-11,Globus Medical,/job/Audubon-PA/Electrical-Engineer--Firmware_JR102930,"Electrical Engineer, Firmware",https://globusmedical.wd5.myworkdayjobs.com/gmed_careers/job/Audubon-PA/Electrical-Engineer--Firmware_JR102930,11,,,2026-09-18
2026-09-11,Globus Medical,/job/Audubon-PA/Electrical-Engineer--Firmware_JR106836,"Electrical Engineer, Firmware",https://globusmedical.wd5.myworkdayjobs.com/gmed_careers/job/Audubon-PA/Electrical-Engineer--Firmware_JR106836,0,,,2026-09-18
2026-09-11,Globus Medical,/job/Audubon-PA/Electrical-Engineer--Firmware_JR106837,"Electrical Engineer, Firmware",https://globusmedical.wd5.myworkdayjobs.com/gmed_careers/job/Audubon-PA/Electrical-Engineer--Firmware_JR106837,0,,,2026-09-18
2026-09-11,Globus Medical,/job/Audubon-PA/Embedded-Software-Engineer_JR105166,Embedded Software Engineer,https://globusmedical.wd5.myworkdayjobs.com/gmed_careers/job/Audubon-PA/Embedded-Software-Engineer_JR105166,15,,,2026-09-18
2026-09-11,Globus Medical,/job/Audubon-PA/Group-Manager--Posterior-Cervical-Spine_JR103904,"Group Manager, Posterior Cervical Spine",https://globusmedical.wd5.myworkdayjobs.com/gmed_careers/job/Audubon-PA/Group-Manager--Posterior-Cervical-Spine_JR103904,0,,,2026-09-18
2026-09-11,Globus Medical,/job/Audubon-PA/INTRNATL-REGULATORY-SPECIALIST_JR107255,INTRNATL REGULATORY SPECIALIST,https://globusmedical.wd5.myworkdayjobs.com/gmed_careers/job/Audubon-PA/INTRNATL-REGULATORY-SPECIALIST_JR107255,0,,,2026-09-18
2026-09-11,Globus Medical,/job/Audubon-PA/Inventory-Associate--11am-to-7-30pm-_JR107360,Inventory Associate (11am to 7:30pm),https://globusmedical.wd5.myworkdayjobs.com/gmed_careers/job/Audubon-PA/Inventory-Associate--11am-to-7-30pm-_JR107360,25,,,2026-09-18
2026-09-11,Globus Medical,/job/Audubon-PA/Janitor--3-30PM---12-00AM-_JR106402,Janitor (3:30PM - 12:00AM),https://globusmedical.wd5.myworkdayjobs.com/gmed_careers/job/Audubon-PA/Janitor--3-30PM---12-00AM-_JR106402,15,,,2026-09-18
2026-09-11,Globus Medical,/job/Audubon-PA/Lead-Master-Data-Analyst_JR106309,Lead Master Data Analyst,https://globusmedical.wd5.myworkdayjobs.com/gmed_careers/job/Audubon-PA/Lead-Master-Data-Analyst_JR106309,0,,,2026-09-18
2026-09-11,Globus Medical,/job/Audubon-PA/Litigation-Paralegal_JR106795,Senior Litigation Paralegal,https://globusmedical.wd5.myworkdayjobs.com/gmed_careers/job/Audubon-PA/Litigation-Paralegal_JR106795,0,,,2026-09-18
2026-09-11,Globus Medical,/job/Audubon-PA/Model-Maker--3D-Printing--2nd-Shift_JR107087,"Model Maker, 3D Printing, 2nd Shift",https://globusmedical.wd5.myworkdayjobs.com/gmed_careers/job/Audubon-PA/Model-Maker--3D-Printing--2nd-Shift_JR107087,0,,,2026-09-18
2026-09-11,Globus Medical,/job/Audubon-PA/New-Product-Planner_JR105228,New Product Planner,https://globusmedical.wd5.myworkdayjobs.com/gmed_careers/job/Audubon-PA/New-Product-Planner_JR105228,15,,,2026-09-18
2026-09-11,Globus Medical,/job/Audubon-PA/PRODUCT-MANAGER--IMAGING_JR107455,"PRODUCT MANAGER, IMAGING",https://globusmedical.wd5.myworkdayjobs.com/gmed_careers/job/Audubon-PA/PRODUCT-MANAGER--IMAGING_JR107455,0,,,2026-09-18
2026-09-11,Globus Medical,/job/Audubon-PA/PRODUCT-MANAGER_JR105603,PRODUCT MANAGER,https://globusmedical.wd5.myworkdayjobs.com/gmed_careers/job/Audubon-PA/PRODUCT-MANAGER_JR105603,0,,,2026-09-18
2026-09-11,Globus Medical,/job/Audubon-PA/PRODUCT-MANAGER_JR107341,PRODUCT MANAGER,https://globusmedical.wd5.myworkdayjobs.com/gmed_careers/job/Audubon-PA/PRODUCT-MANAGER_JR107341,0,,,2026-09-18
2026-09-11,Globus Medical,/job/Audubon-PA/PROJECT-ENGINEER_JR104189,PROJECT ENGINEER,https://globusmedical.wd5.myworkdayjobs.com/gmed_careers/job/Audubon-PA/PROJECT-ENGINEER_JR104189,0,,,2026-09-18
2026-09-11,Globus Medical,/job/Audubon-PA/PROJECT-ENGINEER_JR105082,PROJECT ENGINEER,https://globusmedical.wd5.myworkdayjobs.com/gmed_careers/job/Audubon-PA/PROJECT-ENGINEER_JR105082,15,,,2026-09-18
2026-09-11,Globus Medical,/job/Audubon-PA/PROJECT-ENGINEER_JR105475-1,PROJECT ENGINEER,https://globusmedical.wd5.myworkdayjobs.com/gmed_careers/job/Audubon-PA/PROJECT-ENGINEER_JR105475-1,15,,,2026-09-18
2026-09-11,Globus Medical,/job/Audubon-PA/PROJECT-ENGINEER_JR107681,PROJECT ENGINEER,https://globusmedical.wd5.myworkdayjobs.com/gmed_careers/job/Audubon-PA/PROJECT-ENGINEER_JR107681,15,,,2026-09-18
2026-09-11,Globus Medical,/job/Audubon-PA/Product-Manager_JR102044,Product Manager,https://globusmedical.wd5.myworkdayjobs.com/gmed_careers/job/Audubon-PA/Product-Manager_JR102044,0,,,2026-09-18
2026-09-11,Globus Medical,/job/Audubon-PA/Product-Manager_JR103410,Product Manager,https://globusmedical.wd5.myworkdayjobs.com/gmed_careers/job/Audubon-PA/Product-Manager_JR103410,0,,,2026-09-18
2026-09-11,Globus Medical,/job/Audubon-PA/Product-Manager_JR103718,Product Manager,https://globusmedical.wd5.myworkdayjobs.com/gmed_careers/job/Audubon-PA/Product-Manager_JR103718,0,,,2026-09-18
2026-09-11,Globus Medical,/job/Audubon-PA/Product-Manager_JR104165,Product Manager,https://globusmedical.wd5.myworkdayjobs.com/gmed_careers/job/Audubon-PA/Product-Manager_JR104165,0,,,2026-09-18
2026-09-11,Globus Medical,/job/Audubon-PA/Product-Manager_JR104588-1,Product Manager,https://globusmedical.wd5.myworkdayjobs.com/gmed_careers/job/Audubon-PA/Product-Manager_JR104588-1,0,,,2026-09-18
2026-09-11,Globus Medical,/job/Audubon-PA/Product-Manager_JR104934,Product Manager,https://globusmedical.wd5.myworkdayjobs.com/gmed_careers/job/Audubon-PA/Product-Manager_JR104934,0,,,2026-09-18
2026-09-11,Globus Medical,/job/Audubon-PA/Product-Manager_JR106319,Product Manager,https://globusmedical.wd5.myworkdayjobs.com/gmed_careers/job/Audubon-PA/Product-Manager_JR106319,0,,,2026-09-18
2026-09-11,Globus Medical,/job/Audubon-PA/Product-Manager_JR106363-1,Product Manager,https://globusmedical.wd5.myworkdayjobs.com/gmed_careers/job/Audubon-PA/Product-Manager_JR106363-1,0,,,2026-09-18
2026-09-11,Globus Medical,/job/Audubon-PA/Product-Manager_JR106556,Product Manager,https://globusmedical.wd5.myworkdayjobs.com/gmed_careers/job/Audubon-PA/Product-Manager_JR106556,0,,,2026-09-18
2026-09-11,Globus Medical,/job/Audubon-PA/Product-Manager_JR106598,Product Manager,https://globusmedical.wd5.myworkdayjobs.com/gmed_careers/job/Audubon-PA/Product-Manager_JR106598,0,,,2026-09-18
2026-09-11,Globus Medical,/job/Audubon-PA/Product-Manager_JR106811,Product Manager,https://globusmedical.wd5.myworkdayjobs.com/gmed_careers/job/Audubon-PA/Product-Manager_JR106811,0,,,2026-09-18
2026-09-11,Globus Medical,/job/Audubon-PA/Project-Engineer---Mechanical_JR106819,Project Engineer - Mechanical,https://globusmedical.wd5.myworkdayjobs.com/gmed_careers/job/Audubon-PA/Project-Engineer---Mechanical_JR106819,0,,,2026-09-18
2026-09-11,Globus Medical,/job/Audubon-PA/Project-Engineer--Customs_JR103708,"Project Engineer, Customs",https://globusmedical.wd5.myworkdayjobs.com/gmed_careers/job/Audubon-PA/Project-Engineer--Customs_JR103708,0,,,2026-09-18
2026-09-11,Globus Medical,/job/Audubon-PA/Project-Engineer--Development_JR105076,"Project Engineer, Development",https://globusmedical.wd5.myworkdayjobs.com/gmed_careers/job/Audubon-PA/Project-Engineer--Development_JR105076,15,,,2026-09-18
2026-09-11,Globus Medical,/job/Audubon-PA/Project-Engineer_JR103326,Project Engineer,https://globusmedical.wd5.myworkdayjobs.com/gmed_careers/job/Audubon-PA/Project-Engineer_JR103326,0,,,2026-09-18
2026-09-11,Globus Medical,/job/Audubon-PA/Project-Engineer_JR104159,Project Engineer,https://globusmedical.wd5.myworkdayjobs.com/gmed_careers/job/Audubon-PA/Project-Engineer_JR104159,15,,,2026-09-18
2026-09-11,Globus Medical,/job/Audubon-PA/Project-Engineer_JR104160-1,Project Engineer,https://globusmedical.wd5.myworkdayjobs.com/gmed_careers/job/Audubon-PA/Project-Engineer_JR104160-1,15,,,2026-09-18
2026-09-11,Globus Medical,/job/Audubon-PA/Project-Engineer_JR104252,Project Engineer,https://globusmedical.wd5.myworkdayjobs.com/gmed_careers/job/Audubon-PA/Project-Engineer_JR104252,15,,,2026-09-18
2026-09-11,Globus Medical,/job/Audubon-PA/Project-Engineer_JR104505,Project Engineer,https://globusmedical.wd5.myworkdayjobs.com/gmed_careers/job/Audubon-PA/Project-Engineer_JR104505,15,,,2026-09-18
2026-09-11,Globus Medical,/job/Audubon-PA/Project-Engineer_JR104978-1,Project Engineer,https://globusmedical.wd5.myworkdayjobs.com/gmed_careers/job/Audubon-PA/Project-Engineer_JR104978-1,15,,,2026-09-18
2026-09-11,Globus Medical,/job/Audubon-PA/Project-Engineer_JR105752,Project Engineer,https://globusmedical.wd5.myworkdayjobs.com/gmed_careers/job/Audubon-PA/Project-Engineer_JR105752,0,,,2026-09-18
2026-09-11,Globus Medical,/job/Audubon-PA/Project-Engineer_JR106803,Project Engineer,https://globusmedical.wd5.myworkdayjobs.com/gmed_careers/job/Audubon-PA/Project-Engineer_JR106803,0,,,2026-09-18
2026-09-11,Globus Medical,/job/Audubon-PA/Project-Engineer_JR106821,Project Engineer,https://globusmedical.wd5.myworkdayjobs.com/gmed_careers/job/Audubon-PA/Project-Engineer_JR106821,15,,,2026-09-18
2026-09-11,Globus Medical,/job/Audubon-PA/Project-Engineer_JR106823,Project Engineer,https://globusmedical.wd5.myworkdayjobs.com/gmed_careers/job/Audubon-PA/Project-Engineer_JR106823,15,,,2026-09-18
2026-09-11,Globus Medical,/job/Audubon-PA/Project-Engineer_JR106825,Project Engineer,https://globusmedical.wd5.myworkdayjobs.com/gmed_careers/job/Audubon-PA/Project-Engineer_JR106825,15,,,2026-09-18
2026-09-11,Globus Medical,/job/Audubon-PA/Quality-Control-Inspector--2-30PM---11-00PM-_JR107690,Quality Control Inspector (2:30PM - 11:00PM),https://globusmedical.wd5.myworkdayjobs.com/gmed_careers/job/Audubon-PA/Quality-Control-Inspector--2-30PM---11-00PM-_JR107690,15,,,2026-09-18
2026-09-11,Globus Medical,/job/Audubon-PA/Quality-Control-Inspector_JR107478,Quality Control Inspector (10:00PM - 6:30AM),https://globusmedical.wd5.myworkdayjobs.com/gmed_careers/job/Audubon-PA/Quality-Control-Inspector_JR107478,15,,,2026-09-18
2026-09-11,Globus Medical,/job/Audubon-PA/Receiving-Associate--11am-to-7-30pm-_JR106281,Receiving Associate (11am to 7:30pm),https://globusmedical.wd5.myworkdayjobs.com/gmed_careers/job/Audubon-PA/Receiving-Associate--11am-to-7-30pm-_JR106281,25,,,2026-09-18
2026-09-11,Globus Medical,/job/Audubon-PA/Regulatory-Affairs-Specialist_JR107778,Regulatory Affairs Specialist,https://globusmedical.wd5.myworkdayjobs.com/gmed_careers/job/Audubon-PA/Regulatory-Affairs-Specialist_JR107778,15,,,2026-09-18
2026-09-11,Globus Medical,/job/Audubon-PA/Regulatory-Associate_JR107796,Regulatory Associate,https://globusmedical.wd5.myworkdayjobs.com/gmed_careers/job/Audubon-PA/Regulatory-Associate_JR107796,25,,,2026-09-18
2026-09-11,Globus Medical,/job/Audubon-PA/Regulatory-Specialist_JR107164,Regulatory Specialist,https://globusmedical.wd5.myworkdayjobs.com/gmed_careers/job/Audubon-PA/Regulatory-Specialist_JR107164,0,,,2026-09-18
2026-09-11,Globus Medical,/job/Audubon-PA/SENIOR-GROUP-MANAGER--TOTAL-JOINTS_JR104974,Senior Project Engineer,https://globusmedical.wd5.myworkdayjobs.com/gmed_careers/job/Audubon-PA/SENIOR-GROUP-MANAGER--TOTAL-JOINTS_JR104974,0,,,2026-09-18
2026-09-11,Globus Medical,/job/Audubon-PA/SENIOR-PROJECT-ENGINEER_JR106224,SENIOR PROJECT ENGINEER,https://globusmedical.wd5.myworkdayjobs.com/gmed_careers/job/Audubon-PA/SENIOR-PROJECT-ENGINEER_JR106224,0,,,2026-09-18
2026-09-11,Globus Medical,/job/Audubon-PA/SVP--Operations_JR107795,"SVP, Operations",https://globusmedical.wd5.myworkdayjobs.com/gmed_careers/job/Audubon-PA/SVP--Operations_JR107795,15,,,2026-09-18
2026-09-11,Globus Medical,/job/Audubon-PA/Sales-Support-Associate_JR106516,Sales Support Associate (11:00AM - 7:30PM),https://globusmedical.wd5.myworkdayjobs.com/gmed_careers/job/Audubon-PA/Sales-Support-Associate_JR106516,25,,,2026-09-18
2026-09-11,Globus Medical,/job/Audubon-PA/Senior-Algorithm-Development-Engineer_JR106162,Senior Clinical Algorithm Specialist,https://globusmedical.wd5.myworkdayjobs.com/gmed_careers/job/Audubon-PA/Senior-Algorithm-Development-Engineer_JR106162,0,,,2026-09-18
2026-09-11,Globus Medical,/job/Audubon-PA/Senior-Benefits-Specialist_JR107519,Senior Benefits Specialist,https://globusmedical.wd5.myworkdayjobs.com/gmed_careers/job/Audubon-PA/Senior-Benefits-Specialist_JR107519,0,,,2026-09-18
2026-09-11,Globus Medical,/job/Audubon-PA/Senior-CAD-Designer--Tolerance-Expert_JR102615,Senior CAD Designer,https://globusmedical.wd5.myworkdayjobs.com/gmed_careers/job/Audubon-PA/Senior-CAD-Designer--Tolerance-Expert_JR102615,0,,,2026-09-18
2026-09-11,Globus Medical,/job/Audubon-PA/Senior-Counsel---Litigation_JR107741,Senior Counsel - Litigation,https://globusmedical.wd5.myworkdayjobs.com/gmed_careers/job/Audubon-PA/Senior-Counsel---Litigation_JR107741,0,,,2026-09-18
2026-09-11,Globus Medical,/job/Audubon-PA/Senior-Electrical-Engineer_JR106558,Senior Electrical Engineer,https://globusmedical.wd5.myworkdayjobs.com/gmed_careers/job/Audubon-PA/Senior-Electrical-Engineer_JR106558,0,,,2026-09-18
2026-09-11,Globus Medical,/job/Audubon-PA/Senior-Firmware-Engineer_JR105552-1,Senior Firmware Engineer,https://globusmedical.wd5.myworkdayjobs.com/gmed_careers/job/Audubon-PA/Senior-Firmware-Engineer_JR105552-1,0,,,2026-09-18
2026-09-11,Globus Medical,/job/Audubon-PA/Senior-Mechanical-Engineer_JR107502,Senior Mechanical Engineer,https://globusmedical.wd5.myworkdayjobs.com/gmed_careers/job/Audubon-PA/Senior-Mechanical-Engineer_JR107502,0,,,2026-09-18
2026-09-11,Globus Medical,/job/Audubon-PA/Senior-Planner_JR106464,Planner,https://globusmedical.wd5.myworkdayjobs.com/gmed_careers/job/Audubon-PA/Senior-Planner_JR106464,15,,,2026-09-18
2026-09-11,Globus Medical,/job/Audubon-PA/Senior-Product-Manager_JR104075,Senior Product Manager,https://globusmedical.wd5.myworkdayjobs.com/gmed_careers/job/Audubon-PA/Senior-Product-Manager_JR104075,0,,,2026-09-18
2026-09-11,Globus Medical,/job/Audubon-PA/Senior-Project-Engineer---Mechanical_JR106820,Senior Project Engineer - Mechanical,https://globusmedical.wd5.myworkdayjobs.com/gmed_careers/job/Audubon-PA/Senior-Project-Engineer---Mechanical_JR106820,0,,,2026-09-18
2026-09-11,Globus Medical,/job/Audubon-PA/Senior-Project-Engineer--Biomaterials_JR106733,"Senior Project Engineer, Biomaterials",https://globusmedical.wd5.myworkdayjobs.com/gmed_careers/job/Audubon-PA/Senior-Project-Engineer--Biomaterials_JR106733,0,,,2026-09-18
2026-09-11,Globus Medical,/job/Audubon-PA/Senior-Project-Engineer_JR103841,Senior Project Engineer,https://globusmedical.wd5.myworkdayjobs.com/gmed_careers/job/Audubon-PA/Senior-Project-Engineer_JR103841,0,,,2026-09-18
2026-09-11,Globus Medical,/job/Audubon-PA/Senior-Project-Engineer_JR103918,Senior Project Engineer,https://globusmedical.wd5.myworkdayjobs.com/gmed_careers/job/Audubon-PA/Senior-Project-Engineer_JR103918,0,,,2026-09-18
2026-09-11,Globus Medical,/job/Audubon-PA/Senior-Project-Engineer_JR106824,"Senior Project Engineer, Mechatronics",https://globusmedical.wd5.myworkdayjobs.com/gmed_careers/job/Audubon-PA/Senior-Project-Engineer_JR106824,0,,,2026-09-18
2026-09-11,Globus Medical,/job/Audubon-PA/Senior-Regulatory-Specialist_JR103812-1,"Manager, Regulatory Affairs",https://globusmedical.wd5.myworkdayjobs.com/gmed_careers/job/Audubon-PA/Senior-Regulatory-Specialist_JR103812-1,0,,,2026-09-18
2026-09-11,Globus Medical,/job/Audubon-PA/Senior-Software-Engineer--Front-End-_JR104994,Senior Software Engineer (Front End),https://globusmedical.wd5.myworkdayjobs.com/gmed_careers/job/Audubon-PA/Senior-Software-Engineer--Front-End-_JR104994,0,,,2026-09-18
2026-09-11,Globus Medical,/job/Audubon-PA/Senior-Software-Engineer_JR100046,Senior Software Engineer,https://globusmedical.wd5.myworkdayjobs.com/gmed_careers/job/Audubon-PA/Senior-Software-Engineer_JR100046,0,,,2026-09-18
2026-09-11,Globus Medical,/job/Audubon-PA/Senior-Software-Engineer_JR104818,Senior Software Engineer,https://globusmedical.wd5.myworkdayjobs.com/gmed_careers/job/Audubon-PA/Senior-Software-Engineer_JR104818,0,,,2026-09-18
2026-09-11,Globus Medical,/job/Audubon-PA/Senior-Software-Engineer_JR104997,Senior Software Engineer,https://globusmedical.wd5.myworkdayjobs.com/gmed_careers/job/Audubon-PA/Senior-Software-Engineer_JR104997,0,,,2026-09-18
2026-09-11,Globus Medical,/job/Audubon-PA/Senior-Software-Engineer_JR106809,Senior Software Engineer,https://globusmedical.wd5.myworkdayjobs.com/gmed_careers/job/Audubon-PA/Senior-Software-Engineer_JR106809,0,,,2026-09-18
2026-09-11,Globus Medical,/job/Audubon-PA/Senior-Systems-Engineer_JR106720,Senior Systems Engineer,https://globusmedical.wd5.myworkdayjobs.com/gmed_careers/job/Audubon-PA/Senior-Systems-Engineer_JR106720,0,,,2026-09-18
2026-09-11,Globus Medical,/job/Audubon-PA/Software-Engineer_JR106386,Software Engineer-Backend,https://globusmedical.wd5.myworkdayjobs.com/gmed_careers/job/Audubon-PA/Software-Engineer_JR106386,26,,,2026-09-18
2026-09-11,Globus Medical,/job/Audubon-PA/Software-Engineer_JR106391,Software Engineer-Frontend,https://globusmedical.wd5.myworkdayjobs.com/gmed_careers/job/Audubon-PA/Software-Engineer_JR106391,26,,,2026-09-18
2026-09-11,Globus Medical,/job/Audubon-PA/Software-Engineer_JR106816,Software Engineer,https://globusmedical.wd5.myworkdayjobs.com/gmed_careers/job/Audubon-PA/Software-Engineer_JR106816,0,,,2026-09-18
2026-09-11,Globus Medical,/job/Audubon-PA/Software-Group-Manager_JR107336,Software Group Manager,https://globusmedical.wd5.myworkdayjobs.com/gmed_careers/job/Audubon-PA/Software-Group-Manager_JR107336,0,,,2026-09-18
2026-09-11,Globus Medical,/job/Audubon-PA/Sr-Model-Maker--1st-Shift_JR106058,"Sr Model Maker, 1st Shift",https://globusmedical.wd5.myworkdayjobs.com/gmed_careers/job/Audubon-PA/Sr-Model-Maker--1st-Shift_JR106058,0,,,2026-09-18
2026-09-11,Globus Medical,/job/Audubon-PA/Sr-Model-Maker_JR106063,"Sr Model Maker, 2nd Shift",https://globusmedical.wd5.myworkdayjobs.com/gmed_careers/job/Audubon-PA/Sr-Model-Maker_JR106063,0,,,2026-09-18
2026-09-11,Globus Medical,/job/Audubon-PA/Sr-Patent-Counsel_JR107529,Sr. Patent Counsel,https://globusmedical.wd5.myworkdayjobs.com/gmed_careers/job/Audubon-PA/Sr-Patent-Counsel_JR107529,0,,,2026-09-18
2026-09-11,Globus Medical,/job/Audubon-PA/Sr-Product-Manager_JR105423,Sr Product Manager,https://globusmedical.wd5.myworkdayjobs.com/gmed_careers/job/Audubon-PA/Sr-Product-Manager_JR105423,0,,,2026-09-18
2026-09-11,Globus Medical,/job/Audubon-PA/Sr-Project-Engineer--Development_JR104732,"Sr Project Engineer, Development",https://globusmedical.wd5.myworkdayjobs.com/gmed_careers/job/Audubon-PA/Sr-Project-Engineer--Development_JR104732,0,,,2026-09-18
2026-09-11,Globus Medical,/job/Audubon-PA/Sr-Project-Engineer_JR106317,Sr Project Engineer,https://globusmedical.wd5.myworkdayjobs.com/gmed_careers/job/Audubon-PA/Sr-Project-Engineer_JR106317,0,,,2026-09-18
2026-09-11,Globus Medical,/job/Audubon-PA/Sr-Regulatory-Affairs-Specialist_JR105291,Sr Regulatory Affairs Specialist,https://globusmedical.wd5.myworkdayjobs.com/gmed_careers/job/Audubon-PA/Sr-Regulatory-Affairs-Specialist_JR105291,0,,,2026-09-18
2026-09-11,Globus Medical,/job/Audubon-PA/Staff-CNC-Model-Maker--Swiss-Lathe_JR107703,"Staff CNC Model Maker, Swiss Lathe",https://globusmedical.wd5.myworkdayjobs.com/gmed_careers/job/Audubon-PA/Staff-CNC-Model-Maker--Swiss-Lathe_JR107703,0,,,2026-09-18
2026-09-11,Globus Medical,/job/Audubon-PA/Staff-Engineer--Spine_JR105788,"Staff Engineer, Spine",https://globusmedical.wd5.myworkdayjobs.com/gmed_careers/job/Audubon-PA/Staff-Engineer--Spine_JR105788,0,,,2026-09-18
2026-09-11,Globus Medical,/job/Audubon-PA/Supplier-Selection-Lead_JR106519,Supplier Selection Lead,https://globusmedical.wd5.myworkdayjobs.com/gmed_careers/job/Audubon-PA/Supplier-Selection-Lead_JR106519,0,,,2026-09-18
2026-09-11,Globus Medical,/job/Audubon-PA/Talent-Acquisition-Partner-Technical_JR107632,Talent Acquisition Partner - Technical,https://globusmedical.wd5.myworkdayjobs.com/gmed_careers/job/Audubon-PA/Talent-Acquisition-Partner-Technical_JR107632,11,,,2026-09-18
2026-09-11,Globus Medical,/job/Audubon-PA/Travel---On-Site-Coordinator_JR107523,"Program Coordinator, US",https://globusmedical.wd5.myworkdayjobs.com/gmed_careers/job/Audubon-PA/Travel---On-Site-Coordinator_JR107523,15,,,2026-09-18
2026-09-11,Globus Medical,/job/Australia---Brisbane/Clinical-Associate_JR105790,Clinical Associate,https://globusmedical.wd5.myworkdayjobs.com/gmed_careers/job/Australia---Brisbane/Clinical-Associate_JR105790,25,,,2026-09-18
2026-09-11,Globus Medical,/job/Australia---Brisbane/Territory-Manager_JR106111,Territory Manager,https://globusmedical.wd5.myworkdayjobs.com/gmed_careers/job/Australia---Brisbane/Territory-Manager_JR106111,0,,,2026-09-18
2026-09-11,Globus Medical,/job/Australia---Melbourne/Commercial-Support-Associate_JR105807,Commercial Support Associate,https://globusmedical.wd5.myworkdayjobs.com/gmed_careers/job/Australia---Melbourne/Commercial-Support-Associate_JR105807,25,,,2026-09-18
2026-09-11,Globus Medical,/job/Australia---Melbourne/Sales-Associate_JR106108,Sales Associate,https://globusmedical.wd5.myworkdayjobs.com/gmed_careers/job/Australia---Melbourne/Sales-Associate_JR106108,25,,,2026-09-18
2026-09-11,Globus Medical,/job/Australia---Melbourne/Territory-Manager_JR105599,Territory Manager,https://globusmedical.wd5.myworkdayjobs.com/gmed_careers/job/Australia---Melbourne/Territory-Manager_JR105599,0,,,2026-09-18
2026-09-11,Globus Medical,/job/Australia---Sydney/Clinical-Associate_JR106142,Clinical Associate,https://globusmedical.wd5.myworkdayjobs.com/gmed_careers/job/Australia---Sydney/Clinical-Associate_JR106142,25,,,2026-09-18
2026-09-11,Globus Medical,/job/Australia---Sydney/Customer-Service-Representative_JR106981,Customer Service Representative,https://globusmedical.wd5.myworkdayjobs.com/gmed_careers/job/Australia---Sydney/Customer-Service-Representative_JR106981,15,,,2026-09-18
2026-09-11,Globus Medical,/job/Australia---Sydney/Distribution-Coordinator_JR105706,Distribution Coordinator,https://globusmedical.wd5.myworkdayjobs.com/gmed_careers/job/Australia---Sydney/Distribution-Coordinator_JR105706,15,,,2026-09-18
2026-09-11,Globus Medical,/job/Australia---Sydney/Territory-Manager_JR106107,Territory Manager,https://globusmedical.wd5.myworkdayjobs.com/gmed_careers/job/Australia---Sydney/Territory-Manager_JR106107,0,,,2026-09-18
2026-09-11,Globus Medical,/job/Austria/Spine-Territory-Manager--East-Austria--region-Vienna-_JR107072,Talentpool: Spine Territory Manager -East Austria (region Vienna),https://globusmedical.wd5.myworkdayjobs.com/gmed_careers/job/Austria/Spine-Territory-Manager--East-Austria--region-Vienna-_JR107072,0,,,2026-09-18
2026-09-11,Globus Medical,/job/Belgium/Clinical-Specialist----Central----Dutch-Speaking_JR106227,Clinical Specialist  - Central  - Dutch Speaking,https://globusmedical.wd5.myworkdayjobs.com/gmed_careers/job/Belgium/Clinical-Specialist----Central----Dutch-Speaking_JR106227,15,,,2026-09-18
2026-09-11,Globus Medical,/job/Brazil---Sao-Paulo-Office/Distribution-Coordinator_JR107304,Distribution Coordinator,https://globusmedical.wd5.myworkdayjobs.com/gmed_careers/job/Brazil---Sao-Paulo-Office/Distribution-Coordinator_JR107304,15,,,2026-09-18
2026-09-11,Globus Medical,/job/California---Redwood-City/Sr-Software-Engineer--Mobile-Applications-_JR105524,Software Engineer (Mobile Applications),https://globusmedical.wd5.myworkdayjobs.com/gmed_careers/job/California---Redwood-City/Sr-Software-Engineer--Mobile-Applications-_JR105524,22,,,2026-09-18
2026-09-11,Globus Medical,/job/California---Redwood-City/Staff-Electrical-Engineer_JR106417,Sr Electrical Engineer,https://globusmedical.wd5.myworkdayjobs.com/gmed_careers/job/California---Redwood-City/Staff-Electrical-Engineer_JR106417,0,,,2026-09-18
2026-09-11,Globus Medical,/job/California/Associate-Spine-Specialist--Palm-Springs--CA-_JR106502,"Associate Spine Specialist (Palm Springs, CA)",https://globusmedical.wd5.myworkdayjobs.com/gmed_careers/job/California/Associate-Spine-Specialist--Palm-Springs--CA-_JR106502,25,,,2026-09-18
2026-09-11,Globus Medical,/job/California/Associate-Spine-Specialist--Sacramento--CA-_JR102546,"Associate Spine Specialist (Sacramento, CA)",https://globusmedical.wd5.myworkdayjobs.com/gmed_careers/job/California/Associate-Spine-Specialist--Sacramento--CA-_JR102546,25,,,2026-09-18
2026-09-11,Globus Medical,/job/California/Associate-Trauma-Specialist--Los-Angeles--CA-_JR105446,"Associate Trauma Specialist (Los Angeles, CA)",https://globusmedical.wd5.myworkdayjobs.com/gmed_careers/job/California/Associate-Trauma-Specialist--Los-Angeles--CA-_JR105446,25,,,2026-09-18
2026-09-11,Globus Medical,/job/California/Clinical-Specialist-Representative_JR107746,Clinical Specialist Representative,https://globusmedical.wd5.myworkdayjobs.com/gmed_careers/job/California/Clinical-Specialist-Representative_JR107746,15,,,2026-09-18
2026-09-11,Globus Medical,/job/California/District-Sales-Manager--Sacramento--CA-_JR105723,"District Sales Manager (Sacramento, CA)",https://globusmedical.wd5.myworkdayjobs.com/gmed_careers/job/California/District-Sales-Manager--Sacramento--CA-_JR105723,0,,,2026-09-18
2026-09-11,Globus Medical,/job/California/District-Sales-Manager--San-Francisco--CA-_JR105969,"District Sales Manager (San Francisco, CA)",https://globusmedical.wd5.myworkdayjobs.com/gmed_careers/job/California/District-Sales-Manager--San-Francisco--CA-_JR105969,0,,,2026-09-18
2026-09-11,Globus Medical,/job/California/Neurophysiologist--Santa-Rosa--CA-_JR101958,"Entry Level Associate Neurophysiologist (Santa Rosa, CA)",https://globusmedical.wd5.myworkdayjobs.com/gmed_careers/job/California/Neurophysiologist--Santa-Rosa--CA-_JR101958,25,,,2026-09-18
2026-09-11,Globus Medical,/job/California/Sr-Field-Clinical-Engineer_JR107116,Sr. Field Clinical Engineer,https://globusmedical.wd5.myworkdayjobs.com/gmed_careers/job/California/Sr-Field-Clinical-Engineer_JR107116,0,,,2026-09-18
2026-09-11,Globus Medical,/job/California/Trauma-Fast-Track-Associate--SF-Bay-Area--CA-_JR106750,"Trauma Fast Track Associate (SF Bay Area, CA)",https://globusmedical.wd5.myworkdayjobs.com/gmed_careers/job/California/Trauma-Fast-Track-Associate--SF-Bay-Area--CA-_JR106750,25,,,2026-09-18
2026-09-11,Globus Medical,/job/Colorado/Associate-Interventional-Specialist--Denver--CO-_JR105608,"Associate Interventional Specialist (Denver, CO)",https://globusmedical.wd5.myworkdayjobs.com/gmed_careers/job/Colorado/Associate-Interventional-Specialist--Denver--CO-_JR105608,36,,,2026-09-18
2026-09-11,Globus Medical,/job/Colorado/Clinical-Specialist-Representative_JR107610,Clinical Specialist Representative,https://globusmedical.wd5.myworkdayjobs.com/gmed_careers/job/Colorado/Clinical-Specialist-Representative_JR107610,15,,,2026-09-18
2026-09-11,Globus Medical,/job/Colorado/District-Sales-Manager--Colorado-Springs--CO-_JR105966,"District Sales Manager (Colorado Springs, CO)",https://globusmedical.wd5.myworkdayjobs.com/gmed_careers/job/Colorado/District-Sales-Manager--Colorado-Springs--CO-_JR105966,0,,,2026-09-18
2026-09-11,Globus Medical,/job/Columbia-MD/Medical-Billing---Collections-Specialist_JR106759-1,Medical Billing & Collections Specialist,https://globusmedical.wd5.myworkdayjobs.com/gmed_careers/job/Columbia-MD/Medical-Billing---Collections-Specialist_JR106759-1,15,,,2026-09-18
2026-09-11,Globus Medical,/job/Connecticut/Entry-Level-Associate-Neurophysiologist--New-Haven--CT-_JR107520-1,"Entry Level Associate Neurophysiologist (New Haven, CT)",https://globusmedical.wd5.myworkdayjobs.com/gmed_careers/job/Connecticut/Entry-Level-Associate-Neurophysiologist--New-Haven--CT-_JR107520-1,25,,,2026-09-18
2026-09-11,Globus Medical,/job/Connecticut/Neurophysiologist---Norwalk--CT_JR106290-1,"Entry Level Associate Neurophysiologist (Norwalk, CT)",https://globusmedical.wd5.myworkdayjobs.com/gmed_careers/job/Connecticut/Neurophysiologist---Norwalk--CT_JR106290-1,25,,,2026-09-18
2026-09-11,Globus Medical,/job/Connecticut/Neurophysiologist-Traveler--Nationwide-_JR105934,Neurophysiologist Traveler (Nationwide),https://globusmedical.wd5.myworkdayjobs.com/gmed_careers/job/Connecticut/Neurophysiologist-Traveler--Nationwide-_JR105934,0,,,2026-09-18
2026-09-11,Globus Medical,/job/Dallas-TX/Senior-Clinical-Sales-Representative_JR107637,Cranial Clinical Specialist Representative,https://globusmedical.wd5.myworkdayjobs.com/gmed_careers/job/Dallas-TX/Senior-Clinical-Sales-Representative_JR107637,15,,,2026-09-18
2026-09-11,Globus Medical,/job/District-of-Columbia/Neurophysiologist--DC-_JR107286-1,Entry Level Associate Neurophysiologist (DC),https://globusmedical.wd5.myworkdayjobs.com/gmed_careers/job/District-of-Columbia/Neurophysiologist--DC-_JR107286-1,25,,,2026-09-18
2026-09-11,Globus Medical,/job/Eagleville-PA/Assembly-Technician--1st-Shift_JR107549-1,"Assembly Technician, 1st Shift",https://globusmedical.wd5.myworkdayjobs.com/gmed_careers/job/Eagleville-PA/Assembly-Technician--1st-Shift_JR107549-1,15,,,2026-09-18
2026-09-11,Globus Medical,/job/Eagleville-PA/Assembly-Technician--1st-Shift_JR107613-1,"Assembly Technician, 1st Shift",https://globusmedical.wd5.myworkdayjobs.com/gmed_careers/job/Eagleville-PA/Assembly-Technician--1st-Shift_JR107613-1,15,,,2026-09-18
2026-09-11,Globus Medical,/job/Eagleville-PA/Production-Supervisor_JR107706-2,Production Supervisor,https://globusmedical.wd5.myworkdayjobs.com/gmed_careers/job/Eagleville-PA/Production-Supervisor_JR107706-2,0,,,2026-09-18
2026-09-11,Globus Medical,/job/Eagleville-PA/Team-Lead-Quality-Control_JR107694-2,Team Lead Quality Control,https://globusmedical.wd5.myworkdayjobs.com/gmed_careers/job/Eagleville-PA/Team-Lead-Quality-Control_JR107694-2,0,,,2026-09-18
2026-09-11,Globus Medical,/job/Florida/Associate-Spine-Specialist--Tampa--FL-_JR107518,"Associate Spine Specialist (Tampa, FL)",https://globusmedical.wd5.myworkdayjobs.com/gmed_careers/job/Florida/Associate-Spine-Specialist--Tampa--FL-_JR107518,25,,,2026-09-18
2026-09-11,Globus Medical,/job/Florida/Neurophysiologist--Clearwater--FL-_JR106396-1,"Neurophysiologist (Clearwater, FL)",https://globusmedical.wd5.myworkdayjobs.com/gmed_careers/job/Florida/Neurophysiologist--Clearwater--FL-_JR106396-1,15,,,2026-09-18
2026-09-11,Globus Medical,/job/Florida/Neurophysiologist--Tampa--FL-_JR106576-1,"Neurophysiologist (Tampa, FL)",https://globusmedical.wd5.myworkdayjobs.com/gmed_careers/job/Florida/Neurophysiologist--Tampa--FL-_JR106576-1,15,,,2026-09-18
2026-09-11,Globus Medical,/job/Georgia/Associate-Interventional-Specialist--Atlanta--GA-_JR107136-1,"Associate Interventional Specialist (Atlanta, GA)",https://globusmedical.wd5.myworkdayjobs.com/gmed_careers/job/Georgia/Associate-Interventional-Specialist--Atlanta--GA-_JR107136-1,25,,,2026-09-18
2026-09-11,Globus Medical,/job/Georgia/IMAGING-EDUCATION-SPECIALIST_JR107334,IMAGING EDUCATION SPECIALIST,https://globusmedical.wd5.myworkdayjobs.com/gmed_careers/job/Georgia/IMAGING-EDUCATION-SPECIALIST_JR107334,15,,,2026-09-18
2026-09-11,Globus Medical,/job/Germany---Bremen/Talentpool--Medical-Devices-Sales-Representative_JR105952,Talentpool: Medical Devices Sales Representative,https://globusmedical.wd5.myworkdayjobs.com/gmed_careers/job/Germany---Bremen/Talentpool--Medical-Devices-Sales-Representative_JR105952,15,,,2026-09-18
2026-09-11,Globus Medical,/job/Germany---Remote/Clinical-Specialist---Central----Gttingen---Kassel---Warburg_JR106223,Clinical Specialist - Central  - Göttingen / Kassel / Warburg,https://globusmedical.wd5.myworkdayjobs.com/gmed_careers/job/Germany---Remote/Clinical-Specialist---Central----Gttingen---Kassel---Warburg_JR106223,15,,,2026-09-18
2026-09-11,Globus Medical,/job/Germany---Remote/Sales-Associate---North-Rhine-Westfalia--Germany_JR106331,"Sales Associate - North Rhine Westfalia, Germany",https://globusmedical.wd5.myworkdayjobs.com/gmed_careers/job/Germany---Remote/Sales-Associate---North-Rhine-Westfalia--Germany_JR106331,25,,,2026-09-18
2026-09-11,Globus Medical,/job/Germany---Remote/Territory-Manager---Germany-South_JR106156,Territory Manager - Germany South,https://globusmedical.wd5.myworkdayjobs.com/gmed_careers/job/Germany---Remote/Territory-Manager---Germany-South_JR106156,0,,,2026-09-18
2026-09-11,Globus Medical,/job/Illinois/Associate-Spine-Specialist--Central-Illinois--IL-_JR107271,"Associate Spine Specialist (Central Illinois, IL)",https://globusmedical.wd5.myworkdayjobs.com/gmed_careers/job/Illinois/Associate-Spine-Specialist--Central-Illinois--IL-_JR107271,25,,,2026-09-18
2026-09-11,Globus Medical,/job/Illinois/Clinical-Specialist-Representative_JR105781,Clinical Specialist Representative,https://globusmedical.wd5.myworkdayjobs.com/gmed_careers/job/Illinois/Clinical-Specialist-Representative_JR105781,15,,,2026-09-18
2026-09-11,Globus Medical,/job/Illinois/Clinical-Specialist_JR106340,Clinical Specialist,https://globusmedical.wd5.myworkdayjobs.com/gmed_careers/job/Illinois/Clinical-Specialist_JR106340,15,,,2026-09-18
2026-09-11,Globus Medical,/job/Illinois/Fast-Track-Spine-Specialist--Chicago--IL-_JR106632,"Fast Track Spine Specialist (Chicago, IL)",https://globusmedical.wd5.myworkdayjobs.com/gmed_careers/job/Illinois/Fast-Track-Spine-Specialist--Chicago--IL-_JR106632,15,,,2026-09-18
2026-09-11,Globus Medical,/job/Illinois/Trauma-Specialist--Chicago--IL-_JR105419,"Trauma Specialist (Chicago, IL)",https://globusmedical.wd5.myworkdayjobs.com/gmed_careers/job/Illinois/Trauma-Specialist--Chicago--IL-_JR105419,15,,,2026-09-18
2026-09-11,Globus Medical,/job/India/RPA-Engineer_JR105333,RPA Engineer,https://globusmedical.wd5.myworkdayjobs.com/gmed_careers/job/India/RPA-Engineer_JR105333,15,,,2026-09-18
2026-09-11,Globus Medical,/job/India/Software-Engineer_JR104756,Software Engineer,https://globusmedical.wd5.myworkdayjobs.com/gmed_careers/job/India/Software-Engineer_JR104756,26,,,2026-09-18
2026-09-11,Globus Medical,/job/Indiana/Associate-Interventional-Specialist--Evansville--IN-_JR107731,"Associate Interventional Specialist (Evansville, IN)",https://globusmedical.wd5.myworkdayjobs.com/gmed_careers/job/Indiana/Associate-Interventional-Specialist--Evansville--IN-_JR107731,25,,,2026-09-18
2026-09-11,Globus Medical,/job/Indiana/Associate-Interventional-Specialist--South-Bend--IN---Kalamazoo--MI-_JR107606-1,"Associate Interventional Specialist (South Bend, IN + Kalamazoo, MI)",https://globusmedical.wd5.myworkdayjobs.com/gmed_careers/job/Indiana/Associate-Interventional-Specialist--South-Bend--IN---Kalamazoo--MI-_JR107606-1,25,,,2026-09-18
2026-09-11,Globus Medical,/job/Indiana/Associate-Spine-Specialist--Indianapolis--IN-_JR107459,"Associate Spine Specialist (Indianapolis, IN)",https://globusmedical.wd5.myworkdayjobs.com/gmed_careers/job/Indiana/Associate-Spine-Specialist--Indianapolis--IN-_JR107459,25,,,2026-09-18
2026-09-11,Globus Medical,/job/Job-Requisition--JR107568-Robotics---Medical-Imaging-Field-Service-Engineer_JR107735,Robotics / Medical Imaging Field Service Engineer,https://globusmedical.wd5.myworkdayjobs.com/gmed_careers/job/Job-Requisition--JR107568-Robotics---Medical-Imaging-Field-Service-Engineer_JR107735,0,,,2026-09-18
2026-09-11,Globus Medical,/job/Kentucky/Associate-Interventional-Specialist--Louisville--KY-_JR107730,"Associate Interventional Specialist (Louisville, KY)",https://globusmedical.wd5.myworkdayjobs.com/gmed_careers/job/Kentucky/Associate-Interventional-Specialist--Louisville--KY-_JR107730,25,,,2026-09-18
2026-09-11,Globus Medical,/job/Limerick-PA/Manufacturing-Engineer--PSI_JR104973-1,Manufacturing Engineer -PSI,https://globusmedical.wd5.myworkdayjobs.com/gmed_careers/job/Limerick-PA/Manufacturing-Engineer--PSI_JR104973-1,15,,,2026-09-18
2026-09-11,Globus Medical,/job/Limerick-PA/Manufacturing-Engineer_JR104883,Manufacturing Engineer,https://globusmedical.wd5.myworkdayjobs.com/gmed_careers/job/Limerick-PA/Manufacturing-Engineer_JR104883,15,,,2026-09-18
2026-09-11,Globus Medical,/job/Limerick-PA/Planning-Associate_JR106029-1,Planning Associate,https://globusmedical.wd5.myworkdayjobs.com/gmed_careers/job/Limerick-PA/Planning-Associate_JR106029-1,25,,,2026-09-18
2026-09-11,Globus Medical,/job/Limerick-PA/Planning-Associate_JR106174-1,Planning Associate,https://globusmedical.wd5.myworkdayjobs.com/gmed_careers/job/Limerick-PA/Planning-Associate_JR106174-1,25,,,2026-09-18
2026-09-11,Globus Medical,/job/Louisiana/Associate-Interventional-Specialist--Baton-Rouge--LA-_JR106677,"Associate Interventional Specialist (Baton Rouge, LA)",https://globusmedical.wd5.myworkdayjobs.com/gmed_careers/job/Louisiana/Associate-Interventional-Specialist--Baton-Rouge--LA-_JR106677,25,,,2026-09-18
2026-09-11,Globus Medical,/job/Louisiana/District-Sales-Manager_JR106675,District Sales Manager,https://globusmedical.wd5.myworkdayjobs.com/gmed_careers/job/Louisiana/District-Sales-Manager_JR106675,0,,,2026-09-18
2026-09-11,Globus Medical,/job/Maryland/Associate-Interventional-Specialist--Delmarva--MD-_JR106372,"District Sales Manager (Delmarva, MD)",https://globusmedical.wd5.myworkdayjobs.com/gmed_careers/job/Maryland/Associate-Interventional-Specialist--Delmarva--MD-_JR106372,0,,,2026-09-18
2026-09-11,Globus Medical,/job/Massachusetts---Methuen/Senior-Software-Engineer_JR105628,Senior Software Engineer,https://globusmedical.wd5.myworkdayjobs.com/gmed_careers/job/Massachusetts---Methuen/Senior-Software-Engineer_JR105628,0,,,2026-09-18
2026-09-11,Globus Medical,/job/Memphis-TN/Associate-Field-Inventory-Specialist_JR107130,Associate Field Inventory Specialist,https://globusmedical.wd5.myworkdayjobs.com/gmed_careers/job/Memphis-TN/Associate-Field-Inventory-Specialist_JR107130,25,,,2026-09-18
2026-09-11,Globus Medical,/job/Memphis-TN/Associate-Loaner-Processing-Technician_JR107769,Associate Loaner Processing Technician,https://globusmedical.wd5.myworkdayjobs.com/gmed_careers/job/Memphis-TN/Associate-Loaner-Processing-Technician_JR107769,25,,,2026-09-18
2026-09-11,Globus Medical,/job/Memphis-TN/Associate-Service---Repair-Technician_JR107577,Associate Service / Repair Technician,https://globusmedical.wd5.myworkdayjobs.com/gmed_careers/job/Memphis-TN/Associate-Service---Repair-Technician_JR107577,25,,,2026-09-18
2026-09-11,Globus Medical,/job/Memphis-TN/Field-Inventory-Specialist_JR107454,Field Inventory Specialist,https://globusmedical.wd5.myworkdayjobs.com/gmed_careers/job/Memphis-TN/Field-Inventory-Specialist_JR107454,15,,,2026-09-18
2026-09-11,Globus Medical,/job/Memphis-TN/Quality-Control-Inspector_JR105587,Quality Control Inspector (3pm - 12am CST),https://globusmedical.wd5.myworkdayjobs.com/gmed_careers/job/Memphis-TN/Quality-Control-Inspector_JR105587,15,,,2026-09-18
2026-09-11,Globus Medical,/job/Memphis-TN/Quality-Control-Inspector_JR107628,Quality Control Inspector,https://globusmedical.wd5.myworkdayjobs.com/gmed_careers/job/Memphis-TN/Quality-Control-Inspector_JR107628,15,,,2026-09-18
2026-09-11,Globus Medical,/job/Methuen-MA/Associate-Manufacturing-Engineer_JR107631,Associate Manufacturing Engineer,https://globusmedical.wd5.myworkdayjobs.com/gmed_careers/job/Methuen-MA/Associate-Manufacturing-Engineer_JR107631,25,,,2026-09-18
2026-09-11,Globus Medical,/job/Methuen-MA/Buyer-Planner-II_JR107378,Buyer/Planner II,https://globusmedical.wd5.myworkdayjobs.com/gmed_careers/job/Methuen-MA/Buyer-Planner-II_JR107378,0,,,2026-09-18
2026-09-11,Globus Medical,/job/Methuen-MA/ELECTRICAL-ENGINEER_JR107007,ELECTRICAL ENGINEER,https://globusmedical.wd5.myworkdayjobs.com/gmed_careers/job/Methuen-MA/ELECTRICAL-ENGINEER_JR107007,0,,,2026-09-18
2026-09-11,Globus Medical,/job/Methuen-MA/Electrical-Engineer_JR106838,Electrical Engineer,https://globusmedical.wd5.myworkdayjobs.com/gmed_careers/job/Methuen-MA/Electrical-Engineer_JR106838,15,,,2026-09-18
2026-09-11,Globus Medical,/job/Methuen-MA/Quality-Assistant_JR106827,Quality Assistant,https://globusmedical.wd5.myworkdayjobs.com/gmed_careers/job/Methuen-MA/Quality-Assistant_JR106827,15,,,2026-09-18
2026-09-11,Globus Medical,/job/Methuen-MA/Quality-Specialist_JR106408,Associate Quality Engineer,https://globusmedical.wd5.myworkdayjobs.com/gmed_careers/job/Methuen-MA/Quality-Specialist_JR106408,36,,,2026-09-18
2026-09-11,Globus Medical,/job/Methuen-MA/SENIOR-SOFTWARE-ENGINEER_JR106669,SENIOR SOFTWARE ENGINEER,https://globusmedical.wd5.myworkdayjobs.com/gmed_careers/job/Methuen-MA/SENIOR-SOFTWARE-ENGINEER_JR106669,0,,,2026-09-18
2026-09-11,Globus Medical,/job/Methuen-MA/Senior-Director--Product-Development_JR107461,"Director, Product Development",https://globusmedical.wd5.myworkdayjobs.com/gmed_careers/job/Methuen-MA/Senior-Director--Product-Development_JR107461,0,,,2026-09-18
2026-09-11,Globus Medical,/job/Methuen-MA/Senior-Field-Service-Trainer_JR107340,Senior Field Service Trainer,https://globusmedical.wd5.myworkdayjobs.com/gmed_careers/job/Methuen-MA/Senior-Field-Service-Trainer_JR107340,0,,,2026-09-18
2026-09-11,Globus Medical,/job/Methuen-MA/Software-Engineer_JR107534,Software Engineer,https://globusmedical.wd5.myworkdayjobs.com/gmed_careers/job/Methuen-MA/Software-Engineer_JR107534,0,,,2026-09-18
2026-09-11,Globus Medical,/job/Methuen-MA/Sr-Software-Engineer_JR102820-1,"Group Manager, Algorithms & Software",https://globusmedical.wd5.myworkdayjobs.com/gmed_careers/job/Methuen-MA/Sr-Software-Engineer_JR102820-1,0,,,2026-09-18
2026-09-11,Globus Medical,/job/Methuen-MA/Staff-Electrical-Engineer_JR103411,Staff Electrical Engineer,https://globusmedical.wd5.myworkdayjobs.com/gmed_careers/job/Methuen-MA/Staff-Electrical-Engineer_JR103411,0,,,2026-09-18
2026-09-11,Globus Medical,/job/Methuen-MA/Staff-Engineer--Firmware_JR107343,"Staff Engineer, Firmware",https://globusmedical.wd5.myworkdayjobs.com/gmed_careers/job/Methuen-MA/Staff-Engineer--Firmware_JR107343,0,,,2026-09-18
2026-09-11,Globus Medical,/job/Michigan/Associate-Neurophysiologist--Detroit--MI-_JR106847,"Associate Neurophysiologist (Detroit, MI)",https://globusmedical.wd5.myworkdayjobs.com/gmed_careers/job/Michigan/Associate-Neurophysiologist--Detroit--MI-_JR106847,25,,,2026-09-18
2026-09-11,Globus Medical,/job/Michigan/Entry-Level-Associate-Neurophysiologist--Gaylord--MI-_JR107460,"Entry Level Associate Neurophysiologist (Gaylord, MI)",https://globusmedical.wd5.myworkdayjobs.com/gmed_careers/job/Michigan/Entry-Level-Associate-Neurophysiologist--Gaylord--MI-_JR107460,25,,,2026-09-18
2026-09-11,Globus Medical,/job/Michigan/Entry-Level-Associate-Neurophysiologist--Traverse-City--MI-_JR107548,"Entry Level Associate Neurophysiologist (Traverse City, MI)",https://globusmedical.wd5.myworkdayjobs.com/gmed_careers/job/Michigan/Entry-Level-Associate-Neurophysiologist--Traverse-City--MI-_JR107548,25,,,2026-09-18
2026-09-11,Globus Medical,/job/Michigan/Fast-Track-Spine-Specialist--Michigan-_JR106631,Fast Track Spine Specialist (Michigan),https://globusmedical.wd5.myworkdayjobs.com/gmed_careers/job/Michigan/Fast-Track-Spine-Specialist--Michigan-_JR106631,15,,,2026-09-18
2026-09-11,Globus Medical,/job/Michigan/Fast-Track-Trauma-Specialist--Traverse-City--MI-_JR107357,"Fast Track Trauma Specialist (Traverse City, MI)",https://globusmedical.wd5.myworkdayjobs.com/gmed_careers/job/Michigan/Fast-Track-Trauma-Specialist--Traverse-City--MI-_JR107357,15,,,2026-09-18
2026-09-11,Globus Medical,/job/Michigan/Neurophysiologist--Detroit--MI-_JR107173,"Neurophysiologist (Detroit, MI)",https://globusmedical.wd5.myworkdayjobs.com/gmed_careers/job/Michigan/Neurophysiologist--Detroit--MI-_JR107173,15,,,2026-09-18
2026-09-11,Globus Medical,/job/Michigan/Trauma-Fast-Track-Associate--Ann-Arbor--MI-_JR106275,"Trauma Fast Track Associate (Ann Arbor, MI)",https://globusmedical.wd5.myworkdayjobs.com/gmed_careers/job/Michigan/Trauma-Fast-Track-Associate--Ann-Arbor--MI-_JR106275,25,,,2026-09-18
2026-09-11,Globus Medical,/job/Michigan/Trauma-Fast-Track-Associate--Ann-Arbor--MI-_JR106532,"Trauma Fast Track Associate (Ann Arbor, MI)",https://globusmedical.wd5.myworkdayjobs.com/gmed_careers/job/Michigan/Trauma-Fast-Track-Associate--Ann-Arbor--MI-_JR106532,25,,,2026-09-18
2026-09-11,Globus Medical,/job/Minnesota/Trauma-Fast-Track-Associate--Minneapolis--MN-_JR106138,"Trauma Fast Track Associate (Minneapolis, MN)",https://globusmedical.wd5.myworkdayjobs.com/gmed_careers/job/Minnesota/Trauma-Fast-Track-Associate--Minneapolis--MN-_JR106138,25,,,2026-09-18
2026-09-11,Globus Medical,/job/Minnesota/Trauma-Specialist--Minneapolis--MN-_JR106134,"Trauma Specialist (Minneapolis, MN)",https://globusmedical.wd5.myworkdayjobs.com/gmed_careers/job/Minnesota/Trauma-Specialist--Minneapolis--MN-_JR106134,15,,,2026-09-18
2026-09-11,Globus Medical,/job/Missouri/Associate-Spine-Specialist--St-Louis--MO-_JR105635,"Associate Spine Specialist (Peoria + Bloomington, IL)",https://globusmedical.wd5.myworkdayjobs.com/gmed_careers/job/Missouri/Associate-Spine-Specialist--St-Louis--MO-_JR105635,25,,,2026-09-18
2026-09-11,Globus Medical,/job/Netherlands---Brunssum/Associate-Inventory-Analyst----International_JR106990,"Associate Inventory Analyst, - International",https://globusmedical.wd5.myworkdayjobs.com/gmed_careers/job/Netherlands---Brunssum/Associate-Inventory-Analyst----International_JR106990,36,,,2026-09-18
2026-09-11,Globus Medical,/job/Netherlands---Brunssum/Customer-Service-and-Loaner-Coordinator_JR105247,Customer Service and Loaner Coordinator,https://globusmedical.wd5.myworkdayjobs.com/gmed_careers/job/Netherlands---Brunssum/Customer-Service-and-Loaner-Coordinator_JR105247,15,,,2026-09-18
2026-09-11,Globus Medical,/job/Netherlands---Brunssum/Medical-Kit---Returns-Processor_JR107659-1,Medical Kit & Returns Processor,https://globusmedical.wd5.myworkdayjobs.com/gmed_careers/job/Netherlands---Brunssum/Medical-Kit---Returns-Processor_JR107659-1,15,,,2026-09-18
2026-09-11,Globus Medical,/job/Netherlands---Brunssum/Operations-Shipping-Clerk_JR105254,Operations Shipping Clerk,https://globusmedical.wd5.myworkdayjobs.com/gmed_careers/job/Netherlands---Brunssum/Operations-Shipping-Clerk_JR105254,15,,,2026-09-18
2026-09-11,Globus Medical,/job/Netherlands---Brunssum/Regional-IT-Manager---EMEA---APAC--_JR106410,Regional IT Manager  (EMEA & APAC) ,https://globusmedical.wd5.myworkdayjobs.com/gmed_careers/job/Netherlands---Brunssum/Regional-IT-Manager---EMEA---APAC--_JR106410,0,,,2026-09-18
2026-09-11,Globus Medical,/job/Netherlands---Brunssum/Shipping-Clerk_JR105259,Shipping Clerk,https://globusmedical.wd5.myworkdayjobs.com/gmed_careers/job/Netherlands---Brunssum/Shipping-Clerk_JR105259,15,,,2026-09-18
2026-09-11,Globus Medical,/job/Netherlands---Brunssum/Sr-Customer-Service-Representative_JR103741,Sr Customer Service Representative,https://globusmedical.wd5.myworkdayjobs.com/gmed_careers/job/Netherlands---Brunssum/Sr-Customer-Service-Representative_JR103741,0,,,2026-09-18
2026-09-11,Globus Medical,/job/Netherlands/Clinical-Specialist---Netherlands_JR107071,Clinical Specialist - Netherlands,https://globusmedical.wd5.myworkdayjobs.com/gmed_careers/job/Netherlands/Clinical-Specialist---Netherlands_JR107071,15,,,2026-09-18
2026-09-11,Globus Medical,/job/Netherlands/Imaging-Education-Specialist_JR106190,Imaging Education Specialist,https://globusmedical.wd5.myworkdayjobs.com/gmed_careers/job/Netherlands/Imaging-Education-Specialist_JR106190,15,,,2026-09-18
2026-09-11,Globus Medical,/job/Nevada/Associate-Trauma-Specialist--Las-Vegas--NV-_JR107569,"Associate Trauma Specialist (Las Vegas, NV)",https://globusmedical.wd5.myworkdayjobs.com/gmed_careers/job/Nevada/Associate-Trauma-Specialist--Las-Vegas--NV-_JR107569,25,,,2026-09-18
2026-09-11,Globus Medical,/job/Nevada/District-Sales-Manager--Sierra-Pacific--CA-_JR106704,"District Sales Manager (Sierra Pacific, CA)",https://globusmedical.wd5.myworkdayjobs.com/gmed_careers/job/Nevada/District-Sales-Manager--Sierra-Pacific--CA-_JR106704,0,,,2026-09-18
2026-09-11,Globus Medical,/job/Nevada/Spine-Specialist--Reno--NV-_JR103880,"Spine Specialist (Reno, NV)",https://globusmedical.wd5.myworkdayjobs.com/gmed_careers/job/Nevada/Spine-Specialist--Reno--NV-_JR103880,0,,,2026-09-18
2026-09-11,Globus Medical,/job/Nevada/Trauma-Specialist--Las-Vegas--NV-_JR103680,"Trauma Specialist (Las Vegas, NV)",https://globusmedical.wd5.myworkdayjobs.com/gmed_careers/job/Nevada/Trauma-Specialist--Las-Vegas--NV-_JR103680,15,,,2026-09-18
2026-09-11,Globus Medical,/job/New-Hampshire/Entry-Level-Associate-Neurophysiologist--New-Hampshire-_JR106875-1,Entry-Level Associate Neurophysiologist (New Hampshire),https://globusmedical.wd5.myworkdayjobs.com/gmed_careers/job/New-Hampshire/Entry-Level-Associate-Neurophysiologist--New-Hampshire-_JR106875-1,25,,,2026-09-18
2026-09-11,Globus Medical,/job/New-York/Associate-Spine-Specialist--Greater-Albany--NY-_JR106394,"Associate Spine Specialist (Greater Albany, NY)",https://globusmedical.wd5.myworkdayjobs.com/gmed_careers/job/New-York/Associate-Spine-Specialist--Greater-Albany--NY-_JR106394,45,,,2026-09-18
2026-09-11,Globus Medical,/job/New-York/Neurophysiologist--New-York-City-----10-000-Signing-Bonus-for-CNIM-Hire_JR107445,"Neurophysiologist (New York City) | $10,000 Signing Bonus for CNIM Hire",https://globusmedical.wd5.myworkdayjobs.com/gmed_careers/job/New-York/Neurophysiologist--New-York-City-----10-000-Signing-Bonus-for-CNIM-Hire_JR107445,20,,,2026-09-18
2026-09-11,Globus Medical,/job/North-Carolina/Associate-Interventional-Specialist--Raleigh--NC-_JR107456,"Associate Interventional Specialist (Raleigh, NC)",https://globusmedical.wd5.myworkdayjobs.com/gmed_careers/job/North-Carolina/Associate-Interventional-Specialist--Raleigh--NC-_JR107456,25,,,2026-09-18
2026-09-11,Globus Medical,/job/North-Carolina/District-Sales-Manager--Asheville--NC-_JR106518,"District Sales Manager (Asheville, NC)",https://globusmedical.wd5.myworkdayjobs.com/gmed_careers/job/North-Carolina/District-Sales-Manager--Asheville--NC-_JR106518,0,,,2026-09-18
2026-09-11,Globus Medical,/job/North-Carolina/Neurophysiologist--Winston-Salem-Greensboro--NC-_JR106797-1,"Entry Level Associate Neurophysiologist (Winston-Salem/Greensboro, NC)",https://globusmedical.wd5.myworkdayjobs.com/gmed_careers/job/North-Carolina/Neurophysiologist--Winston-Salem-Greensboro--NC-_JR106797-1,25,,,2026-09-18
2026-09-11,Globus Medical,/job/Ohio/Entry-Level-Associate-Neurophysiologist--Columbus--OH-_JR106555-1,"Entry Level Associate Neurophysiologist (Columbus, OH)",https://globusmedical.wd5.myworkdayjobs.com/gmed_careers/job/Ohio/Entry-Level-Associate-Neurophysiologist--Columbus--OH-_JR106555-1,25,,,2026-09-18
2026-09-11,Globus Medical,/job/Ohio/Fast-Track-Spine-Specialist--Ohio-_JR106630,Fast Track Spine Specialist (Ohio),https://globusmedical.wd5.myworkdayjobs.com/gmed_careers/job/Ohio/Fast-Track-Spine-Specialist--Ohio-_JR106630,15,,,2026-09-18
2026-09-11,Globus Medical,/job/Oklahoma/Associate-Spine-Specialist--Oklahoma-City--OK-_JR107517-1,"Associate Spine Specialist (Oklahoma City, OK)",https://globusmedical.wd5.myworkdayjobs.com/gmed_careers/job/Oklahoma/Associate-Spine-Specialist--Oklahoma-City--OK-_JR107517-1,25,,,2026-09-18
2026-09-11,Globus Medical,/job/Oregon/Associate-Spine-Specialist--Bend--OR-_JR107079,"Associate Spine Specialist (Bend, OR)",https://globusmedical.wd5.myworkdayjobs.com/gmed_careers/job/Oregon/Associate-Spine-Specialist--Bend--OR-_JR107079,25,,,2026-09-18
2026-09-11,Globus Medical,/job/Oregon/Entry-Level-Associate-Neurophysiologist--Medford--OR-_JR107359,"Entry Level Associate Neurophysiologist (Medford, OR)",https://globusmedical.wd5.myworkdayjobs.com/gmed_careers/job/Oregon/Entry-Level-Associate-Neurophysiologist--Medford--OR-_JR107359,25,,,2026-09-18
2026-09-11,Globus Medical,/job/Pennsylvania---Audubon---Headquarters/ELECTRICAL-ENGINEER_JR104996,ELECTRICAL ENGINEER,https://globusmedical.wd5.myworkdayjobs.com/gmed_careers/job/Pennsylvania---Audubon---Headquarters/ELECTRICAL-ENGINEER_JR104996,0,,,2026-09-18
2026-09-11,Globus Medical,/job/Pennsylvania---Audubon---Headquarters/Project-Engineer_JR107775,Project Engineer,https://globusmedical.wd5.myworkdayjobs.com/gmed_careers/job/Pennsylvania---Audubon---Headquarters/Project-Engineer_JR107775,15,,,2026-09-18
2026-09-11,Globus Medical,/job/Pennsylvania---Audubon---Headquarters/Senior-Project-Engineer_JR102808,Senior Project Engineer,https://globusmedical.wd5.myworkdayjobs.com/gmed_careers/job/Pennsylvania---Audubon---Headquarters/Senior-Project-Engineer_JR102808,0,,,2026-09-18
2026-09-11,Globus Medical,/job/Pennsylvania---Collegeville/Accounts-Receivable-Collections-Specialist_JR107734-1,Accounts Receivable Collections Specialist,https://globusmedical.wd5.myworkdayjobs.com/gmed_careers/job/Pennsylvania---Collegeville/Accounts-Receivable-Collections-Specialist_JR107734-1,15,,,2026-09-18
2026-09-11,Globus Medical,/job/Pennsylvania---Collegeville/Associate-Product-Manager_JR107618,Associate Product Manager,https://globusmedical.wd5.myworkdayjobs.com/gmed_careers/job/Pennsylvania---Collegeville/Associate-Product-Manager_JR107618,0,,,2026-09-18
2026-09-11,Globus Medical,/job/Pennsylvania---Collegeville/International-Senior-Accountant_JR107679,International Senior Accountant,https://globusmedical.wd5.myworkdayjobs.com/gmed_careers/job/Pennsylvania---Collegeville/International-Senior-Accountant_JR107679,0,,,2026-09-18
2026-09-11,Globus Medical,/job/Pennsylvania---Collegeville/Manager--Corporate-Financial-Reporting-and-Consolidations_JR103336,"Manager, Corporate Financial Reporting and Consolidations",https://globusmedical.wd5.myworkdayjobs.com/gmed_careers/job/Pennsylvania---Collegeville/Manager--Corporate-Financial-Reporting-and-Consolidations_JR103336,0,,,2026-09-18
2026-09-11,Globus Medical,/job/Pennsylvania---Collegeville/Patient-Access-Appeals-Specialist_JR105874,Appeals Specialist,https://globusmedical.wd5.myworkdayjobs.com/gmed_careers/job/Pennsylvania---Collegeville/Patient-Access-Appeals-Specialist_JR105874,26,,,2026-09-18
2026-09-11,Globus Medical,/job/Pennsylvania---Collegeville/Pricing-Analyst_JR107484,Pricing Analyst,https://globusmedical.wd5.myworkdayjobs.com/gmed_careers/job/Pennsylvania---Collegeville/Pricing-Analyst_JR107484,15,,,2026-09-18
2026-09-11,Globus Medical,/job/Pennsylvania---Collegeville/Senior-Director--Tax-Operations_JR107376,"Senior Director, Tax Operations",https://globusmedical.wd5.myworkdayjobs.com/gmed_careers/job/Pennsylvania---Collegeville/Senior-Director--Tax-Operations_JR107376,0,,,2026-09-18
2026-09-11,Globus Medical,/job/Pennsylvania---Collegeville/Staff-Internal-Auditor_JR107743,Staff Internal Auditor,https://globusmedical.wd5.myworkdayjobs.com/gmed_careers/job/Pennsylvania---Collegeville/Staff-Internal-Auditor_JR107743,0,,,2026-09-18
2026-09-11,Globus Medical,/job/Pennsylvania---Limerick/Assembler--2nd-Shift_JR107683-1,"Assembler, 2nd Shift",https://globusmedical.wd5.myworkdayjobs.com/gmed_careers/job/Pennsylvania---Limerick/Assembler--2nd-Shift_JR107683-1,25,,,2026-09-18
2026-09-11,Globus Medical,/job/Pennsylvania---Limerick/Assembler--2nd-Shift_JR107684-1,"Assembler, 2nd Shift",https://globusmedical.wd5.myworkdayjobs.com/gmed_careers/job/Pennsylvania---Limerick/Assembler--2nd-Shift_JR107684-1,25,,,2026-09-18
2026-09-11,Globus Medical,/job/Pennsylvania---Limerick/Assembler--2nd-Shift_JR107686-1,"Assembler, 2nd Shift",https://globusmedical.wd5.myworkdayjobs.com/gmed_careers/job/Pennsylvania---Limerick/Assembler--2nd-Shift_JR107686-1,25,,,2026-09-18
2026-09-11,Globus Medical,/job/Pennsylvania---Limerick/Brake-Press-Operator--Graphic-Cases--2nd-Shift_JR106639-2,Brake Press Operator (2:45PM -11:15PM),https://globusmedical.wd5.myworkdayjobs.com/gmed_careers/job/Pennsylvania---Limerick/Brake-Press-Operator--Graphic-Cases--2nd-Shift_JR106639-2,15,,,2026-09-18
2026-09-11,Globus Medical,/job/Pennsylvania---Limerick/CNC-Mill-Unit-Supervisor--3rd-Shift_JR106405-1,"CNC Mill Unit Supervisor, 3rd Shift",https://globusmedical.wd5.myworkdayjobs.com/gmed_careers/job/Pennsylvania---Limerick/CNC-Mill-Unit-Supervisor--3rd-Shift_JR106405-1,0,,,2026-09-18
2026-09-11,Globus Medical,/job/Pennsylvania---Limerick/CNC-Operator--Handles-Molding--1st-Shift_JR107638-1,"CNC Operator, Handles/Molding, 1st Shift",https://globusmedical.wd5.myworkdayjobs.com/gmed_careers/job/Pennsylvania---Limerick/CNC-Operator--Handles-Molding--1st-Shift_JR107638-1,15,,,2026-09-18
2026-09-11,Globus Medical,/job/Pennsylvania---Limerick/CNC-Operator-Handles-Molding--1st-Shift_JR106805-1,"CNC Operator Handles/Molding, 1st Shift",https://globusmedical.wd5.myworkdayjobs.com/gmed_careers/job/Pennsylvania---Limerick/CNC-Operator-Handles-Molding--1st-Shift_JR106805-1,15,,,2026-09-18
2026-09-11,Globus Medical,/job/Pennsylvania---Limerick/CNC-Operator-Mill---Turn--2nd-Shift_JR106380-1,"CNC Operator Mill / Turn, 2nd Shift",https://globusmedical.wd5.myworkdayjobs.com/gmed_careers/job/Pennsylvania---Limerick/CNC-Operator-Mill---Turn--2nd-Shift_JR106380-1,15,,,2026-09-18
2026-09-11,Globus Medical,/job/Pennsylvania---Limerick/CNC-Operator-Mill---Turn-2nd-Shift_JR107199-1,CNC Operator Mill / Turn 2nd Shift,https://globusmedical.wd5.myworkdayjobs.com/gmed_careers/job/Pennsylvania---Limerick/CNC-Operator-Mill---Turn-2nd-Shift_JR107199-1,15,,,2026-09-18
2026-09-11,Globus Medical,/job/Pennsylvania---Limerick/CNC-Operator-Mill-Turn--2nd-Shift_JR107596-1,"CNC Operator Mill/Turn, 2nd Shift",https://globusmedical.wd5.myworkdayjobs.com/gmed_careers/job/Pennsylvania---Limerick/CNC-Operator-Mill-Turn--2nd-Shift_JR107596-1,15,,,2026-09-18
2026-09-11,Globus Medical,/job/Pennsylvania---Limerick/CNC-Operator-Milling--2nd-Shift_JR107298-1,CNC Operator Milling (2:45PM -11:15PM),https://globusmedical.wd5.myworkdayjobs.com/gmed_careers/job/Pennsylvania---Limerick/CNC-Operator-Milling--2nd-Shift_JR107298-1,15,,,2026-09-18
2026-09-11,Globus Medical,/job/Pennsylvania---Limerick/CNC-Operator-Swiss--1st-Shift_JR107400-1,"CNC Operator Swiss, 1st Shift",https://globusmedical.wd5.myworkdayjobs.com/gmed_careers/job/Pennsylvania---Limerick/CNC-Operator-Swiss--1st-Shift_JR107400-1,15,,,2026-09-18
2026-09-11,Globus Medical,/job/Pennsylvania---Limerick/CNC-Operator-Swiss--2nd-Shift_JR106919-1,"CNC Operator Swiss, 2nd Shift",https://globusmedical.wd5.myworkdayjobs.com/gmed_careers/job/Pennsylvania---Limerick/CNC-Operator-Swiss--2nd-Shift_JR106919-1,15,,,2026-09-18
2026-09-11,Globus Medical,/job/Pennsylvania---Limerick/Finishing-Operator--2nd-Shift_JR107474-1,"Finishing Operator, 2nd Shift",https://globusmedical.wd5.myworkdayjobs.com/gmed_careers/job/Pennsylvania---Limerick/Finishing-Operator--2nd-Shift_JR107474-1,25,,,2026-09-18
2026-09-11,Globus Medical,/job/Pennsylvania---Limerick/Industrial-Machine-Technician--6-30-AM---3-00-PM-_JR105709,Machine Maintenance Technician (6:00AM - 2:30PM),https://globusmedical.wd5.myworkdayjobs.com/gmed_careers/job/Pennsylvania---Limerick/Industrial-Machine-Technician--6-30-AM---3-00-PM-_JR105709,26,,,2026-09-18
2026-09-11,Globus Medical,/job/Pennsylvania---Limerick/Injection-Molding-Operator--1st-Shift_JR106723-1,"Injection Molding Operator, 1st Shift",https://globusmedical.wd5.myworkdayjobs.com/gmed_careers/job/Pennsylvania---Limerick/Injection-Molding-Operator--1st-Shift_JR106723-1,15,,,2026-09-18
2026-09-11,Globus Medical,/job/Pennsylvania---Limerick/Laser-Turret-Operator--2nd-Shift_JR107254-1,Laser Turret Operator (2:45PM -11:15PM),https://globusmedical.wd5.myworkdayjobs.com/gmed_careers/job/Pennsylvania---Limerick/Laser-Turret-Operator--2nd-Shift_JR107254-1,15,,,2026-09-18
2026-09-11,Globus Medical,/job/Pennsylvania---Limerick/Quality-Control-Inspector---2nd-Shift_JR107144,Quality Control Inspector - 2nd Shift,https://globusmedical.wd5.myworkdayjobs.com/gmed_careers/job/Pennsylvania---Limerick/Quality-Control-Inspector---2nd-Shift_JR107144,15,,,2026-09-18
2026-09-11,Globus Medical,/job/Pennsylvania---Limerick/Secondary-Operations-Technician--PSI---2nd-Shift_JR107187-1,"Secondary Operations Technician, PSI - 2nd Shift",https://globusmedical.wd5.myworkdayjobs.com/gmed_careers/job/Pennsylvania---Limerick/Secondary-Operations-Technician--PSI---2nd-Shift_JR107187-1,15,,,2026-09-18
2026-09-11,Globus Medical,/job/Pennsylvania---Limerick/Secondary-Operations-Technician-PSI--3rd-Shift_JR107392,Secondary Operations Technician PSI (10:00PM - 7:30AM),https://globusmedical.wd5.myworkdayjobs.com/gmed_careers/job/Pennsylvania---Limerick/Secondary-Operations-Technician-PSI--3rd-Shift_JR107392,15,,,2026-09-18
2026-09-11,Globus Medical,/job/Pennsylvania---Limerick/Supervisor--Assembly-and-Laser_JR107404,"Supervisor, Assembly and Laser",https://globusmedical.wd5.myworkdayjobs.com/gmed_careers/job/Pennsylvania---Limerick/Supervisor--Assembly-and-Laser_JR107404,0,,,2026-09-18
2026-09-11,Globus Medical,/job/Pennsylvania/Associate-Interventional-Specialist--Philadelphia--PA-_JR107712,"Associate Interventional Specialist (Philadelphia, PA)",https://globusmedical.wd5.myworkdayjobs.com/gmed_careers/job/Pennsylvania/Associate-Interventional-Specialist--Philadelphia--PA-_JR107712,25,,,2026-09-18
2026-09-11,Globus Medical,/job/Pennsylvania/Supervisor--Patient-Success_JR107700,"Manager, Patient Success",https://globusmedical.wd5.myworkdayjobs.com/gmed_careers/job/Pennsylvania/Supervisor--Patient-Success_JR107700,0,,,2026-09-18
2026-09-11,Globus Medical,/job/Poland/Customer-Service-Specialist---Specjalista-ds-Obsugi-Klienta_JR107447,Customer Service Specialist / Specjalista ds. Obsługi Klienta,https://globusmedical.wd5.myworkdayjobs.com/gmed_careers/job/Poland/Customer-Service-Specialist---Specjalista-ds-Obsugi-Klienta_JR107447,15,,,2026-09-18
2026-09-11,Globus Medical,/job/Rhode-Island/Associate-Spine-Specialist--Rhode-Island-_JR106489,Associate Spine Specialist (Rhode Island),https://globusmedical.wd5.myworkdayjobs.com/gmed_careers/job/Rhode-Island/Associate-Spine-Specialist--Rhode-Island-_JR106489,25,,,2026-09-18
2026-09-11,Globus Medical,/job/Sales-Support---Operations-Specialist_JR107771,Sales Support & Operations Specialist,https://globusmedical.wd5.myworkdayjobs.com/gmed_careers/job/Sales-Support---Operations-Specialist_JR107771,15,,,2026-09-18
2026-09-11,Globus Medical,/job/San-Antonio-TX/Central-Sterilization-Supply-Technician---2nd-Shift_JR106199,Central Sterilization Supply Technician (2:00PM - 10:30PM),https://globusmedical.wd5.myworkdayjobs.com/gmed_careers/job/San-Antonio-TX/Central-Sterilization-Supply-Technician---2nd-Shift_JR106199,15,,,2026-09-18
2026-09-11,Globus Medical,/job/San-Antonio-TX/Central-Sterlization-Supply-Technician--10-00PM---6-30AM-_JR107580,Central Sterlization Supply Technician (10:00PM - 6:30AM),https://globusmedical.wd5.myworkdayjobs.com/gmed_careers/job/San-Antonio-TX/Central-Sterlization-Supply-Technician--10-00PM---6-30AM-_JR107580,15,,,2026-09-18
2026-09-11,Globus Medical,/job/San-Antonio-TX/Distribution-Coordinator---1st-Shift_JR107381,Distribution Coordinator - 1st Shift,https://globusmedical.wd5.myworkdayjobs.com/gmed_careers/job/San-Antonio-TX/Distribution-Coordinator---1st-Shift_JR107381,15,,,2026-09-18
2026-09-11,Globus Medical,/job/San-Antonio-TX/Manufacturing-Technician--10-00PM---6-30AM-_JR107584,Manufacturing Technician (10:00PM - 6:30AM),https://globusmedical.wd5.myworkdayjobs.com/gmed_careers/job/San-Antonio-TX/Manufacturing-Technician--10-00PM---6-30AM-_JR107584,15,,,2026-09-18
2026-09-11,Globus Medical,/job/San-Antonio-TX/Manufacturing-Technician--2-00PM---10-30PM-_JR106513,Manufacturing Technician (2:00PM - 10:30PM),https://globusmedical.wd5.myworkdayjobs.com/gmed_careers/job/San-Antonio-TX/Manufacturing-Technician--2-00PM---10-30PM-_JR106513,15,,,2026-09-18
2026-09-11,Globus Medical,/job/San-Antonio-TX/PROJECT-ENGINEER_JR107198,PROJECT ENGINEER,https://globusmedical.wd5.myworkdayjobs.com/gmed_careers/job/San-Antonio-TX/PROJECT-ENGINEER_JR107198,15,,,2026-09-18
2026-09-11,Globus Medical,/job/San-Diego-CA/Software-Engineer_JR106494,Software Engineer,https://globusmedical.wd5.myworkdayjobs.com/gmed_careers/job/San-Diego-CA/Software-Engineer_JR106494,0,,,2026-09-18
2026-09-11,Globus Medical,/job/San-Diego-CA/Sr-Software-Engineer_JR102177,Senior Algorithm Engineer,https://globusmedical.wd5.myworkdayjobs.com/gmed_careers/job/San-Diego-CA/Sr-Software-Engineer_JR102177,0,,,2026-09-18
2026-09-11,Globus Medical,/job/South-Dakota/Associate-Spine-Specialist--Rapid-City--SD-_JR107263,"Associate Spine Specialist (Rapid City, SD)",https://globusmedical.wd5.myworkdayjobs.com/gmed_careers/job/South-Dakota/Associate-Spine-Specialist--Rapid-City--SD-_JR107263,25,,,2026-09-18
2026-09-11,Globus Medical,/job/South-Dakota/District-Sales-Manager--Rapid-City--SD-_JR105967,"District Sales Manager (Rapid City, SD)",https://globusmedical.wd5.myworkdayjobs.com/gmed_careers/job/South-Dakota/District-Sales-Manager--Rapid-City--SD-_JR105967,0,,,2026-09-18
2026-09-11,Globus Medical,/job/Switzerland/Talentpool--Medical-Devices-Sales-Representative_JR106026,Talentpool: Medical Devices Sales Representative,https://globusmedical.wd5.myworkdayjobs.com/gmed_careers/job/Switzerland/Talentpool--Medical-Devices-Sales-Representative_JR106026,15,,,2026-09-18
2026-09-11,Globus Medical,/job/Switzerland/Territory-Manager_JR100761-1,Territory Manager - Switzerland,https://globusmedical.wd5.myworkdayjobs.com/gmed_careers/job/Switzerland/Territory-Manager_JR100761-1,0,,,2026-09-18
2026-09-11,Globus Medical,/job/Switzerland/Territory-Sales-Manager---Central-Region_JR105727,Territory Sales Manager Implants - Central Region,https://globusmedical.wd5.myworkdayjobs.com/gmed_careers/job/Switzerland/Territory-Sales-Manager---Central-Region_JR105727,0,,,2026-09-18
2026-09-11,Globus Medical,/job/Switzerland/Territory-Spine-Manager----East_JR105836,Territory Spine Manager -  East,https://globusmedical.wd5.myworkdayjobs.com/gmed_careers/job/Switzerland/Territory-Spine-Manager----East_JR105836,0,,,2026-09-18
2026-09-11,Globus Medical,/job/Switzerland/Territory-Spine-Manager-Implants---Zrich-East_JR106052,Territory Spine Manager Implants - Zürich/East,https://globusmedical.wd5.myworkdayjobs.com/gmed_careers/job/Switzerland/Territory-Spine-Manager-Implants---Zrich-East_JR106052,0,,,2026-09-18
2026-09-11,Globus Medical,/job/Texas/Associate-Interventional-Specialist--Corpus-Christi--TX-_JR107607-1,"Associate Interventional Specialist (Corpus Christi, TX)",https://globusmedical.wd5.myworkdayjobs.com/gmed_careers/job/Texas/Associate-Interventional-Specialist--Corpus-Christi--TX-_JR107607-1,25,,,2026-09-18
2026-09-11,Globus Medical,/job/Texas/Associate-Interventional-Specialist--Houston--TX-_JR106530,"Associate Interventional Specialist (Houston, TX)",https://globusmedical.wd5.myworkdayjobs.com/gmed_careers/job/Texas/Associate-Interventional-Specialist--Houston--TX-_JR106530,36,,,2026-09-18
2026-09-11,Globus Medical,/job/Texas/Associate-Spine-Specialist--Longview--TX-_JR107545,"Associate Spine Specialist (Longview, TX)",https://globusmedical.wd5.myworkdayjobs.com/gmed_careers/job/Texas/Associate-Spine-Specialist--Longview--TX-_JR107545,25,,,2026-09-18
2026-09-11,Globus Medical,/job/Texas/District-Sales-Manager--Houston--TX-_JR106531,"District Sales Manager (Houston, TX)",https://globusmedical.wd5.myworkdayjobs.com/gmed_careers/job/Texas/District-Sales-Manager--Houston--TX-_JR106531,0,,,2026-09-18
2026-09-11,Globus Medical,/job/United-Kingdom---Elstree/Account-Manager_JR102121-1,Account Manager,https://globusmedical.wd5.myworkdayjobs.com/gmed_careers/job/United-Kingdom---Elstree/Account-Manager_JR102121-1,0,,,2026-09-18
2026-09-11,Globus Medical,/job/United-Kingdom/Clinical-Specialist---Midlands_JR107073-1,Clinical Specialist - Midlands,https://globusmedical.wd5.myworkdayjobs.com/gmed_careers/job/United-Kingdom/Clinical-Specialist---Midlands_JR107073-1,15,,,2026-09-18
2026-09-11,Globus Medical,/job/United-Kingdom/Clinical-Specialist---Midlands_JR107514,Clinical Specialist - Midlands,https://globusmedical.wd5.myworkdayjobs.com/gmed_careers/job/United-Kingdom/Clinical-Specialist---Midlands_JR107514,15,,,2026-09-18
2026-09-11,Globus Medical,/job/United-Kingdom/Clinical-Specialist---North-West_JR106327,Clinical Specialist - North West,https://globusmedical.wd5.myworkdayjobs.com/gmed_careers/job/United-Kingdom/Clinical-Specialist---North-West_JR106327,15,,,2026-09-18
2026-09-11,Globus Medical,/job/United-Kingdom/Cranial-Clinical-Specialist-Representative---North--North_JR106180,Cranial Clinical Specialist Representative EMEA - North,https://globusmedical.wd5.myworkdayjobs.com/gmed_careers/job/United-Kingdom/Cranial-Clinical-Specialist-Representative---North--North_JR106180,15,,,2026-09-18
2026-09-11,Globus Medical,/job/United-Kingdom/Imaging-Education-Specialist_JR106189,Imaging Education Specialist,https://globusmedical.wd5.myworkdayjobs.com/gmed_careers/job/United-Kingdom/Imaging-Education-Specialist_JR106189,15,,,2026-09-18
2026-09-11,Globus Medical,/job/United-Kingdom/Sales-Spine-Specialist---East-Anglia_JR107515-1,Sales Spine Specialist - East Anglia,https://globusmedical.wd5.myworkdayjobs.com/gmed_careers/job/United-Kingdom/Sales-Spine-Specialist---East-Anglia_JR107515-1,15,,,2026-09-18
2026-09-11,Globus Medical,/job/United-Kingdom/Sales-Spine-Specialist---Oxfordshire_JR107516,Sales Spine Specialist - Oxfordshire,https://globusmedical.wd5.myworkdayjobs.com/gmed_careers/job/United-Kingdom/Sales-Spine-Specialist---Oxfordshire_JR107516,15,,,2026-09-18
2026-09-11,Globus Medical,/job/United-Kingdom/Territory-Manager---North_JR104092,Territory Manager - North,https://globusmedical.wd5.myworkdayjobs.com/gmed_careers/job/United-Kingdom/Territory-Manager---North_JR104092,0,,,2026-09-18
2026-09-11,Globus Medical,/job/Utah/Associate-Spine-Specialist--Salt-Lake-City--UT-_JR107313,"Associate Spine Specialist (Salt Lake City, UT)",https://globusmedical.wd5.myworkdayjobs.com/gmed_careers/job/Utah/Associate-Spine-Specialist--Salt-Lake-City--UT-_JR107313,25,,,2026-09-18
2026-09-11,Globus Medical,/job/Utah/Neurophysiologist--St-George--UT-_JR105509-1,"Neurophysiologist (St. George, UT)",https://globusmedical.wd5.myworkdayjobs.com/gmed_careers/job/Utah/Neurophysiologist--St-George--UT-_JR105509-1,15,,,2026-09-18
2026-09-11,Globus Medical,/job/Virginia/Area-Director--Virginia-_JR107812,Area Director (Virginia),https://globusmedical.wd5.myworkdayjobs.com/gmed_careers/job/Virginia/Area-Director--Virginia-_JR107812,0,,,2026-09-18
2026-09-11,Globus Medical,/job/Virginia/Associate-Spine-Specialist--Charlottesville--VA-_JR107396,"Associate Spine Specialist (Charlottesville, VA)",https://globusmedical.wd5.myworkdayjobs.com/gmed_careers/job/Virginia/Associate-Spine-Specialist--Charlottesville--VA-_JR107396,25,,,2026-09-18
2026-09-11,Globus Medical,/job/Virginia/Associate-Spine-Specialist--Richmond--VA-_JR105782,"Associate Spine Specialist (Richmond, VA)",https://globusmedical.wd5.myworkdayjobs.com/gmed_careers/job/Virginia/Associate-Spine-Specialist--Richmond--VA-_JR105782,25,,,2026-09-18
2026-09-11,Globus Medical,/job/West-Carrollton-OH/Associate-Distribution-Coordinator_JR107361-1,Associate Distribution Coordinator,https://globusmedical.wd5.myworkdayjobs.com/gmed_careers/job/West-Carrollton-OH/Associate-Distribution-Coordinator_JR107361-1,25,,,2026-09-18
2026-09-11,Globus Medical,/job/West-Carrollton-OH/Associate-Machinist-3rd-shift_JR107747-1,Associate Machinist 3rd shift,https://globusmedical.wd5.myworkdayjobs.com/gmed_careers/job/West-Carrollton-OH/Associate-Machinist-3rd-shift_JR107747-1,36,,,2026-09-18
2026-09-11,Globus Medical,/job/West-Carrollton-OH/Associate-Manager--Manufacturing-2nd-shift_JR107750-1,"Associate Manager, Manufacturing 2nd shift",https://globusmedical.wd5.myworkdayjobs.com/gmed_careers/job/West-Carrollton-OH/Associate-Manager--Manufacturing-2nd-shift_JR107750-1,0,,,2026-09-18
2026-09-11,Globus Medical,/job/West-Carrollton-OH/Associate-Manufacturing-Engineer_JR107653-1,Associate Manufacturing Engineer,https://globusmedical.wd5.myworkdayjobs.com/gmed_careers/job/West-Carrollton-OH/Associate-Manufacturing-Engineer_JR107653-1,25,,,2026-09-18
2026-09-11,Globus Medical,/job/West-Carrollton-OH/Associate-Manufacturing-Engineer_JR107654-1,Associate Manufacturing Engineer,https://globusmedical.wd5.myworkdayjobs.com/gmed_careers/job/West-Carrollton-OH/Associate-Manufacturing-Engineer_JR107654-1,25,,,2026-09-18
2026-09-11,Globus Medical,/job/West-Carrollton-OH/CNC-Machinist-3rd-shift_JR107748-1,CNC Machinist 3rd shift,https://globusmedical.wd5.myworkdayjobs.com/gmed_careers/job/West-Carrollton-OH/CNC-Machinist-3rd-shift_JR107748-1,26,,,2026-09-18
2026-09-11,Globus Medical,/job/West-Carrollton-OH/Engineering-Intern---Spring-2027_JR107803-1,Engineering Intern - Spring 2027,https://globusmedical.wd5.myworkdayjobs.com/gmed_careers/job/West-Carrollton-OH/Engineering-Intern---Spring-2027_JR107803-1,15,,,2026-09-18
2026-09-11,Globus Medical,/job/West-Carrollton-OH/Maintenance-Technician---3rd-Shift_JR107411-1,Maintenance Technician - 3rd Shift,https://globusmedical.wd5.myworkdayjobs.com/gmed_careers/job/West-Carrollton-OH/Maintenance-Technician---3rd-Shift_JR107411-1,15,,,2026-09-18
2026-09-11,Globus Medical,/job/West-Carrollton-OH/Manufacturing-Engineer_JR107409-1,Manufacturing Engineer,https://globusmedical.wd5.myworkdayjobs.com/gmed_careers/job/West-Carrollton-OH/Manufacturing-Engineer_JR107409-1,15,,,2026-09-18
2026-09-11,Globus Medical,/job/Wisconsin/Associate-Interventional-Specialist--Green-Bay--WI-_JR105954,"Associate Interventional Specialist (Green Bay, WI)",https://globusmedical.wd5.myworkdayjobs.com/gmed_careers/job/Wisconsin/Associate-Interventional-Specialist--Green-Bay--WI-_JR105954,25,,,2026-09-18
2026-09-11,Globus Medical,/job/Wisconsin/Trauma-Fast-Track-Associate--Milwaukee--WI-_JR106139,"Trauma Fast Track Associate (Milwaukee, WI)",https://globusmedical.wd5.myworkdayjobs.com/gmed_careers/job/Wisconsin/Trauma-Fast-Track-Associate--Milwaukee--WI-_JR106139,25,,,2026-09-18
2026-09-11,Globus Medical,/job/Wisconsin/Trauma-Specialist--Green-Bay--WI-_JR106136,"Trauma Specialist (Green Bay, WI)",https://globusmedical.wd5.myworkdayjobs.com/gmed_careers/job/Wisconsin/Trauma-Specialist--Green-Bay--WI-_JR106136,15,,,2026-09-18
2026-09-11,Globus Medical,/job/Wisconsin/Trauma-Specialist--Milwaukee--WI-_JR106137,"Trauma Specialist (Milwaukee, WI)",https://globusmedical.wd5.myworkdayjobs.com/gmed_careers/job/Wisconsin/Trauma-Specialist--Milwaukee--WI-_JR106137,15,,,2026-09-18
2026-09-11,Globus Medical,/job/Wyoming/Entry-Level-Associate-Neurophysiologist--Casper-Laramie--WY-_JR107212,"Entry Level Associate Neurophysiologist (Casper/Laramie, WY)",https://globusmedical.wd5.myworkdayjobs.com/gmed_careers/job/Wyoming/Entry-Level-Associate-Neurophysiologist--Casper-Laramie--WY-_JR107212,25,,,2026-09-18
2026-09-11,Greenhouse,6180015,Mid-Market Sales Development Representative,https://job-boards.greenhouse.io/greenhouse/jobs/6180015?gh_jid=6180015,35,,,2026-09-18
2026-09-11,Greenhouse,8021661,"Engineering Manager, Cloud Platform",https://job-boards.greenhouse.io/greenhouse/jobs/8021661?gh_jid=8021661,0,,,2026-09-18
2026-09-11,Greenhouse,8072927,"Engineering Manager, Cloud Platform",https://job-boards.greenhouse.io/greenhouse/jobs/8072927?gh_jid=8072927,0,,,2026-09-18
2026-09-11,Greenhouse,8073203,FP&A Manager,https://job-boards.greenhouse.io/greenhouse/jobs/8073203?gh_jid=8073203,0,,,2026-09-18
2026-09-11,Greenhouse,8109679,Enterprise Account Manager,https://job-boards.greenhouse.io/greenhouse/jobs/8109679?gh_jid=8109679,0,,,2026-09-18
2026-09-11,Greenhouse,8114997,Senior Product Manager,https://job-boards.greenhouse.io/greenhouse/jobs/8114997?gh_jid=8114997,0,,,2026-09-18
2026-09-11,Greenhouse,8115010,Senior Business Development Manager,https://job-boards.greenhouse.io/greenhouse/jobs/8115010?gh_jid=8115010,0,,,2026-09-18
2026-09-11,Greenhouse,8115111,"Manager, Security Engineering",https://job-boards.greenhouse.io/greenhouse/jobs/8115111?gh_jid=8115111,0,,,2026-09-18
2026-09-11,Greenhouse,8125900,Senior Product Manager,https://job-boards.greenhouse.io/greenhouse/jobs/8125900?gh_jid=8125900,0,,,2026-09-18
2026-09-11,Greenhouse,8126408,Senior Product Manager,https://job-boards.greenhouse.io/greenhouse/jobs/8126408?gh_jid=8126408,0,,,2026-09-18
2026-09-11,Greenhouse,8126988,Commercial Counsel,https://job-boards.greenhouse.io/greenhouse/jobs/8126988?gh_jid=8126988,0,,,2026-09-18
2026-09-11,Greenhouse,8129288,"Manager, Security Engineering",https://job-boards.greenhouse.io/greenhouse/jobs/8129288?gh_jid=8129288,0,,,2026-09-18
2026-09-11,Greenhouse,8141795,"Director, People Systems and Operations",https://job-boards.greenhouse.io/greenhouse/jobs/8141795?gh_jid=8141795,0,,,2026-09-18
2026-09-11,Greenhouse,8148418,"Software Engineer (Contract, Argentina)",https://job-boards.greenhouse.io/greenhouse/jobs/8148418?gh_jid=8148418,11,,,2026-09-18
2026-09-11,Greenhouse,8155173,Strategic Consultant,https://job-boards.greenhouse.io/greenhouse/jobs/8155173?gh_jid=8155173,15,,,2026-09-18
2026-09-11,Greenhouse,8163099,Site Reliability Engineer,https://job-boards.greenhouse.io/greenhouse/jobs/8163099?gh_jid=8163099,37,,,2026-09-18
2026-09-11,Greenhouse,8168227,Growth Account Executive,https://job-boards.greenhouse.io/greenhouse/jobs/8168227?gh_jid=8168227,26,,,2026-09-18
2026-09-11,Greenhouse,8168281,"Senior Account Executive, Mid-Market",https://job-boards.greenhouse.io/greenhouse/jobs/8168281?gh_jid=8168281,0,,,2026-09-18
2026-09-11,Handshake,01b7c07f-f783-4f8d-a062-4fc0fecda718,Data Partnership Strategist,https://jobs.ashbyhq.com/handshake/01b7c07f-f783-4f8d-a062-4fc0fecda718,26,,,2026-09-18
2026-09-11,Handshake,0768448c-677f-404f-bccc-7d1583e5ee10,Senior Engagement Manager,https://jobs.ashbyhq.com/handshake/0768448c-677f-404f-bccc-7d1583e5ee10,0,,,2026-09-18
2026-09-11,Handshake,081f7a0a-d40c-461b-8ac8-ff36355c56c9,"Engineering Manager, AI Evaluation",https://jobs.ashbyhq.com/handshake/081f7a0a-d40c-461b-8ac8-ff36355c56c9,0,,,2026-09-18
2026-09-11,Handshake,0b652757-a760-48c5-bd54-26464b3fd1d4,"AI Model Policy Trainer, Generalist (Seattle)",https://jobs.ashbyhq.com/handshake/0b652757-a760-48c5-bd54-26464b3fd1d4,15,,,2026-09-18
2026-09-11,Handshake,0fd4b779-02ca-437c-8005-35a74da08080,"Director Engineering, RLE",https://jobs.ashbyhq.com/handshake/0fd4b779-02ca-437c-8005-35a74da08080,0,,,2026-09-18
2026-09-11,Handshake,11193c7b-e34d-4a29-a14a-f1d4be438cf8,Strategic Projects Lead,https://jobs.ashbyhq.com/handshake/11193c7b-e34d-4a29-a14a-f1d4be438cf8,0,,,2026-09-18
2026-09-11,Handshake,11625d7a-36cc-48b9-808a-ae020c0bf535,"Data Analyst, Finance and Payments",https://jobs.ashbyhq.com/handshake/11625d7a-36cc-48b9-808a-ae020c0bf535,48,,,2026-09-18
2026-09-11,Handshake,1d110a7d-dd36-4719-9cac-3fffb4cdd4c2,"Account Executive, Data Partnerships",https://jobs.ashbyhq.com/handshake/1d110a7d-dd36-4719-9cac-3fffb4cdd4c2,26,,,2026-09-18
2026-09-11,Handshake,1e3a9711-d13c-4b79-8599-34dfb3133621,"AI Model Policy Trainer, Mental Health (Seattle)",https://jobs.ashbyhq.com/handshake/1e3a9711-d13c-4b79-8599-34dfb3133621,15,,,2026-09-18
2026-09-11,Handshake,23c2f266-cce4-44f0-ad2f-9a62cc9801d3,"Manager, Strategic Projects",https://jobs.ashbyhq.com/handshake/23c2f266-cce4-44f0-ad2f-9a62cc9801d3,0,,,2026-09-18
2026-09-11,Handshake,2d25a9c3-0482-430e-8be1-3fbb19e8bf43,"Senior Software Engineer, Frontend Platform",https://jobs.ashbyhq.com/handshake/2d25a9c3-0482-430e-8be1-3fbb19e8bf43,0,,,2026-09-18
2026-09-11,Handshake,2dd606c0-976f-4f22-b258-102a5ad3da4c,Senior Product Designer II,https://jobs.ashbyhq.com/handshake/2dd606c0-976f-4f22-b258-102a5ad3da4c,0,,,2026-09-18
2026-09-11,Handshake,2f7c5ec1-4f2f-4a5c-935f-eb00aff59487,Mid-Market Account Executive II,https://jobs.ashbyhq.com/handshake/2f7c5ec1-4f2f-4a5c-935f-eb00aff59487,46,,,2026-09-18
2026-09-11,Handshake,2f936add-3a94-48d9-9759-90c1e2c64d3e,"Software Engineer I, Quality",https://jobs.ashbyhq.com/handshake/2f936add-3a94-48d9-9759-90c1e2c64d3e,47,,,2026-09-18
2026-09-11,Handshake,32793d99-af94-4966-bdb9-ab6866254e5b,"Strategic Projects Lead, Coding/RLE",https://jobs.ashbyhq.com/handshake/32793d99-af94-4966-bdb9-ab6866254e5b,0,,,2026-09-18
2026-09-11,Handshake,32f0d53c-5808-4b12-84ac-60e2bb9dd7ae,"Software Engineer, Enterprise AI",https://jobs.ashbyhq.com/handshake/32f0d53c-5808-4b12-84ac-60e2bb9dd7ae,46,,,2026-09-18
2026-09-11,Handshake,3e1f314d-a0dd-491a-9c8f-19f673ee3cbe,"Manager, Strategic Projects",https://jobs.ashbyhq.com/handshake/3e1f314d-a0dd-491a-9c8f-19f673ee3cbe,0,,,2026-09-18
2026-09-11,Handshake,45b712a7-9b9b-4c4d-bc63-99cfb12d65ba,"Strategic Customer Success Manager, Federal",https://jobs.ashbyhq.com/handshake/45b712a7-9b9b-4c4d-bc63-99cfb12d65ba,0,,,2026-09-18
2026-09-11,Handshake,4dcdfc01-076f-43f3-9bed-1acafd2c1cfa,"AI Model Policy Trainer, Image Evaluation - Seattle Onsite",https://jobs.ashbyhq.com/handshake/4dcdfc01-076f-43f3-9bed-1acafd2c1cfa,26,,,2026-09-18
2026-09-11,Handshake,58b7da0f-101d-419a-b1d3-f57716c5bec6,"AI Safety Policy Evaluator, Violence & Threats | Seattle Onsite",https://jobs.ashbyhq.com/handshake/58b7da0f-101d-419a-b1d3-f57716c5bec6,15,,,2026-09-18
2026-09-11,Handshake,5a93adbb-0502-4574-985a-8692cdde45b1,Sales Development Representative,https://jobs.ashbyhq.com/handshake/5a93adbb-0502-4574-985a-8692cdde45b1,15,,,2026-09-18
2026-09-11,Handshake,5c921f24-fb19-4343-997d-318b3d7c0942,"Manager, Strategic Programs",https://jobs.ashbyhq.com/handshake/5c921f24-fb19-4343-997d-318b3d7c0942,0,,,2026-09-18
2026-09-11,Handshake,5fd7dcf2-d2a2-4d82-bc8a-82d701768b43,Senior AI Forward Deployed Engineer,https://jobs.ashbyhq.com/handshake/5fd7dcf2-d2a2-4d82-bc8a-82d701768b43,0,,,2026-09-18
2026-09-11,Handshake,60057740-e884-4025-9d02-e332f8feb867,Senior Software Engineer - Pay & Safety,https://jobs.ashbyhq.com/handshake/60057740-e884-4025-9d02-e332f8feb867,0,,,2026-09-18
2026-09-11,Handshake,66024b3f-179a-4c5d-8bac-a723859eddff,"Manager, Scaled Customer Success",https://jobs.ashbyhq.com/handshake/66024b3f-179a-4c5d-8bac-a723859eddff,0,,,2026-09-18
2026-09-11,Handshake,6d439578-3296-49eb-b2e8-9fb605ba94de,"Chief of Staff, President & COO",https://jobs.ashbyhq.com/handshake/6d439578-3296-49eb-b2e8-9fb605ba94de,0,,,2026-09-18
2026-09-11,Handshake,71a4204a-d23e-476c-86e5-edb9e32a4e50,"Business Development Representative, Government",https://jobs.ashbyhq.com/handshake/71a4204a-d23e-476c-86e5-edb9e32a4e50,46,,,2026-09-18
2026-09-11,Handshake,73418318-9ea4-49bc-a886-1bb4f6f8a637,"Staff Product Designer, Growth",https://jobs.ashbyhq.com/handshake/73418318-9ea4-49bc-a886-1bb4f6f8a637,0,,,2026-09-18
2026-09-11,Handshake,7df8dd36-1a9f-4234-b656-10c7640471e0,Senior Recruiter,https://jobs.ashbyhq.com/handshake/7df8dd36-1a9f-4234-b656-10c7640471e0,0,,,2026-09-18
2026-09-11,Handshake,7e9ed099-34c4-4461-9858-23add238f5a2,"Account Executive, Data Partnerships",https://jobs.ashbyhq.com/handshake/7e9ed099-34c4-4461-9858-23add238f5a2,26,,,2026-09-18
2026-09-11,Handshake,7f607c0b-291d-4c17-9897-6d8c5d35eb00,"AI Red Teamer, Cybersecurity (Remote)",https://jobs.ashbyhq.com/handshake/7f607c0b-291d-4c17-9897-6d8c5d35eb00,46,,,2026-09-18
2026-09-11,Handshake,85f8d830-ee05-4981-af23-e84a3025a946,"Senior Software Engineer, Machine Learning Infrastructure",https://jobs.ashbyhq.com/handshake/85f8d830-ee05-4981-af23-e84a3025a946,0,,,2026-09-18
2026-09-11,Handshake,87c44874-6f3d-4814-8721-f214ea5eceed,"AI Red Teamer, CBRNE (Remote)",https://jobs.ashbyhq.com/handshake/87c44874-6f3d-4814-8721-f214ea5eceed,46,,,2026-09-18
2026-09-11,Handshake,8de5bb9e-0277-43a6-aed5-b702c5a168da,"Sales Development Representative, Data Partnerships",https://jobs.ashbyhq.com/handshake/8de5bb9e-0277-43a6-aed5-b702c5a168da,26,,,2026-09-18
2026-09-11,Handshake,8f8ed382-27c3-46d0-9c74-6293e9294cd4,Strategic Projects Associate,https://jobs.ashbyhq.com/handshake/8f8ed382-27c3-46d0-9c74-6293e9294cd4,47,,,2026-09-18
2026-09-11,Handshake,91733641-0e01-4c04-a5ce-95a7faad1d1c,"Software Engineer I, International Expansion",https://jobs.ashbyhq.com/handshake/91733641-0e01-4c04-a5ce-95a7faad1d1c,47,,,2026-09-18
2026-09-11,Handshake,92b1b4d0-aa14-494f-888c-b3a1400614f9,IT Support Analyst,https://jobs.ashbyhq.com/handshake/92b1b4d0-aa14-494f-888c-b3a1400614f9,15,,,2026-09-18
2026-09-11,Handshake,99956455-d4f7-4044-9ebd-d7f0d469d165,Mid-Market Account Manager,https://jobs.ashbyhq.com/handshake/99956455-d4f7-4044-9ebd-d7f0d469d165,0,,,2026-09-18
2026-09-11,Handshake,9a93ec72-d396-4971-8d4c-222094f9c5a3,"Software Engineer I, Handshake AI ",https://jobs.ashbyhq.com/handshake/9a93ec72-d396-4971-8d4c-222094f9c5a3,47,,,2026-09-18
2026-09-11,Handshake,9c1fe075-be13-468f-bc0f-c8cfb5d62581,"Staff Software Engineer, Consumer Experience",https://jobs.ashbyhq.com/handshake/9c1fe075-be13-468f-bc0f-c8cfb5d62581,0,,,2026-09-18
2026-09-11,Handshake,9f946d08-5483-4ed7-9c29-27406ad4492f,"Strategic Projects Lead, Safety",https://jobs.ashbyhq.com/handshake/9f946d08-5483-4ed7-9c29-27406ad4492f,0,,,2026-09-18
2026-09-11,Handshake,9ff88fb2-c121-4fda-8d4f-918b571e0257,"Senior Manager, Mid Market Sales",https://jobs.ashbyhq.com/handshake/9ff88fb2-c121-4fda-8d4f-918b571e0257,0,,,2026-09-18
2026-09-11,Handshake,a4d765fd-567b-4d27-b614-a2735af19f0a,Enterprise Customer Success Manager,https://jobs.ashbyhq.com/handshake/a4d765fd-567b-4d27-b614-a2735af19f0a,0,,,2026-09-18
2026-09-11,Handshake,aee8a130-794d-4103-8abd-3676f9c91060,"Senior Software Engineer, Consumer Experience",https://jobs.ashbyhq.com/handshake/aee8a130-794d-4103-8abd-3676f9c91060,0,,,2026-09-18
2026-09-11,Handshake,b777e140-6ccd-44e6-9709-5a43c4b1ca7a,"Applied AI Engineer, Enterprise AI",https://jobs.ashbyhq.com/handshake/b777e140-6ccd-44e6-9709-5a43c4b1ca7a,46,,,2026-09-18
2026-09-11,Handshake,b80bc193-ed11-468c-be6c-485cacd2b33c,Staff Product Designer,https://jobs.ashbyhq.com/handshake/b80bc193-ed11-468c-be6c-485cacd2b33c,0,,,2026-09-18
2026-09-11,Handshake,ba86755b-c182-41a5-91de-497988a395b3,Growth Operations Lead (India),https://jobs.ashbyhq.com/handshake/ba86755b-c182-41a5-91de-497988a395b3,0,,,2026-09-18
2026-09-11,Handshake,bb7eeb0b-5114-496f-925e-a790b162c3e4,GTM Engineer,https://jobs.ashbyhq.com/handshake/bb7eeb0b-5114-496f-925e-a790b162c3e4,22,,,2026-09-18
2026-09-11,Handshake,bd860a01-b630-4530-9e65-6d762e47e818,"Forward Deployed Engineer, Enterprise AI",https://jobs.ashbyhq.com/handshake/bd860a01-b630-4530-9e65-6d762e47e818,46,,,2026-09-18
2026-09-11,Handshake,bf9890b9-da32-46a5-979a-f9de3ebfb73c,"Senior Cloud Engineer, Agentic Infrastructure ",https://jobs.ashbyhq.com/handshake/bf9890b9-da32-46a5-979a-f9de3ebfb73c,0,,,2026-09-18
2026-09-11,Handshake,c50f908d-bd57-46bf-bfe2-775b03516ffe,"Senior Manager, Communications",https://jobs.ashbyhq.com/handshake/c50f908d-bd57-46bf-bfe2-775b03516ffe,0,,,2026-09-18
2026-09-11,Handshake,c5753428-968f-4142-9dbc-49d419f0a020,Strategic Projects Lead,https://jobs.ashbyhq.com/handshake/c5753428-968f-4142-9dbc-49d419f0a020,0,,,2026-09-18
2026-09-11,Handshake,c57961b2-fdfa-4537-84b0-6416c42de9e4,Senior Forward Deployed Engineer,https://jobs.ashbyhq.com/handshake/c57961b2-fdfa-4537-84b0-6416c42de9e4,0,,,2026-09-18
2026-09-11,Handshake,c91b7ebf-2c69-4d91-809d-a30ea0b9dc18,"Forward Deployed Engineer, Handshake AI Enterprise",https://jobs.ashbyhq.com/handshake/c91b7ebf-2c69-4d91-809d-a30ea0b9dc18,26,,,2026-09-18
2026-09-11,Handshake,cd613f8d-a61c-4c2f-8e92-9064aa52099d,Senior Director - AI Commercial Counsel,https://jobs.ashbyhq.com/handshake/cd613f8d-a61c-4c2f-8e92-9064aa52099d,0,,,2026-09-18
2026-09-11,Handshake,cf91ae55-f8c7-423d-a36f-ef2cb39cd43e,Assistant Controller,https://jobs.ashbyhq.com/handshake/cf91ae55-f8c7-423d-a36f-ef2cb39cd43e,15,,,2026-09-18
2026-09-11,Handshake,d01f67e7-5658-4b75-a296-9765c708fbab,"Lead Recruiter, India",https://jobs.ashbyhq.com/handshake/d01f67e7-5658-4b75-a296-9765c708fbab,0,,,2026-09-18
2026-09-11,Handshake,d55015aa-6b91-447e-8fc5-707d86bc19aa,Data Partnerships Representative,https://jobs.ashbyhq.com/handshake/d55015aa-6b91-447e-8fc5-707d86bc19aa,26,,,2026-09-18
2026-09-11,Handshake,da7bc8fc-4b7a-410a-aaa1-2faafed7c9fc,"Software Engineer II, Reinforcement Learning Environments",https://jobs.ashbyhq.com/handshake/da7bc8fc-4b7a-410a-aaa1-2faafed7c9fc,0,,,2026-09-18
2026-09-11,Handshake,dabb98c5-e646-48a6-b76b-4a8f3e17b9f8,Mid-Market Account Executive II,https://jobs.ashbyhq.com/handshake/dabb98c5-e646-48a6-b76b-4a8f3e17b9f8,26,,,2026-09-18
2026-09-11,Handshake,e15e3244-06f9-4c41-96c6-8860ad7594c5,AI Red Teamer (LLM Generalist),https://jobs.ashbyhq.com/handshake/e15e3244-06f9-4c41-96c6-8860ad7594c5,15,,,2026-09-18
2026-09-11,Handshake,e1f105e9-f143-43d2-bb05-c0ab4edd52f7,"Senior Software Engineer, International Expansion",https://jobs.ashbyhq.com/handshake/e1f105e9-f143-43d2-bb05-c0ab4edd52f7,0,,,2026-09-18
2026-09-11,Handshake,e3f93a22-f6dc-4a3a-b055-6bfe6db351c5,"Senior Software Engineer, Operator Tooling",https://jobs.ashbyhq.com/handshake/e3f93a22-f6dc-4a3a-b055-6bfe6db351c5,0,,,2026-09-18
2026-09-11,Handshake,ea453433-f11f-4f5e-b3b0-8f97c10fc1c0,Program Manager,https://jobs.ashbyhq.com/handshake/ea453433-f11f-4f5e-b3b0-8f97c10fc1c0,0,,,2026-09-18
2026-09-11,Handshake,f0267113-e730-48fa-8ae4-6f2246fc1af3,"Senior Frontend Engineer, Enterprise AI",https://jobs.ashbyhq.com/handshake/f0267113-e730-48fa-8ae4-6f2246fc1af3,0,,,2026-09-18
2026-09-11,Handshake,f2ed7bba-e887-474d-9bf2-894a47f0082f,Engagement Manager,https://jobs.ashbyhq.com/handshake/f2ed7bba-e887-474d-9bf2-894a47f0082f,0,,,2026-09-18
2026-09-11,Handshake,f632f0c3-0b9c-49a7-984b-de92e18e6d0b,Forward Deployed Engineer I,https://jobs.ashbyhq.com/handshake/f632f0c3-0b9c-49a7-984b-de92e18e6d0b,48,,,2026-09-18
2026-09-11,Handshake,f6d78547-bb7a-4b5c-9b8f-349d46da647a,Workplace Experience Manager,https://jobs.ashbyhq.com/handshake/f6d78547-bb7a-4b5c-9b8f-349d46da647a,0,,,2026-09-18
2026-09-11,Handshake,fcd727f8-6390-4aef-9052-818ff710b013,Director of Communications,https://jobs.ashbyhq.com/handshake/fcd727f8-6390-4aef-9052-818ff710b013,0,,,2026-09-18
2026-09-11,Leidos,/job/2019-DISA-HQ-Fort-George-G-Meade-MD/Senior-ICAM-Federation-and-App-Integration-Engineer_R-00183979,Senior ICAM Federation and App Integration Engineer,https://leidos.wd5.myworkdayjobs.com/external/job/2019-DISA-HQ-Fort-George-G-Meade-MD/Senior-ICAM-Federation-and-App-Integration-Engineer_R-00183979,0,,,2026-09-18
2026-09-11,Leidos,/job/2019-DISA-HQ-Fort-George-G-Meade-MD/XMLNAME--Senior-ICAM-Identity-Governance-and-Provisioning-Engineer_R-00183972,​Senior ICAM Identity Governance and Provisioning Engineer,https://leidos.wd5.myworkdayjobs.com/external/job/2019-DISA-HQ-Fort-George-G-Meade-MD/XMLNAME--Senior-ICAM-Identity-Governance-and-Provisioning-Engineer_R-00183972,0,,,2026-09-18
2026-09-11,Leidos,/job/2019-DISA-HQ-Fort-George-G-Meade-MD/XMLNAME--Senior-ICAM-Identity-Governance-and-Provisioning-Engineer_R-00183977-1,Senior ICAM Engineer,https://leidos.wd5.myworkdayjobs.com/external/job/2019-DISA-HQ-Fort-George-G-Meade-MD/XMLNAME--Senior-ICAM-Identity-Governance-and-Provisioning-Engineer_R-00183977-1,0,,,2026-09-18
2026-09-11,Leidos,/job/3325-Fort-George-G-Meade-MD/Junior-Software-Engineer--SWE-2-_R-00185405,Junior Software Engineer (SWE-1),https://leidos.wd5.myworkdayjobs.com/external/job/3325-Fort-George-G-Meade-MD/Junior-Software-Engineer--SWE-2-_R-00185405,36,,,2026-09-18
2026-09-11,Leidos,/job/3325-Fort-George-G-Meade-MD/Software-Engineer--SWE-2-_R-00178020,Software Engineer (SWE-2),https://leidos.wd5.myworkdayjobs.com/external/job/3325-Fort-George-G-Meade-MD/Software-Engineer--SWE-2-_R-00178020,58,,,2026-09-18
2026-09-11,Leidos,/job/6314-RemoteTeleworker-US/EPC-Transmission-Line-Project-Engineer_R-00187471,EPC Transmission Line Project Engineer,https://leidos.wd5.myworkdayjobs.com/external/job/6314-RemoteTeleworker-US/EPC-Transmission-Line-Project-Engineer_R-00187471,56,,,2026-09-18
2026-09-11,Leidos,/job/6314-RemoteTeleworker-US/Lead--Subcontracts-Management_R-00192046,"Lead, Subcontracts Management",https://leidos.wd5.myworkdayjobs.com/external/job/6314-RemoteTeleworker-US/Lead--Subcontracts-Management_R-00192046,0,,,2026-09-18
2026-09-11,Leidos,/job/6314-RemoteTeleworker-US/Lead--Subcontracts-Management_R-00192047-1,"Lead, Subcontracts Management",https://leidos.wd5.myworkdayjobs.com/external/job/6314-RemoteTeleworker-US/Lead--Subcontracts-Management_R-00192047-1,0,,,2026-09-18
2026-09-11,Leidos,/job/6314-RemoteTeleworker-US/Lead-Substation-Engineer---Technical-Project-Lead_R-00189794,Lead Substation Engineer - Technical Project Lead,https://leidos.wd5.myworkdayjobs.com/external/job/6314-RemoteTeleworker-US/Lead-Substation-Engineer---Technical-Project-Lead_R-00189794,0,,,2026-09-18
2026-09-11,Leidos,/job/6314-RemoteTeleworker-US/Principal-Substation-Engineer_R-00189186,Principal Substation Engineer,https://leidos.wd5.myworkdayjobs.com/external/job/6314-RemoteTeleworker-US/Principal-Substation-Engineer_R-00189186,0,,,2026-09-18
2026-09-11,Leidos,/job/6314-RemoteTeleworker-US/Principal-Transmission-Line-Engineer--Part-time-_R-00190211,Principal Transmission Line Engineer (Part-time),https://leidos.wd5.myworkdayjobs.com/external/job/6314-RemoteTeleworker-US/Principal-Transmission-Line-Engineer--Part-time-_R-00190211,0,,,2026-09-18
2026-09-11,Leidos,/job/6314-RemoteTeleworker-US/Senior---Lead-Transmission-Line-Engineers_R-00182156,Senior & Lead Transmission Line Engineers,https://leidos.wd5.myworkdayjobs.com/external/job/6314-RemoteTeleworker-US/Senior---Lead-Transmission-Line-Engineers_R-00182156,0,,,2026-09-18
2026-09-11,Leidos,/job/6314-RemoteTeleworker-US/Senior-Civil-Structural-Engineer_R-00184339,Senior Civil/Structural Engineer,https://leidos.wd5.myworkdayjobs.com/external/job/6314-RemoteTeleworker-US/Senior-Civil-Structural-Engineer_R-00184339,0,,,2026-09-18
2026-09-11,Leidos,/job/6314-RemoteTeleworker-US/Senior-Exercise-Planner---Regional-Exercise-Lead_R-00191454,Senior Exercise Planner - Regional Exercise Lead,https://leidos.wd5.myworkdayjobs.com/external/job/6314-RemoteTeleworker-US/Senior-Exercise-Planner---Regional-Exercise-Lead_R-00191454,0,,,2026-09-18
2026-09-11,Leidos,/job/6314-RemoteTeleworker-US/Substation-Structural-Designer_R-00188954,Substation Structural Designer,https://leidos.wd5.myworkdayjobs.com/external/job/6314-RemoteTeleworker-US/Substation-Structural-Designer_R-00188954,45,,,2026-09-18
2026-09-11,Leidos,/job/6314-RemoteTeleworker-US/Transmission-Line-Engineer_R-00176163,Transmission Line Engineer,https://leidos.wd5.myworkdayjobs.com/external/job/6314-RemoteTeleworker-US/Transmission-Line-Engineer_R-00176163,36,,,2026-09-18
2026-09-11,Leidos,/job/6314-RemoteTeleworker-US/Transmission-Line-Engineer_R-00176419,Transmission Line Engineer,https://leidos.wd5.myworkdayjobs.com/external/job/6314-RemoteTeleworker-US/Transmission-Line-Engineer_R-00176419,36,,,2026-09-18
2026-09-11,Leidos,/job/6314-RemoteTeleworker-US/Transmission-Line-Engineer_R-00182700-1,"Transmission Line Engineer (Mid, Senior, & Lead)",https://leidos.wd5.myworkdayjobs.com/external/job/6314-RemoteTeleworker-US/Transmission-Line-Engineer_R-00182700-1,0,,,2026-09-18
2026-09-11,Leidos,/job/Albuquerque-NM/Bilingual-Mortgage-Origination-Customer-Service-Representative_R-00190051,Bilingual Mortgage Origination Customer Service Representative,https://leidos.wd5.myworkdayjobs.com/external/job/Albuquerque-NM/Bilingual-Mortgage-Origination-Customer-Service-Representative_R-00190051,25,,,2026-09-18
2026-09-11,Leidos,/job/Albuquerque-NM/Mortgage-Origination---Customer-Service-Representative_R-00191386,Mortgage Origination - Customer Service Representative,https://leidos.wd5.myworkdayjobs.com/external/job/Albuquerque-NM/Mortgage-Origination---Customer-Service-Representative_R-00191386,25,,,2026-09-18
2026-09-11,Leidos,/job/Alexandria-VA/Automation-Engineer--UiPath-_R-00188932-1,Automation Engineer (UiPath),https://leidos.wd5.myworkdayjobs.com/external/job/Alexandria-VA/Automation-Engineer--UiPath-_R-00188932-1,58,,,2026-09-18
2026-09-11,Leidos,/job/Alexandria-VA/Automation-Engineer--Uipath-_R-00188937,Automation Engineer (Uipath),https://leidos.wd5.myworkdayjobs.com/external/job/Alexandria-VA/Automation-Engineer--Uipath-_R-00188937,58,,,2026-09-18
2026-09-11,Leidos,/job/Alexandria-VA/Cyber-Intelligence-Fusion-Analyst_R-00191281,Cyber Intelligence Fusion Analyst,https://leidos.wd5.myworkdayjobs.com/external/job/Alexandria-VA/Cyber-Intelligence-Fusion-Analyst_R-00191281,36,,,2026-09-18
2026-09-11,Leidos,/job/Alexandria-VA/Field-Engineer_R-00190704,Field Engineer,https://leidos.wd5.myworkdayjobs.com/external/job/Alexandria-VA/Field-Engineer_R-00190704,47,,,2026-09-18
2026-09-11,Leidos,/job/Alexandria-VA/Junior-Automation-Developer--UiPath-_R-00190595,Junior Automation Developer (UiPath),https://leidos.wd5.myworkdayjobs.com/external/job/Alexandria-VA/Junior-Automation-Developer--UiPath-_R-00190595,58,,,2026-09-18
2026-09-11,Leidos,/job/Alexandria-VA/Junior-Automation-Developer--UiPath-_R-00190596,Junior Automation Developer (UiPath),https://leidos.wd5.myworkdayjobs.com/external/job/Alexandria-VA/Junior-Automation-Developer--UiPath-_R-00190596,58,,,2026-09-18
2026-09-11,Leidos,/job/Alexandria-VA/Senior-Lead-Installation-Technician_R-00184789,Senior Lead Installation Technician,https://leidos.wd5.myworkdayjobs.com/external/job/Alexandria-VA/Senior-Lead-Installation-Technician_R-00184789,0,,,2026-09-18
2026-09-11,Leidos,/job/Alexandria-VA/Senior-VDI-Administrator_R-00190370,Senior VDI Administrator,https://leidos.wd5.myworkdayjobs.com/external/job/Alexandria-VA/Senior-VDI-Administrator_R-00190370,0,,,2026-09-18
2026-09-11,Leidos,/job/Alexandria-VA/Software-Engineer-SME_R-00191904,Software Engineer SME,https://leidos.wd5.myworkdayjobs.com/external/job/Alexandria-VA/Software-Engineer-SME_R-00191904,58,,,2026-09-18
2026-09-11,Leidos,/job/Annapolis-Junction-MD/Chief-Engineer_R-00186831,Chief Engineer,https://leidos.wd5.myworkdayjobs.com/external/job/Annapolis-Junction-MD/Chief-Engineer_R-00186831,36,,,2026-09-18
2026-09-11,Leidos,/job/Annapolis-Junction-MD/Junior-Manual-Test-Engineer_R-00180257,Junior Manual Test Engineer,https://leidos.wd5.myworkdayjobs.com/external/job/Annapolis-Junction-MD/Junior-Manual-Test-Engineer_R-00180257,36,,,2026-09-18
2026-09-11,Leidos,/job/Annapolis-Junction-MD/Program-Manager_R-00155413,Program Manager,https://leidos.wd5.myworkdayjobs.com/external/job/Annapolis-Junction-MD/Program-Manager_R-00155413,0,,,2026-09-18
2026-09-11,Leidos,/job/Annapolis-Junction-MD/Senior-Program-Manager_R-00179093,Senior Program Manager,https://leidos.wd5.myworkdayjobs.com/external/job/Annapolis-Junction-MD/Senior-Program-Manager_R-00179093,0,,,2026-09-18
2026-09-11,Leidos,/job/Annapolis-Junction-MD/Senior-Software-Engineer_R-00189621,Senior Software Engineer,https://leidos.wd5.myworkdayjobs.com/external/job/Annapolis-Junction-MD/Senior-Software-Engineer_R-00189621,0,,,2026-09-18
2026-09-11,Leidos,/job/Annapolis-Junction-MD/Software-Engineer-TS-SCI-Poly_R-00179045,Software Engineer TS/SCI Poly,https://leidos.wd5.myworkdayjobs.com/external/job/Annapolis-Junction-MD/Software-Engineer-TS-SCI-Poly_R-00179045,47,,,2026-09-18
2026-09-11,Leidos,/job/Annapolis-Junction-MD/Software-Engineer-TS-SCI-Polygraph_R-00179039,Software Engineer TS/SCI Polygraph,https://leidos.wd5.myworkdayjobs.com/external/job/Annapolis-Junction-MD/Software-Engineer-TS-SCI-Polygraph_R-00179039,47,,,2026-09-18
2026-09-11,Leidos,/job/Arifjan-Kuwait/Systems-Administrator_R-00191176,Systems Administrator,https://leidos.wd5.myworkdayjobs.com/external/job/Arifjan-Kuwait/Systems-Administrator_R-00191176,25,,,2026-09-18
2026-09-11,Leidos,/job/Arlington-VA/Junior-Exercise-Planner---Joint-Cyber-Defense-Collaborative--JCDC-_R-00191065-1,Junior Exercise Planner - Joint Cyber Defense Collaborative (JCDC),https://leidos.wd5.myworkdayjobs.com/external/job/Arlington-VA/Junior-Exercise-Planner---Joint-Cyber-Defense-Collaborative--JCDC-_R-00191065-1,47,,,2026-09-18
2026-09-11,Leidos,/job/Arlington-VA/Junior-Signal-Processing-Engineer_R-00190429,Junior Signal Processing Engineer,https://leidos.wd5.myworkdayjobs.com/external/job/Arlington-VA/Junior-Signal-Processing-Engineer_R-00190429,25,,,2026-09-18
2026-09-11,Leidos,/job/Arlington-VA/Senior-Exercise-Planner---Joint-Cyber-Defense-Collaborative--JCDC-_R-00191071,Senior Exercise Planner – Joint Cyber Defense Collaborative (JCDC),https://leidos.wd5.myworkdayjobs.com/external/job/Arlington-VA/Senior-Exercise-Planner---Joint-Cyber-Defense-Collaborative--JCDC-_R-00191071,0,,,2026-09-18
2026-09-11,Leidos,/job/Ashburn-VA/PostGres-SQL-Database-Developer_R-00191058,PostGres/SQL Database Developer,https://leidos.wd5.myworkdayjobs.com/external/job/Ashburn-VA/PostGres-SQL-Database-Developer_R-00191058,36,,,2026-09-18
2026-09-11,Leidos,/job/Beavercreek-OH/IMS-Scheduler_R-00183484,IMS Scheduler,https://leidos.wd5.myworkdayjobs.com/external/job/Beavercreek-OH/IMS-Scheduler_R-00183484,25,,,2026-09-18
2026-09-11,Leidos,/job/Bedford-MA/Acquisition-Program-Support-Specialist_R-00183485,Acquisition Program Support Specialist,https://leidos.wd5.myworkdayjobs.com/external/job/Bedford-MA/Acquisition-Program-Support-Specialist_R-00183485,25,,,2026-09-18
2026-09-11,Leidos,/job/Bedford-MA/Avionics-Engineering-Support_R-00183334-1,Avionics Engineering Support,https://leidos.wd5.myworkdayjobs.com/external/job/Bedford-MA/Avionics-Engineering-Support_R-00183334-1,25,,,2026-09-18
2026-09-11,Leidos,/job/Bedford-MA/Configuration-Management-Support-Specialist_R-00183483-1,Configuration Management Support Specialist,https://leidos.wd5.myworkdayjobs.com/external/job/Bedford-MA/Configuration-Management-Support-Specialist_R-00183483-1,36,,,2026-09-18
2026-09-11,Leidos,/job/Bethesda-MD/Cyber-Security-Engineer-Technical-lead_R-00179079,Cyber Security Engineer—Technical Lead,https://leidos.wd5.myworkdayjobs.com/external/job/Bethesda-MD/Cyber-Security-Engineer-Technical-lead_R-00179079,0,,,2026-09-18
2026-09-11,Leidos,/job/Bethesda-MD/Data-Storage-Engineer_R-00181697,Data Storage Engineer,https://leidos.wd5.myworkdayjobs.com/external/job/Bethesda-MD/Data-Storage-Engineer_R-00181697,36,,,2026-09-18
2026-09-11,Leidos,/job/Bethesda-MD/Principal-ETL-Developer_R-00174042,Principal ETL Developer,https://leidos.wd5.myworkdayjobs.com/external/job/Bethesda-MD/Principal-ETL-Developer_R-00174042,0,,,2026-09-18
2026-09-11,Leidos,/job/Bethesda-MD/Principal-ETL-Developer_R-00175314,Principal ETL Developer,https://leidos.wd5.myworkdayjobs.com/external/job/Bethesda-MD/Principal-ETL-Developer_R-00175314,0,,,2026-09-18
2026-09-11,Leidos,/job/Bethesda-MD/Senior-IT-Training---Multimedia-Specialist_R-00191937,Senior IT Training & Multimedia Specialist,https://leidos.wd5.myworkdayjobs.com/external/job/Bethesda-MD/Senior-IT-Training---Multimedia-Specialist_R-00191937,0,,,2026-09-18
2026-09-11,Leidos,/job/Bethesda-MD/Senior-Systems-Engineer_R-00186235,Senior Systems Engineer,https://leidos.wd5.myworkdayjobs.com/external/job/Bethesda-MD/Senior-Systems-Engineer_R-00186235,0,,,2026-09-18
2026-09-11,Leidos,/job/Bowie-MD/Junior-Software-Engineer_R-00189125,Software Engineer,https://leidos.wd5.myworkdayjobs.com/external/job/Bowie-MD/Junior-Software-Engineer_R-00189125,36,,,2026-09-18
2026-09-11,Leidos,/job/Bury-St-Edmunds-Suffolk-UK/Security-Specialist_R-00190348,Security Specialist,https://leidos.wd5.myworkdayjobs.com/external/job/Bury-St-Edmunds-Suffolk-UK/Security-Specialist_R-00190348,25,,,2026-09-18
2026-09-11,Leidos,/job/California-MD/Cyber-Infrastructure-Support_R-00190026,Cyber Infrastructure Support,https://leidos.wd5.myworkdayjobs.com/external/job/California-MD/Cyber-Infrastructure-Support_R-00190026,36,,,2026-09-18
2026-09-11,Leidos,/job/Camp-Springs-MD/Multiskilled-Facilities-Maintenance-Technician_R-00184713,Multiskilled Facilities Maintenance Technician,https://leidos.wd5.myworkdayjobs.com/external/job/Camp-Springs-MD/Multiskilled-Facilities-Maintenance-Technician_R-00184713,36,,,2026-09-18
2026-09-11,Leidos,/job/Camp-Springs-MD/Multiskilled-Facilities-Maintenance-Technician_R-00184716,Multiskilled Facilities Maintenance Technician,https://leidos.wd5.myworkdayjobs.com/external/job/Camp-Springs-MD/Multiskilled-Facilities-Maintenance-Technician_R-00184716,36,,,2026-09-18
2026-09-11,Leidos,/job/Canberra-Australian-Capital-Territory-Australia/GIS-Production-Engineer_R-00181012,GIS Production Engineer,https://leidos.wd5.myworkdayjobs.com/external/job/Canberra-Australian-Capital-Territory-Australia/GIS-Production-Engineer_R-00181012,25,,,2026-09-18
2026-09-11,Leidos,/job/Canberra-Australian-Capital-Territory-Australia/Help-Desk-Engineer_R-00175646,Help Desk Engineer,https://leidos.wd5.myworkdayjobs.com/external/job/Canberra-Australian-Capital-Territory-Australia/Help-Desk-Engineer_R-00175646,25,,,2026-09-18
2026-09-11,Leidos,/job/Canberra-Australian-Capital-Territory-Australia/Senior-Security-Engineer_R-00183997,Senior Security Engineer,https://leidos.wd5.myworkdayjobs.com/external/job/Canberra-Australian-Capital-Territory-Australia/Senior-Security-Engineer_R-00183997,0,,,2026-09-18
2026-09-11,Leidos,/job/Canberra-Australian-Capital-Territory-Australia/Senior-Software-Engineer---9-months_R-00187653,Senior Software Engineer - 9 months,https://leidos.wd5.myworkdayjobs.com/external/job/Canberra-Australian-Capital-Territory-Australia/Senior-Software-Engineer---9-months_R-00187653,0,,,2026-09-18
2026-09-11,Leidos,/job/Chantilly-VA/Imagery-Analyst_R-00185489,Imagery Analyst,https://leidos.wd5.myworkdayjobs.com/external/job/Chantilly-VA/Imagery-Analyst_R-00185489,25,,,2026-09-18
2026-09-11,Leidos,/job/Chantilly-VA/Jr-Operations-Technicial_R-00185107,Jr. Operations Technician,https://leidos.wd5.myworkdayjobs.com/external/job/Chantilly-VA/Jr-Operations-Technicial_R-00185107,36,,,2026-09-18
2026-09-11,Leidos,/job/Chantilly-VA/Junior-DevOps-Engineer_R-00183797-1,Junior DevOps Engineer,https://leidos.wd5.myworkdayjobs.com/external/job/Chantilly-VA/Junior-DevOps-Engineer_R-00183797-1,36,,,2026-09-18
2026-09-11,Leidos,/job/Chantilly-VA/Junior-DevOps-Engineer_R-00190855,Junior DevOps Engineer,https://leidos.wd5.myworkdayjobs.com/external/job/Chantilly-VA/Junior-DevOps-Engineer_R-00190855,36,,,2026-09-18
2026-09-11,Leidos,/job/Chantilly-VA/Senior-DevOps-Engineer_R-00183801,Senior DevOps Engineer,https://leidos.wd5.myworkdayjobs.com/external/job/Chantilly-VA/Senior-DevOps-Engineer_R-00183801,0,,,2026-09-18
2026-09-11,Leidos,/job/Chantilly-VA/Senior-DevOps-Engineer_R-00190856,Senior DevOps Engineer,https://leidos.wd5.myworkdayjobs.com/external/job/Chantilly-VA/Senior-DevOps-Engineer_R-00190856,0,,,2026-09-18
2026-09-11,Leidos,/job/Chantilly-VA/Senior-Software-Engineer_R-00190653,Senior Software Engineer,https://leidos.wd5.myworkdayjobs.com/external/job/Chantilly-VA/Senior-Software-Engineer_R-00190653,0,,,2026-09-18
2026-09-11,Leidos,/job/Chantilly-VA/Software-Developer-SME_R-00189375,Software Developer SME,https://leidos.wd5.myworkdayjobs.com/external/job/Chantilly-VA/Software-Developer-SME_R-00189375,36,,,2026-09-18
2026-09-11,Leidos,/job/Chantilly-VA/Software-Developer-SME_R-00189437,Software Developer SME,https://leidos.wd5.myworkdayjobs.com/external/job/Chantilly-VA/Software-Developer-SME_R-00189437,36,,,2026-09-18
2026-09-11,Leidos,/job/Chantilly-VA/System-Administrator_R-00190498-1,System Administrator,https://leidos.wd5.myworkdayjobs.com/external/job/Chantilly-VA/System-Administrator_R-00190498-1,36,,,2026-09-18
2026-09-11,Leidos,/job/Clarksburg-WV/Junior-Cloud-SecDevOps-Engineer_R-00183101,Junior Cloud/SecDevOps Engineer,https://leidos.wd5.myworkdayjobs.com/external/job/Clarksburg-WV/Junior-Cloud-SecDevOps-Engineer_R-00183101,47,,,2026-09-18
2026-09-11,Leidos,/job/Clarksburg-WV/Master-Software-Engineer_R-00190335,Master Software Engineer,https://leidos.wd5.myworkdayjobs.com/external/job/Clarksburg-WV/Master-Software-Engineer_R-00190335,47,,,2026-09-18
2026-09-11,Leidos,/job/Clarksburg-WV/Senior-Java-Software-Developer_R-00190334,Senior Java Software Developer,https://leidos.wd5.myworkdayjobs.com/external/job/Clarksburg-WV/Senior-Java-Software-Developer_R-00190334,0,,,2026-09-18
2026-09-11,Leidos,/job/Clarksburg-WV/Software-Engineer---Junior-Level_R-00182108,Software Engineer - Junior Level,https://leidos.wd5.myworkdayjobs.com/external/job/Clarksburg-WV/Software-Engineer---Junior-Level_R-00182108,47,,,2026-09-18
2026-09-11,Leidos,/job/Concord-MA/Cyber-Infrastructure-Support-Lead_R-00188232,Cyber Infrastructure Support Lead,https://leidos.wd5.myworkdayjobs.com/external/job/Concord-MA/Cyber-Infrastructure-Support-Lead_R-00188232,0,,,2026-09-18
2026-09-11,Leidos,/job/Detroit-MI/RCx-Energy-Advisor_R-00185376,RCx Energy Advisor,https://leidos.wd5.myworkdayjobs.com/external/job/Detroit-MI/RCx-Energy-Advisor_R-00185376,25,,,2026-09-18
2026-09-11,Leidos,/job/Eagan-MN/Software-Developer_R-00190563,Software Developer,https://leidos.wd5.myworkdayjobs.com/external/job/Eagan-MN/Software-Developer_R-00190563,36,,,2026-09-18
2026-09-11,Leidos,/job/Egg-Harbor-Township-NJ/System-Integration-Engineer_R-00190793,System Integration Engineer,https://leidos.wd5.myworkdayjobs.com/external/job/Egg-Harbor-Township-NJ/System-Integration-Engineer_R-00190793,56,,,2026-09-18
2026-09-11,Leidos,/job/Falls-Church-VA/Junior-Media-Relations---Public-Affairs_R-00190872,Junior Media Relations / Public Affairs,https://leidos.wd5.myworkdayjobs.com/external/job/Falls-Church-VA/Junior-Media-Relations---Public-Affairs_R-00190872,25,,,2026-09-18
2026-09-11,Leidos,/job/Fort-Belvoir-VA/Hybrid-Multi-Cloud-Engineer-SME_R-00188318,Hybrid Multi-Cloud Engineer SME,https://leidos.wd5.myworkdayjobs.com/external/job/Fort-Belvoir-VA/Hybrid-Multi-Cloud-Engineer-SME_R-00188318,58,,,2026-09-18
2026-09-11,Leidos,/job/Fort-Meade-MD/Junior-Cyber-Analyst_R-00183704,Junior Cyber Analyst,https://leidos.wd5.myworkdayjobs.com/external/job/Fort-Meade-MD/Junior-Cyber-Analyst_R-00183704,36,,,2026-09-18
2026-09-11,Leidos,/job/Framingham-MA/Substation-Senior-Civil-Structural-Engineer_R-00184977,Substation Senior Civil/Structural Engineer,https://leidos.wd5.myworkdayjobs.com/external/job/Framingham-MA/Substation-Senior-Civil-Structural-Engineer_R-00184977,0,,,2026-09-18
2026-09-11,Leidos,/job/Gaithersburg-MD/Java-Software-Engineer---Scrum-Master_R-00187967,Java Software Engineer - Scrum Master,https://leidos.wd5.myworkdayjobs.com/external/job/Gaithersburg-MD/Java-Software-Engineer---Scrum-Master_R-00187967,36,,,2026-09-18
2026-09-11,Leidos,/job/Gaithersburg-MD/Lead-Software-Developer_R-00190337,Lead Software Developer,https://leidos.wd5.myworkdayjobs.com/external/job/Gaithersburg-MD/Lead-Software-Developer_R-00190337,0,,,2026-09-18
2026-09-11,Leidos,/job/Gaithersburg-MD/Lead-Systems-Integration-and-Test-Engineer_R-00190988,Lead Systems Integration and Test Engineer,https://leidos.wd5.myworkdayjobs.com/external/job/Gaithersburg-MD/Lead-Systems-Integration-and-Test-Engineer_R-00190988,0,,,2026-09-18
2026-09-11,Leidos,/job/Gaithersburg-MD/Mid-Level-Software-Engineer_R-00191695-1,Mid-Level Software Engineer,https://leidos.wd5.myworkdayjobs.com/external/job/Gaithersburg-MD/Mid-Level-Software-Engineer_R-00191695-1,47,,,2026-09-18
2026-09-11,Leidos,/job/Gaithersburg-MD/R-00185126-Senior-Systems-Integration-and-Test-Engineer_R-00190984,Senior Systems Integration and Test Engineer,https://leidos.wd5.myworkdayjobs.com/external/job/Gaithersburg-MD/R-00185126-Senior-Systems-Integration-and-Test-Engineer_R-00190984,0,,,2026-09-18
2026-09-11,Leidos,/job/Gaithersburg-MD/Senior-Java-Software-Engineer---Scrum-Master_R-00188112,Senior Java Software Engineer / Scrum Master,https://leidos.wd5.myworkdayjobs.com/external/job/Gaithersburg-MD/Senior-Java-Software-Engineer---Scrum-Master_R-00188112,0,,,2026-09-18
2026-09-11,Leidos,/job/Gaithersburg-MD/Senior-Software-Engineer_R-00189831,Senior Software Engineer,https://leidos.wd5.myworkdayjobs.com/external/job/Gaithersburg-MD/Senior-Software-Engineer_R-00189831,0,,,2026-09-18
2026-09-11,Leidos,/job/Gaithersburg-MD/Sr-Software-Developer_R-00188991,Sr. Software Developer,https://leidos.wd5.myworkdayjobs.com/external/job/Gaithersburg-MD/Sr-Software-Developer_R-00188991,0,,,2026-09-18
2026-09-11,Leidos,/job/Hampton-VA/Intelligence-Analyst_R-00186265,Intelligence Analyst,https://leidos.wd5.myworkdayjobs.com/external/job/Hampton-VA/Intelligence-Analyst_R-00186265,25,,,2026-09-18
2026-09-11,Leidos,/job/Hampton-VA/Senior-Linux-Engineer_R-00191892-1,Senior Linux Engineer,https://leidos.wd5.myworkdayjobs.com/external/job/Hampton-VA/Senior-Linux-Engineer_R-00191892-1,0,,,2026-09-18
2026-09-11,Leidos,/job/Hampton-VA/Senior-Network-Engineer---WAN_R-00191891,Senior Network Engineer - WAN,https://leidos.wd5.myworkdayjobs.com/external/job/Hampton-VA/Senior-Network-Engineer---WAN_R-00191891,0,,,2026-09-18
2026-09-11,Leidos,/job/Hampton-VA/Web-Developer_R-00186077,Web Developer,https://leidos.wd5.myworkdayjobs.com/external/job/Hampton-VA/Web-Developer_R-00186077,47,,,2026-09-18
2026-09-11,Leidos,/job/Hanover-MD/Principal-Software-Engineer-TS-SCI-Polygraph_R-00183777,Principal Software Engineer TS/SCI Polygraph,https://leidos.wd5.myworkdayjobs.com/external/job/Hanover-MD/Principal-Software-Engineer-TS-SCI-Polygraph_R-00183777,0,,,2026-09-18
2026-09-11,Leidos,/job/Hanover-MD/Sr-Software-Engineer-TS-SCI-Polygraph-HANOVER_R-00185307,Sr. Software Engineer TS/SCI Polygraph HANOVER,https://leidos.wd5.myworkdayjobs.com/external/job/Hanover-MD/Sr-Software-Engineer-TS-SCI-Polygraph-HANOVER_R-00185307,0,,,2026-09-18
2026-09-11,Leidos,/job/Harman-Australian-Capital-Territory-Australia/Junior-Security-Operations-Analyst_R-00190962,Junior Security Operations Analyst,https://leidos.wd5.myworkdayjobs.com/external/job/Harman-Australian-Capital-Territory-Australia/Junior-Security-Operations-Analyst_R-00190962,25,,,2026-09-18
2026-09-11,Leidos,/job/Honolulu-HI/Opportunities-Supporting-US-Army-Pacific--USARPAC----EPICS_R-00189983,Opportunities Supporting U.S. Army Pacific (USARPAC) – EPICS,https://leidos.wd5.myworkdayjobs.com/external/job/Honolulu-HI/Opportunities-Supporting-US-Army-Pacific--USARPAC----EPICS_R-00189983,36,,,2026-09-18
2026-09-11,Leidos,/job/Houston-TX/Distribution-Engineering-Supervisor_R-00187597,Distribution Engineering Supervisor,https://leidos.wd5.myworkdayjobs.com/external/job/Houston-TX/Distribution-Engineering-Supervisor_R-00187597,25,,,2026-09-18
2026-09-11,Leidos,/job/Huntsville-AL/Deputy-Chief-Engineer-TPS-Production_R-00190218,Deputy Chief Engineer TPS Production,https://leidos.wd5.myworkdayjobs.com/external/job/Huntsville-AL/Deputy-Chief-Engineer-TPS-Production_R-00190218,25,,,2026-09-18
2026-09-11,Leidos,/job/Huntsville-AL/Embedded-Software-Engineer---Kinetic-Effects_R-00189072,Embedded Software Engineer - Kinetic Effects,https://leidos.wd5.myworkdayjobs.com/external/job/Huntsville-AL/Embedded-Software-Engineer---Kinetic-Effects_R-00189072,36,,,2026-09-18
2026-09-11,Leidos,/job/Huntsville-AL/Junior-EO-IR-Algorithm-Developer_R-00190629,Junior EO/IR Algorithm Developer,https://leidos.wd5.myworkdayjobs.com/external/job/Huntsville-AL/Junior-EO-IR-Algorithm-Developer_R-00190629,36,,,2026-09-18
2026-09-11,Leidos,/job/Huntsville-AL/Junior-Electrical-System-Design-Engineer_R-00189432,Junior Electrical System Design Engineer,https://leidos.wd5.myworkdayjobs.com/external/job/Huntsville-AL/Junior-Electrical-System-Design-Engineer_R-00189432,36,,,2026-09-18
2026-09-11,Leidos,/job/Huntsville-AL/Junior-Radar-Modeling-Engineer_R-00191907,Junior Radar Modeling Engineer,https://leidos.wd5.myworkdayjobs.com/external/job/Huntsville-AL/Junior-Radar-Modeling-Engineer_R-00191907,25,,,2026-09-18
2026-09-11,Leidos,/job/Huntsville-AL/Junior-Software-Engineer_R-00191407,Junior Software Engineer,https://leidos.wd5.myworkdayjobs.com/external/job/Huntsville-AL/Junior-Software-Engineer_R-00191407,47,,,2026-09-18
2026-09-11,Leidos,/job/Huntsville-AL/Lead-Software-Engineer_R-00188706,Lead Software Engineer,https://leidos.wd5.myworkdayjobs.com/external/job/Huntsville-AL/Lead-Software-Engineer_R-00188706,0,,,2026-09-18
2026-09-11,Leidos,/job/Huntsville-AL/Mechanical-Design----Checker_R-00190584,Mechanical Design  / Checker,https://leidos.wd5.myworkdayjobs.com/external/job/Huntsville-AL/Mechanical-Design----Checker_R-00190584,25,,,2026-09-18
2026-09-11,Leidos,/job/Huntsville-AL/Mechanical-Design---Checker_R-00190586-1,Mechanical Design / Checker,https://leidos.wd5.myworkdayjobs.com/external/job/Huntsville-AL/Mechanical-Design---Checker_R-00190586-1,25,,,2026-09-18
2026-09-11,Leidos,/job/Huntsville-AL/Mid-Level-Embedded-Software-Engineer_R-00189428,Mid-Level Embedded Software Engineer,https://leidos.wd5.myworkdayjobs.com/external/job/Huntsville-AL/Mid-Level-Embedded-Software-Engineer_R-00189428,36,,,2026-09-18
2026-09-11,Leidos,/job/Huntsville-AL/Mobile-Radar-Mechanical-Designer_R-00190999-1,Mobile Radar Mechanical Designer,https://leidos.wd5.myworkdayjobs.com/external/job/Huntsville-AL/Mobile-Radar-Mechanical-Designer_R-00190999-1,25,,,2026-09-18
2026-09-11,Leidos,/job/Huntsville-AL/Production-Control-Scheduler-III_R-00191342,Production Control Scheduler III,https://leidos.wd5.myworkdayjobs.com/external/job/Huntsville-AL/Production-Control-Scheduler-III_R-00191342,47,,,2026-09-18
2026-09-11,Leidos,/job/Huntsville-AL/Senior-Embedded-Software-Engineer_R-00192109,Senior Embedded Software Engineer,https://leidos.wd5.myworkdayjobs.com/external/job/Huntsville-AL/Senior-Embedded-Software-Engineer_R-00192109,0,,,2026-09-18
2026-09-11,Leidos,/job/Huntsville-AL/Senior-Integration---Avionics-Engineer_R-00191669,Senior Integration & Avionics Engineer,https://leidos.wd5.myworkdayjobs.com/external/job/Huntsville-AL/Senior-Integration---Avionics-Engineer_R-00191669,0,,,2026-09-18
2026-09-11,Leidos,/job/Huntsville-AL/Senior-RF-Communications---Signal-Processing----Engineer_R-00190604,Senior RF Communications & Signal Processing &  Engineer,https://leidos.wd5.myworkdayjobs.com/external/job/Huntsville-AL/Senior-RF-Communications---Signal-Processing----Engineer_R-00190604,0,,,2026-09-18
2026-09-11,Leidos,/job/Huntsville-AL/Senior-Software-Engineer_R-00186453,Senior Software Engineer,https://leidos.wd5.myworkdayjobs.com/external/job/Huntsville-AL/Senior-Software-Engineer_R-00186453,0,,,2026-09-18
2026-09-11,Leidos,/job/Huntsville-AL/Senior-Software-Engineer_R-00188536,Senior Software Engineer,https://leidos.wd5.myworkdayjobs.com/external/job/Huntsville-AL/Senior-Software-Engineer_R-00188536,0,,,2026-09-18
2026-09-11,Leidos,/job/Huntsville-AL/Senior-Software-Test-Engineer---Kinetic-Effects_R-00189076,Senior Software Test Engineer - Kinetic Effects,https://leidos.wd5.myworkdayjobs.com/external/job/Huntsville-AL/Senior-Software-Test-Engineer---Kinetic-Effects_R-00189076,0,,,2026-09-18
2026-09-11,Leidos,/job/Huntsville-AL/Software-Engineer---Kinetic-Effects_R-00189066,Software Engineer - Kinetic Effects,https://leidos.wd5.myworkdayjobs.com/external/job/Huntsville-AL/Software-Engineer---Kinetic-Effects_R-00189066,36,,,2026-09-18
2026-09-11,Leidos,/job/Indian-Head-MD/Senior-Desktop-Support-Technician_R-00190209,Senior Desktop Support Technician,https://leidos.wd5.myworkdayjobs.com/external/job/Indian-Head-MD/Senior-Desktop-Support-Technician_R-00190209,0,,,2026-09-18
2026-09-11,Leidos,/job/Indianapolis-IN/Bilingual-Mortgage-Origination-Customer-Service-Representative_R-00190048,Bilingual Mortgage Origination Customer Service Representative,https://leidos.wd5.myworkdayjobs.com/external/job/Indianapolis-IN/Bilingual-Mortgage-Origination-Customer-Service-Representative_R-00190048,25,,,2026-09-18
2026-09-11,Leidos,/job/Indianapolis-IN/Mortgage-Origination---Customer-Service-Representative_R-00188020,Mortgage Origination - Customer Service Representative,https://leidos.wd5.myworkdayjobs.com/external/job/Indianapolis-IN/Mortgage-Origination---Customer-Service-Representative_R-00188020,25,,,2026-09-18
2026-09-11,Leidos,/job/Kadena-Okinawa-Japan/Security-Specialist_R-00190347,Security Specialist,https://leidos.wd5.myworkdayjobs.com/external/job/Kadena-Okinawa-Japan/Security-Specialist_R-00190347,25,,,2026-09-18
2026-09-11,Leidos,/job/Laurel-MD/Junior-Software-Engineer_R-00190592,Junior Software Engineer,https://leidos.wd5.myworkdayjobs.com/external/job/Laurel-MD/Junior-Software-Engineer_R-00190592,25,,,2026-09-18
2026-09-11,Leidos,/job/Laurel-MD/Senior-Network-Engineer_R-00182437,Senior Network Engineer,https://leidos.wd5.myworkdayjobs.com/external/job/Laurel-MD/Senior-Network-Engineer_R-00182437,0,,,2026-09-18
2026-09-11,Leidos,/job/Laurel-MD/Senior-Network-Engineer_R-00189768,Senior Network Engineer,https://leidos.wd5.myworkdayjobs.com/external/job/Laurel-MD/Senior-Network-Engineer_R-00189768,0,,,2026-09-18
2026-09-11,Leidos,/job/Lorton-VA/Network-Engineer_R-00189137-1,Network Engineer,https://leidos.wd5.myworkdayjobs.com/external/job/Lorton-VA/Network-Engineer_R-00189137-1,36,,,2026-09-18
2026-09-11,Leidos,/job/Lorton-VA/Senior-Network-Engineer_R-00189962-1,Senior Network Engineer,https://leidos.wd5.myworkdayjobs.com/external/job/Lorton-VA/Senior-Network-Engineer_R-00189962-1,0,,,2026-09-18
2026-09-11,Leidos,/job/Lynnwood-WA/Autonomous-Systems-Software-Engineer_R-00189922,Autonomous Systems Software Engineer,https://leidos.wd5.myworkdayjobs.com/external/job/Lynnwood-WA/Autonomous-Systems-Software-Engineer_R-00189922,36,,,2026-09-18
2026-09-11,Leidos,/job/Lynnwood-WA/Firmware-Systems-Manager_R-00185949,Firmware Systems Manager,https://leidos.wd5.myworkdayjobs.com/external/job/Lynnwood-WA/Firmware-Systems-Manager_R-00185949,0,,,2026-09-18
2026-09-11,Leidos,/job/Marysville-CA/Intelligence-Analyst_R-00181075,Intelligence Analyst,https://leidos.wd5.myworkdayjobs.com/external/job/Marysville-CA/Intelligence-Analyst_R-00181075,25,,,2026-09-18
2026-09-11,Leidos,/job/McLean-VA/Solid-Rocket-Propulsion-SME_R-00192009,Solid Rocket Propulsion SME,https://leidos.wd5.myworkdayjobs.com/external/job/McLean-VA/Solid-Rocket-Propulsion-SME_R-00192009,36,,,2026-09-18
2026-09-11,Leidos,/job/Newcastle-New-South-Wales-Australia/Junior-Naval-Architect_R-00188440,Junior Naval Architect,https://leidos.wd5.myworkdayjobs.com/external/job/Newcastle-New-South-Wales-Australia/Junior-Naval-Architect_R-00188440,25,,,2026-09-18
2026-09-11,Leidos,/job/OFallon-IL/Jr-System-Administrator_R-00192073,Jr. System Administrator,https://leidos.wd5.myworkdayjobs.com/external/job/OFallon-IL/Jr-System-Administrator_R-00192073,25,,,2026-09-18
2026-09-11,Leidos,/job/Odenton-MD/Cyberspace-Operations-Planner--Junior_R-00184942,"Cyberspace Operations Planner, Junior",https://leidos.wd5.myworkdayjobs.com/external/job/Odenton-MD/Cyberspace-Operations-Planner--Junior_R-00184942,58,,,2026-09-18
2026-09-11,Leidos,/job/Odenton-MD/Cyberspace-Operations-Planner--Junior_R-00187786,"Cyberspace Operations Planner, Junior",https://leidos.wd5.myworkdayjobs.com/external/job/Odenton-MD/Cyberspace-Operations-Planner--Junior_R-00187786,58,,,2026-09-18
2026-09-11,Leidos,/job/Odenton-MD/Cyberspace-Operations-Planner--Junior_R-00187869,"Cyberspace Operations Planner, Junior",https://leidos.wd5.myworkdayjobs.com/external/job/Odenton-MD/Cyberspace-Operations-Planner--Junior_R-00187869,58,,,2026-09-18
2026-09-11,Leidos,/job/Odenton-MD/Lead-Cyber-Security-Trainer_R-00191840,Lead Cyber Security Trainer,https://leidos.wd5.myworkdayjobs.com/external/job/Odenton-MD/Lead-Cyber-Security-Trainer_R-00191840,0,,,2026-09-18
2026-09-11,Leidos,/job/Odenton-MD/Senior-Network-Engineer_R-00185019,Senior Network Engineer,https://leidos.wd5.myworkdayjobs.com/external/job/Odenton-MD/Senior-Network-Engineer_R-00185019,0,,,2026-09-18
2026-09-11,Leidos,/job/Odenton-MD/ServiceNow-Systems-Integration_R-00189389-1,ServiceNow Systems Integration,https://leidos.wd5.myworkdayjobs.com/external/job/Odenton-MD/ServiceNow-Systems-Integration_R-00189389-1,47,,,2026-09-18
2026-09-11,Leidos,/job/Oklahoma-City-OK/Configuration-Management-Specialist_R-00189571,Configuration Management Specialist,https://leidos.wd5.myworkdayjobs.com/external/job/Oklahoma-City-OK/Configuration-Management-Specialist_R-00189571,25,,,2026-09-18
2026-09-11,Leidos,/job/Oklahoma-City-OK/DevSecOps-Engineer_R-00191547,DevSecOps Engineer,https://leidos.wd5.myworkdayjobs.com/external/job/Oklahoma-City-OK/DevSecOps-Engineer_R-00191547,58,,,2026-09-18
2026-09-11,Leidos,/job/Oklahoma-City-OK/Senior-DevSecOps-Engineer_R-00191548,Senior DevSecOps Engineer,https://leidos.wd5.myworkdayjobs.com/external/job/Oklahoma-City-OK/Senior-DevSecOps-Engineer_R-00191548,0,,,2026-09-18
2026-09-11,Leidos,/job/Omaha-NE/Jr-Security-Specialist_R-00188471,Jr. Security Specialist,https://leidos.wd5.myworkdayjobs.com/external/job/Omaha-NE/Jr-Security-Specialist_R-00188471,25,,,2026-09-18
2026-09-11,Leidos,/job/Omaha-NE/Junior-Software-Test-Engineer_R-00190252,Junior Software Test Engineer,https://leidos.wd5.myworkdayjobs.com/external/job/Omaha-NE/Junior-Software-Test-Engineer_R-00190252,25,,,2026-09-18
2026-09-11,Leidos,/job/Orlando-FL/Geographic-Information-Systems-Analyst--Mid-Level---Database-Coordinator-_R-00185388-1,Geographic Information Systems Analyst (Mid-Level / Database Coordinator),https://leidos.wd5.myworkdayjobs.com/external/job/Orlando-FL/Geographic-Information-Systems-Analyst--Mid-Level---Database-Coordinator-_R-00185388-1,25,,,2026-09-18
2026-09-11,Leidos,/job/Orlando-FL/Substation-Senior-Structural-Engineer_R-00188082,Substation Senior Structural Engineer,https://leidos.wd5.myworkdayjobs.com/external/job/Orlando-FL/Substation-Senior-Structural-Engineer_R-00188082,0,,,2026-09-18
2026-09-11,Leidos,/job/Phoenix-AZ/Systems-Operations-Engineer_R-00178381,Systems Operations Engineer,https://leidos.wd5.myworkdayjobs.com/external/job/Phoenix-AZ/Systems-Operations-Engineer_R-00178381,25,,,2026-09-18
2026-09-11,Leidos,/job/Pittsburgh-PA/Distribution-Engineering-Supervisor_R-00191670,Distribution Engineering Supervisor,https://leidos.wd5.myworkdayjobs.com/external/job/Pittsburgh-PA/Distribution-Engineering-Supervisor_R-00191670,25,,,2026-09-18
2026-09-11,Leidos,/job/Portland-OR/Substation-Senior-Civil-Structural-Engineer_R-00182170,Substation Senior Civil/Structural Engineer,https://leidos.wd5.myworkdayjobs.com/external/job/Portland-OR/Substation-Senior-Civil-Structural-Engineer_R-00182170,0,,,2026-09-18
2026-09-11,Leidos,/job/Portland-OR/Substation-Senior-Structural-Engineer_R-00192010,Substation Senior Structural Engineer,https://leidos.wd5.myworkdayjobs.com/external/job/Portland-OR/Substation-Senior-Structural-Engineer_R-00192010,0,,,2026-09-18
2026-09-11,Leidos,/job/Pune-India/Lead-Substation-Physical-Engineer_R-00177028,Lead Substation Physical Engineer,https://leidos.wd5.myworkdayjobs.com/external/job/Pune-India/Lead-Substation-Physical-Engineer_R-00177028,0,,,2026-09-18
2026-09-11,Leidos,/job/Pune-India/ServiceNow-Developer_R-00187914,ServiceNow Developer,https://leidos.wd5.myworkdayjobs.com/external/job/Pune-India/ServiceNow-Developer_R-00187914,47,,,2026-09-18
2026-09-11,Leidos,/job/Pune-India/ServiceNow-Developer_R-00190156,ServiceNow Developer,https://leidos.wd5.myworkdayjobs.com/external/job/Pune-India/ServiceNow-Developer_R-00190156,47,,,2026-09-18
2026-09-11,Leidos,/job/Pune-India/Substation-Lead-Civil---Structural-Engineer_R-00188461,Substation Lead Civil / Structural Engineer,https://leidos.wd5.myworkdayjobs.com/external/job/Pune-India/Substation-Lead-Civil---Structural-Engineer_R-00188461,0,,,2026-09-18
2026-09-11,Leidos,/job/Reston-VA/Junior-Electrical-Engineer---TS-SCI-Poly-Required_R-00189521,Junior Electrical Engineer - TS/SCI Poly Required,https://leidos.wd5.myworkdayjobs.com/external/job/Reston-VA/Junior-Electrical-Engineer---TS-SCI-Poly-Required_R-00189521,36,,,2026-09-18
2026-09-11,Leidos,/job/Reston-VA/Junior-Engineer-Drafter---TS-SCI-Poly-Required_R-00189667,Junior Engineer Drafter - TS/SCI Poly Required,https://leidos.wd5.myworkdayjobs.com/external/job/Reston-VA/Junior-Engineer-Drafter---TS-SCI-Poly-Required_R-00189667,36,,,2026-09-18
2026-09-11,Leidos,/job/Reston-VA/Junior-ICS-SCADA---Critical-Infrastructure-Engineer---TS-SCI-Poly_R-00189545,Junior ICS/SCADA & Critical Infrastructure Engineer - TS/SCI Poly,https://leidos.wd5.myworkdayjobs.com/external/job/Reston-VA/Junior-ICS-SCADA---Critical-Infrastructure-Engineer---TS-SCI-Poly_R-00189545,36,,,2026-09-18
2026-09-11,Leidos,/job/Reston-VA/Junior-Mechanical-Engineer---TS-SCI-Polygraph-Required_R-00189651,Junior Mechanical Engineer - TS/SCI Polygraph Required,https://leidos.wd5.myworkdayjobs.com/external/job/Reston-VA/Junior-Mechanical-Engineer---TS-SCI-Polygraph-Required_R-00189651,36,,,2026-09-18
2026-09-11,Leidos,/job/Reston-VA/Senior-Data-Scientist_R-00190268,Senior Data Scientist,https://leidos.wd5.myworkdayjobs.com/external/job/Reston-VA/Senior-Data-Scientist_R-00190268,0,,,2026-09-18
2026-09-11,Leidos,/job/Reston-VA/Senior-Data-Scientist_R-00190269,Senior Data Scientist,https://leidos.wd5.myworkdayjobs.com/external/job/Reston-VA/Senior-Data-Scientist_R-00190269,0,,,2026-09-18
2026-09-11,Leidos,/job/Reston-VA/Software-Developer---Multiple-Levels---TS-SCI-Poly-Required_R-00182411,Software Developer - Multiple Levels - TS/SCI Poly Required,https://leidos.wd5.myworkdayjobs.com/external/job/Reston-VA/Software-Developer---Multiple-Levels---TS-SCI-Poly-Required_R-00182411,58,,,2026-09-18
2026-09-11,Leidos,/job/Rockville-MD/Lead-Identity-and-Access-Management--ICAM--Engineer_R-00188825,Lead Identity and Access Management (ICAM) Engineer,https://leidos.wd5.myworkdayjobs.com/external/job/Rockville-MD/Lead-Identity-and-Access-Management--ICAM--Engineer_R-00188825,0,,,2026-09-18
2026-09-11,Leidos,/job/San-Antonio-TX/Infrastructure-Manager_R-00190712,Infrastructure Manager,https://leidos.wd5.myworkdayjobs.com/external/job/San-Antonio-TX/Infrastructure-Manager_R-00190712,0,,,2026-09-18
2026-09-11,Leidos,/job/San-Antonio-TX/Research-Scientist-I_R-00191115,Research Scientist I,https://leidos.wd5.myworkdayjobs.com/external/job/San-Antonio-TX/Research-Scientist-I_R-00191115,25,,,2026-09-18
2026-09-11,Leidos,/job/San-Antonio-TX/XMLNAME---IDCS-Chief-Engineer-_R-00191675,​​IDCS Chief Engineer​,https://leidos.wd5.myworkdayjobs.com/external/job/San-Antonio-TX/XMLNAME---IDCS-Chief-Engineer-_R-00191675,47,,,2026-09-18
2026-09-11,Leidos,/job/San-Diego-CA/Senior-Director--Space-Payloads-Program-Manager_R-00189613-1,"Senior Director, Space Payloads Program Manager",https://leidos.wd5.myworkdayjobs.com/external/job/San-Diego-CA/Senior-Director--Space-Payloads-Program-Manager_R-00189613-1,0,,,2026-09-18
2026-09-11,Leidos,/job/San-Diego-CA/Software-Engineer_R-00186119,Software Engineer,https://leidos.wd5.myworkdayjobs.com/external/job/San-Diego-CA/Software-Engineer_R-00186119,47,,,2026-09-18
2026-09-11,Leidos,/job/Shiloh-IL/AISR-NOC-Technician-III_R-00189470,AISR NOC Technician III,https://leidos.wd5.myworkdayjobs.com/external/job/Shiloh-IL/AISR-NOC-Technician-III_R-00189470,36,,,2026-09-18
2026-09-11,Leidos,/job/Springfield-VA/Cartographic-Analyst-Junior_R-00190313,Cartographic Analyst Junior,https://leidos.wd5.myworkdayjobs.com/external/job/Springfield-VA/Cartographic-Analyst-Junior_R-00190313,25,,,2026-09-18
2026-09-11,Leidos,/job/Springfield-VA/Facilities-Jr-Operations-Technician_R-00184878-1,Facilities Jr. Operations Technician,https://leidos.wd5.myworkdayjobs.com/external/job/Springfield-VA/Facilities-Jr-Operations-Technician_R-00184878-1,25,,,2026-09-18
2026-09-11,Leidos,/job/Springfield-VA/Logistics-Analyst_R-00191021,Logistics Analyst,https://leidos.wd5.myworkdayjobs.com/external/job/Springfield-VA/Logistics-Analyst_R-00191021,25,,,2026-09-18
2026-09-11,Leidos,/job/Springfield-VA/Sr-Electrical-Preventative-Maintenance-Technician_R-00190626,Sr. Electrical Preventative Maintenance Technician,https://leidos.wd5.myworkdayjobs.com/external/job/Springfield-VA/Sr-Electrical-Preventative-Maintenance-Technician_R-00190626,0,,,2026-09-18
2026-09-11,Leidos,/job/St-Louis-MO/Entry-Level-Software-Developer_R-00186923,Entry Level Software Developer,https://leidos.wd5.myworkdayjobs.com/external/job/St-Louis-MO/Entry-Level-Software-Developer_R-00186923,58,,,2026-09-18
2026-09-11,Leidos,/job/St-Petersburg-FL/Principal-Electrical-Engineer_R-00187405,Principal Electrical Engineer,https://leidos.wd5.myworkdayjobs.com/external/job/St-Petersburg-FL/Principal-Electrical-Engineer_R-00187405,0,,,2026-09-18
2026-09-11,Leidos,/job/St-Petersburg-FL/Principal-Electrical-Test-Engineer_R-00187667,Principal Electrical Test Engineer,https://leidos.wd5.myworkdayjobs.com/external/job/St-Petersburg-FL/Principal-Electrical-Test-Engineer_R-00187667,0,,,2026-09-18
2026-09-11,Leidos,/job/St-Petersburg-FL/Principal-RF-System-Engineer_R-00191774,Principal RF System Engineer,https://leidos.wd5.myworkdayjobs.com/external/job/St-Petersburg-FL/Principal-RF-System-Engineer_R-00191774,0,,,2026-09-18
2026-09-11,Leidos,/job/Tampa-FL/Cisco-Unified-Collaboration-Engineer--Voice-Engineer-_R-00185946,Cisco Unified Collaboration Engineer (Voice Engineer),https://leidos.wd5.myworkdayjobs.com/external/job/Tampa-FL/Cisco-Unified-Collaboration-Engineer--Voice-Engineer-_R-00185946,36,,,2026-09-18
2026-09-11,Leidos,/job/Tampa-FL/Information-Systems-Security-Officer_R-00189676,Information Systems Security Officer,https://leidos.wd5.myworkdayjobs.com/external/job/Tampa-FL/Information-Systems-Security-Officer_R-00189676,25,,,2026-09-18
2026-09-11,Leidos,/job/Tewksbury-MA/Scrum-Master_R-00187089,Scrum Master,https://leidos.wd5.myworkdayjobs.com/external/job/Tewksbury-MA/Scrum-Master_R-00187089,36,,,2026-09-18
2026-09-11,Leidos,/job/Tewksbury-MA/Scrum-Master_R-00191854,Scrum Master,https://leidos.wd5.myworkdayjobs.com/external/job/Tewksbury-MA/Scrum-Master_R-00191854,36,,,2026-09-18
2026-09-11,Leidos,/job/The-Hague-Netherlands/Senior-DevOps-Engineer_R-00182322,Senior DevOps Engineer,https://leidos.wd5.myworkdayjobs.com/external/job/The-Hague-Netherlands/Senior-DevOps-Engineer_R-00182322,0,,,2026-09-18
2026-09-11,Leidos,/job/Warrenton-VA/Targeting-Officer---Warrenton--VA_R-00180685-1,"Targeting Officer - Warrenton, VA",https://leidos.wd5.myworkdayjobs.com/external/job/Warrenton-VA/Targeting-Officer---Warrenton--VA_R-00180685-1,25,,,2026-09-18
2026-09-11,Leidos,/job/Washington-DC/Junior-Service-Desk-Technician_R-00191571-1,Junior Service Desk Technician,https://leidos.wd5.myworkdayjobs.com/external/job/Washington-DC/Junior-Service-Desk-Technician_R-00191571-1,25,,,2026-09-18
2026-09-11,Leidos,/job/Washington-DC/Senior-Transport-Network-Engineer_R-00188601-1,Senior Transport Network Engineer,https://leidos.wd5.myworkdayjobs.com/external/job/Washington-DC/Senior-Transport-Network-Engineer_R-00188601-1,0,,,2026-09-18
2026-09-11,Leidos,/job/Washington-DC/Sr-ServiceNow-Developer_R-00187267,Sr ServiceNow Developer,https://leidos.wd5.myworkdayjobs.com/external/job/Washington-DC/Sr-ServiceNow-Developer_R-00187267,0,,,2026-09-18
2026-09-11,Leidos,/job/Washington-DC/Systems-Administrator-Engineer_R-00190572,Systems Administrator/Engineer,https://leidos.wd5.myworkdayjobs.com/external/job/Washington-DC/Systems-Administrator-Engineer_R-00190572,25,,,2026-09-18
2026-09-11,Lightfield,094fac84-e417-4fd7-b9fd-49d7efec8a2e,"Software Engineer, Data Infrastructure (Staff)",https://jobs.ashbyhq.com/lightfield/094fac84-e417-4fd7-b9fd-49d7efec8a2e,0,,,2026-09-18
2026-09-11,Lightfield,156e5bba-b60a-4fa4-8952-de9de8719718,"Software Engineer, Infrastructure (Staff)",https://jobs.ashbyhq.com/lightfield/156e5bba-b60a-4fa4-8952-de9de8719718,0,,,2026-09-18
2026-09-11,Lightfield,18c7c385-69f3-4dcb-91f2-c9edee8bcb20,"Founding Recruiter, GTM",https://jobs.ashbyhq.com/lightfield/18c7c385-69f3-4dcb-91f2-c9edee8bcb20,26,,,2026-09-18
2026-09-11,Lightfield,197c8486-2734-43a5-9bab-677965cf7c94,Founding Account Executive,https://jobs.ashbyhq.com/lightfield/197c8486-2734-43a5-9bab-677965cf7c94,26,,,2026-09-18
2026-09-11,Lightfield,1b49d511-db9e-4ab9-8de0-58f4a261db14,Strategic Finance & Operations,https://jobs.ashbyhq.com/lightfield/1b49d511-db9e-4ab9-8de0-58f4a261db14,11,,,2026-09-18
2026-09-11,Lightfield,3eeec270-2e02-447b-bf0c-3db34d14a1c2,Community and Events Lead,https://jobs.ashbyhq.com/lightfield/3eeec270-2e02-447b-bf0c-3db34d14a1c2,0,,,2026-09-18
2026-09-11,Lightfield,416929e0-a2ff-43ca-b787-cdfbe8f3d72f,VP of Sales,https://jobs.ashbyhq.com/lightfield/416929e0-a2ff-43ca-b787-cdfbe8f3d72f,0,,,2026-09-18
2026-09-11,Lightfield,4386721e-6c4b-44fd-9a0f-9ba3311cf3d0,"Software Engineer, Full Stack (Staff)",https://jobs.ashbyhq.com/lightfield/4386721e-6c4b-44fd-9a0f-9ba3311cf3d0,0,,,2026-09-18
2026-09-11,Lightfield,46e9843d-3b60-4f54-b4f8-ae8784559383,"Sofware Engineer, Backend (Staff)",https://jobs.ashbyhq.com/lightfield/46e9843d-3b60-4f54-b4f8-ae8784559383,0,,,2026-09-18
2026-09-11,Lightfield,53136a59-0336-47b7-ac8e-1e08bcb0ba6d,Head of Product Marketing,https://jobs.ashbyhq.com/lightfield/53136a59-0336-47b7-ac8e-1e08bcb0ba6d,0,,,2026-09-18
2026-09-11,Lightfield,57d8b0bf-946d-4bed-8135-931d10429c6e,Founding Growth & Delivery Lead,https://jobs.ashbyhq.com/lightfield/57d8b0bf-946d-4bed-8135-931d10429c6e,0,,,2026-09-18
2026-09-11,Lightfield,81aa566c-356e-4938-a6f6-4e94eb5b6a42,Founding Customer Success Manager,https://jobs.ashbyhq.com/lightfield/81aa566c-356e-4938-a6f6-4e94eb5b6a42,0,,,2026-09-18
2026-09-11,Lightfield,8e577037-3ff8-41f7-b2fe-e3a815c4ae43,Growth Operations Lead,https://jobs.ashbyhq.com/lightfield/8e577037-3ff8-41f7-b2fe-e3a815c4ae43,0,,,2026-09-18
2026-09-11,Lightfield,9a7ef2f9-577a-4242-b884-719e3cdf4420,"Software Engineer, Infrastructure (Early Career)",https://jobs.ashbyhq.com/lightfield/9a7ef2f9-577a-4242-b884-719e3cdf4420,36,,,2026-09-18
2026-09-11,Lightfield,9d0dab9b-c963-4817-9a2b-c1a239c9528e,Special Projects: New Markets,https://jobs.ashbyhq.com/lightfield/9d0dab9b-c963-4817-9a2b-c1a239c9528e,11,,,2026-09-18
2026-09-11,Lightfield,b10fed3d-9c2e-4755-91df-8d83e97b3a28,Machine Learning Engineer (Staff),https://jobs.ashbyhq.com/lightfield/b10fed3d-9c2e-4755-91df-8d83e97b3a28,0,,,2026-09-18
2026-09-11,Lightfield,b28053f9-2c70-4bc1-8003-0fc76a1fb011,"Founding Recruiter, Technical",https://jobs.ashbyhq.com/lightfield/b28053f9-2c70-4bc1-8003-0fc76a1fb011,26,,,2026-09-18
2026-09-11,Lightfield,b32dc57b-ffa0-4bb7-99c8-f469c3876002,"Software Engineer, Applied AI (Staff)",https://jobs.ashbyhq.com/lightfield/b32dc57b-ffa0-4bb7-99c8-f469c3876002,0,,,2026-09-18
2026-09-11,Lightfield,b7b4cc0a-fd54-4b85-a065-e98f0978924d,Head of Content,https://jobs.ashbyhq.com/lightfield/b7b4cc0a-fd54-4b85-a065-e98f0978924d,0,,,2026-09-18
2026-09-11,Lightfield,e99f09a6-bb39-45bd-b963-a00666feae1d,Performance Marketing Lead,https://jobs.ashbyhq.com/lightfield/e99f09a6-bb39-45bd-b963-a00666feae1d,0,,,2026-09-18
2026-09-11,Lightfield,f3a6a9c3-1e21-4216-bd6a-cbd1598ed164,"Founding Account Executive, Strategic Accounts",https://jobs.ashbyhq.com/lightfield/f3a6a9c3-1e21-4216-bd6a-cbd1598ed164,11,,,2026-09-18
2026-09-11,Lightfield,fc93a467-773d-4805-b342-bf470950732d,"Software Engineer, Applied AI (Early Career)",https://jobs.ashbyhq.com/lightfield/fc93a467-773d-4805-b342-bf470950732d,36,,,2026-09-18
2026-09-11,Palantir,00c2c97b-8514-4617-9883-e53e486b6dcd,Forward Deployed Enablement Engineer - Customer Success,https://jobs.lever.co/palantir/00c2c97b-8514-4617-9883-e53e486b6dcd,26,,,2026-09-18
2026-09-11,Palantir,09846827-b931-4a9f-bd64-c3bb8860187b,"Privacy and Civil Liberties Software Engineer, Internship",https://jobs.lever.co/palantir/09846827-b931-4a9f-bd64-c3bb8860187b,46,,,2026-09-18
2026-09-11,Palantir,0a0d2db2-75a5-48e4-b0a0-81baa6588e36,Forward Deployed Software Engineer - Norwegian Government,https://jobs.lever.co/palantir/0a0d2db2-75a5-48e4-b0a0-81baa6588e36,15,,,2026-09-18
2026-09-11,Palantir,0a838e66-1ab0-4fc4-b4d3-4671c0352278,"Software Engineer, New Grad - Defense",https://jobs.lever.co/palantir/0a838e66-1ab0-4fc4-b4d3-4671c0352278,56,,,2026-09-18
2026-09-11,Palantir,0edf7365-49f0-4263-818a-19409ec4f430,Forward Deployed Software Engineer - Autonomous Systems C2,https://jobs.lever.co/palantir/0edf7365-49f0-4263-818a-19409ec4f430,15,,,2026-09-18
2026-09-11,Palantir,0fccbe95-2520-4df3-8600-7897656c06a2,Forward Deployed Infrastructure Engineer - US Government,https://jobs.lever.co/palantir/0fccbe95-2520-4df3-8600-7897656c06a2,26,,,2026-09-18
2026-09-11,Palantir,10dfc8bc-99ad-4ca2-ab76-853cb90a92c2,Backend Software Engineer - Application Development,https://jobs.lever.co/palantir/10dfc8bc-99ad-4ca2-ab76-853cb90a92c2,15,,,2026-09-18
2026-09-11,Palantir,1124402c-2088-40c6-b6aa-b9ef7777519b,Information Security Engineer,https://jobs.lever.co/palantir/1124402c-2088-40c6-b6aa-b9ef7777519b,26,,,2026-09-18
2026-09-11,Palantir,119ff141-1fa7-4466-a154-da57cf17bd52,Technical Program Manager  - Autonomous Systems C2,https://jobs.lever.co/palantir/119ff141-1fa7-4466-a154-da57cf17bd52,0,,,2026-09-18
2026-09-11,Palantir,12d13a31-5764-4678-8835-809f0deae49b,Industrial Security Specialist,https://jobs.lever.co/palantir/12d13a31-5764-4678-8835-809f0deae49b,35,,,2026-09-18
2026-09-11,Palantir,12e94938-55cb-4ad9-9c05-405ebc9ef430,Forward Deployed Software Engineer - Japan Government,https://jobs.lever.co/palantir/12e94938-55cb-4ad9-9c05-405ebc9ef430,15,,,2026-09-18
2026-09-11,Palantir,1345438c-ebfc-4fa5-b545-30c1414f317c,Backend Software Engineer - Defense,https://jobs.lever.co/palantir/1345438c-ebfc-4fa5-b545-30c1414f317c,15,,,2026-09-18
2026-09-11,Palantir,13f99633-43b5-4459-8e84-25073f257c18,Forward Deployed Software Engineer - Warp Speed,https://jobs.lever.co/palantir/13f99633-43b5-4459-8e84-25073f257c18,35,,,2026-09-18
2026-09-11,Palantir,144f32bc-21e5-42bd-9710-7165a22d51e1,Senior Identity Security Engineer,https://jobs.lever.co/palantir/144f32bc-21e5-42bd-9710-7165a22d51e1,0,,,2026-09-18
2026-09-11,Palantir,146aba99-2a9a-44ee-9fb3-42dd1e211221,Senior Identity Security Engineer,https://jobs.lever.co/palantir/146aba99-2a9a-44ee-9fb3-42dd1e211221,0,,,2026-09-18
2026-09-11,Palantir,14dbdeb9-1537-4ccf-83ac-608287efa00f,Revenue Accounting Manager,https://jobs.lever.co/palantir/14dbdeb9-1537-4ccf-83ac-608287efa00f,0,,,2026-09-18
2026-09-11,Palantir,157d4289-183f-4c4d-bc77-0dbacaba4612,Deal Operations Administrator,https://jobs.lever.co/palantir/157d4289-183f-4c4d-bc77-0dbacaba4612,35,,,2026-09-18
2026-09-11,Palantir,15844944-fb69-4b57-9531-e988650b20c6,"Software Engineer, New Grad - Production Infrastructure",https://jobs.lever.co/palantir/15844944-fb69-4b57-9531-e988650b20c6,36,,,2026-09-18
2026-09-11,Palantir,168e1345-913c-4826-a926-a07d5cf10bba,US Government Subcontracts Manager,https://jobs.lever.co/palantir/168e1345-913c-4826-a926-a07d5cf10bba,0,,,2026-09-18
2026-09-11,Palantir,16a1b500-13fe-4c22-ad89-372093b462da,Deal Team - Business Affairs,https://jobs.lever.co/palantir/16a1b500-13fe-4c22-ad89-372093b462da,35,,,2026-09-18
2026-09-11,Palantir,18383723-04a2-44ae-ae58-1166a76f0859,Legal Operations Specialist,https://jobs.lever.co/palantir/18383723-04a2-44ae-ae58-1166a76f0859,35,,,2026-09-18
2026-09-11,Palantir,18d901fc-93bb-4d18-9f04-c72031e20d79,"Software Engineer, New Grad - Defense",https://jobs.lever.co/palantir/18d901fc-93bb-4d18-9f04-c72031e20d79,36,,,2026-09-18
2026-09-11,Palantir,1a53939d-8ffa-4570-b31a-6d0bc53fdb59,Deployment Strategist - Korea Forward Deployed,https://jobs.lever.co/palantir/1a53939d-8ffa-4570-b31a-6d0bc53fdb59,15,,,2026-09-18
2026-09-11,Palantir,1a581b97-ce5b-4b4c-84b0-dd54cf8cfe14,Corporate Counsel,https://jobs.lever.co/palantir/1a581b97-ce5b-4b4c-84b0-dd54cf8cfe14,35,,,2026-09-18
2026-09-11,Palantir,1a84bb07-812d-487c-a3b7-8a78b8c8b083,U.S. Indirect Tax Manager,https://jobs.lever.co/palantir/1a84bb07-812d-487c-a3b7-8a78b8c8b083,0,,,2026-09-18
2026-09-11,Palantir,1a935143-e857-480c-bc5a-ad625d754eb6,"Product Designer, Internship",https://jobs.lever.co/palantir/1a935143-e857-480c-bc5a-ad625d754eb6,35,,,2026-09-18
2026-09-11,Palantir,1b6f1d82-d459-4dea-8bc2-8d2ffe6f881a,"Forward Deployed Software Engineer, Internship",https://jobs.lever.co/palantir/1b6f1d82-d459-4dea-8bc2-8d2ffe6f881a,26,,,2026-09-18
2026-09-11,Palantir,1bb19522-3936-4adc-9ced-c3df8b5900b9,Forward Deployed Software Engineer,https://jobs.lever.co/palantir/1bb19522-3936-4adc-9ced-c3df8b5900b9,15,,,2026-09-18
2026-09-11,Palantir,1e77a5e8-9843-4516-a186-7c24f0ff07a0,Information Security Engineer - Infrastructure Security,https://jobs.lever.co/palantir/1e77a5e8-9843-4516-a186-7c24f0ff07a0,46,,,2026-09-18
2026-09-11,Palantir,1ef0cb77-03a2-4b60-b61d-ace924ef06e7,Corporate Counsel,https://jobs.lever.co/palantir/1ef0cb77-03a2-4b60-b61d-ace924ef06e7,15,,,2026-09-18
2026-09-11,Palantir,1f007e36-a620-4d15-bf0b-70dc3f3439d8,Deployment Strategist - Spain,https://jobs.lever.co/palantir/1f007e36-a620-4d15-bf0b-70dc3f3439d8,15,,,2026-09-18
2026-09-11,Palantir,20f220d8-02bb-404f-bbf1-1022ff3df6b7,International Accountant,https://jobs.lever.co/palantir/20f220d8-02bb-404f-bbf1-1022ff3df6b7,15,,,2026-09-18
2026-09-11,Palantir,211f99dc-269e-4f25-84d3-d73dea782080,Site Reliability Engineer - US Government,https://jobs.lever.co/palantir/211f99dc-269e-4f25-84d3-d73dea782080,26,,,2026-09-18
2026-09-11,Palantir,2127f3af-1fb3-4aa3-9aa1-eb06967e0166,Information Security Engineer - Insider Risk,https://jobs.lever.co/palantir/2127f3af-1fb3-4aa3-9aa1-eb06967e0166,35,,,2026-09-18
2026-09-11,Palantir,22053072-4c22-49c4-8299-28e107ceeb98,Forward Deployed Security Engineer - US Government,https://jobs.lever.co/palantir/22053072-4c22-49c4-8299-28e107ceeb98,15,,,2026-09-18
2026-09-11,Palantir,24060586-7ba8-47c0-bfc1-f1dd5b82d8bd,Sales,https://jobs.lever.co/palantir/24060586-7ba8-47c0-bfc1-f1dd5b82d8bd,35,,,2026-09-18
2026-09-11,Palantir,250f623c-9afb-4c91-b0c0-25d4e83005ec,Product Reliability Engineer - Defense,https://jobs.lever.co/palantir/250f623c-9afb-4c91-b0c0-25d4e83005ec,46,,,2026-09-18
2026-09-11,Palantir,25378ba0-db78-4c70-8174-a05ce514fc65,"Product Designer, New Grad - US Government",https://jobs.lever.co/palantir/25378ba0-db78-4c70-8174-a05ce514fc65,25,,,2026-09-18
2026-09-11,Palantir,26176860-7b27-412a-9959-d8b8705acf53,"Senior Software Engineer, Substrate",https://jobs.lever.co/palantir/26176860-7b27-412a-9959-d8b8705acf53,0,,,2026-09-18
2026-09-11,Palantir,26e23f5d-083b-45aa-b223-1a6e43d960bf,"Forward Deployed Software Engineer, Internship - UK Government",https://jobs.lever.co/palantir/26e23f5d-083b-45aa-b223-1a6e43d960bf,15,,,2026-09-18
2026-09-11,Palantir,27bf5707-96fa-460e-8a5b-53bc192ca87b,Forward Deployed Software Engineer  - Edge Autonomous Systems,https://jobs.lever.co/palantir/27bf5707-96fa-460e-8a5b-53bc192ca87b,15,,,2026-09-18
2026-09-11,Palantir,289ad049-7b4e-41e3-8a39-146fbeb6fb64,Forward Deployed Software Engineer - US Government,https://jobs.lever.co/palantir/289ad049-7b4e-41e3-8a39-146fbeb6fb64,15,,,2026-09-18
2026-09-11,Palantir,2aa14e4f-d406-486e-9aa8-6ff3358d70a0,"Forward Deployed Software Engineer, New Grad - Commercial",https://jobs.lever.co/palantir/2aa14e4f-d406-486e-9aa8-6ff3358d70a0,25,,,2026-09-18
2026-09-11,Palantir,2ad0ab10-34c3-410d-883b-8052864a95cd,"Forward Deployed Software Engineer, Internship - Commercial",https://jobs.lever.co/palantir/2ad0ab10-34c3-410d-883b-8052864a95cd,15,,,2026-09-18
2026-09-11,Palantir,2add8e90-c65a-4684-8c0d-6dfa7a541871,Deal Team - Business Affairs,https://jobs.lever.co/palantir/2add8e90-c65a-4684-8c0d-6dfa7a541871,15,,,2026-09-18
2026-09-11,Palantir,2bfdcb53-7abd-42a4-9eaf-ebe07450f798,Deployment Strategist - Japan Government,https://jobs.lever.co/palantir/2bfdcb53-7abd-42a4-9eaf-ebe07450f798,15,,,2026-09-18
2026-09-11,Palantir,2c45b359-0d00-4c68-b13d-b9f405efb739,Commercial Administrative Business Partner,https://jobs.lever.co/palantir/2c45b359-0d00-4c68-b13d-b9f405efb739,15,,,2026-09-18
2026-09-11,Palantir,2cd25c0b-088d-4a5c-9b96-1165a33fe652,Senior Backend Software Engineer - Infrastructure,https://jobs.lever.co/palantir/2cd25c0b-088d-4a5c-9b96-1165a33fe652,0,,,2026-09-18
2026-09-11,Palantir,2d2f0ed7-134a-4f24-af89-cfb8583d796a,Embedded Legal Engineer,https://jobs.lever.co/palantir/2d2f0ed7-134a-4f24-af89-cfb8583d796a,15,,,2026-09-18
2026-09-11,Palantir,2d8a194e-40fa-4ccd-bb93-c40f9ce869d7,"Deployment Strategist, Build to Apply - US Government",https://jobs.lever.co/palantir/2d8a194e-40fa-4ccd-bb93-c40f9ce869d7,15,,,2026-09-18
2026-09-11,Palantir,2d8b7eaa-5c08-44ef-a0f0-5a96cee2794d,Product Designer,https://jobs.lever.co/palantir/2d8b7eaa-5c08-44ef-a0f0-5a96cee2794d,15,,,2026-09-18
2026-09-11,Palantir,2da4be12-bc7a-4950-87db-e9d68d955ff7,Full Stack Software Engineer - Application Development,https://jobs.lever.co/palantir/2da4be12-bc7a-4950-87db-e9d68d955ff7,46,,,2026-09-18
2026-09-11,Palantir,2e193bdf-e668-49c1-ba32-66cc1aa131a4,Deployment Strategist,https://jobs.lever.co/palantir/2e193bdf-e668-49c1-ba32-66cc1aa131a4,15,,,2026-09-18
2026-09-11,Palantir,2e6b0ac8-83e9-4be5-a3aa-cf319f751728,"Forward Deployed Software Engineer, New Grad - Commercial",https://jobs.lever.co/palantir/2e6b0ac8-83e9-4be5-a3aa-cf319f751728,45,,,2026-09-18
2026-09-11,Palantir,2edc9cc5-4614-4d23-9b98-597722e374cc,Deployment Strategist,https://jobs.lever.co/palantir/2edc9cc5-4614-4d23-9b98-597722e374cc,15,,,2026-09-18
2026-09-11,Palantir,2f3a0a57-8f77-44d2-99c3-18aef115374f,Deployment Strategist - UK Government,https://jobs.lever.co/palantir/2f3a0a57-8f77-44d2-99c3-18aef115374f,15,,,2026-09-18
2026-09-11,Palantir,2f618c30-14ce-44a0-a823-2af55d2ac2ed,Technical Program Manager - US Government,https://jobs.lever.co/palantir/2f618c30-14ce-44a0-a823-2af55d2ac2ed,0,,,2026-09-18
2026-09-11,Palantir,30c2563d-9a16-4dd7-81e8-b6f646384199,Deployment Strategist - US Government,https://jobs.lever.co/palantir/30c2563d-9a16-4dd7-81e8-b6f646384199,35,,,2026-09-18
2026-09-11,Palantir,315f695d-04d1-4a9a-848e-cb2bec7a997e,"Forward Deployed Software Engineer, Internship - US Government",https://jobs.lever.co/palantir/315f695d-04d1-4a9a-848e-cb2bec7a997e,15,,,2026-09-18
2026-09-11,Palantir,31d461a1-4327-4317-8555-04e2a2fe74b8,Deployment Strategist,https://jobs.lever.co/palantir/31d461a1-4327-4317-8555-04e2a2fe74b8,15,,,2026-09-18
2026-09-11,Palantir,32295454-6629-4f47-b11e-bbd7f5d41acb,"Product Designer, New Grad - US Government",https://jobs.lever.co/palantir/32295454-6629-4f47-b11e-bbd7f5d41acb,25,,,2026-09-18
2026-09-11,Palantir,33243fb5-6907-40c7-930c-968b25d825d0,"Forward Deployed Infrastructure Engineer, New Grad - US Government",https://jobs.lever.co/palantir/33243fb5-6907-40c7-930c-968b25d825d0,36,,,2026-09-18
2026-09-11,Palantir,341d5cae-a473-4813-9a6c-0f67fcc1b253,"Forward Deployed Software Engineer, New Grad - Commercial",https://jobs.lever.co/palantir/341d5cae-a473-4813-9a6c-0f67fcc1b253,25,,,2026-09-18
2026-09-11,Palantir,34b3a697-6e22-4751-befd-0b7921abbd5f,Forward Deployed Software Engineer - Intel,https://jobs.lever.co/palantir/34b3a697-6e22-4751-befd-0b7921abbd5f,15,,,2026-09-18
2026-09-11,Palantir,36703f67-6fae-445c-9277-f946121faaa0,Information Security Engineer,https://jobs.lever.co/palantir/36703f67-6fae-445c-9277-f946121faaa0,26,,,2026-09-18
2026-09-11,Palantir,373367a9-3160-49d8-b7af-2efec062fad1,"Software Engineer, Internship - Production Infrastructure",https://jobs.lever.co/palantir/373367a9-3160-49d8-b7af-2efec062fad1,26,,,2026-09-18
2026-09-11,Palantir,373eb939-6f57-4836-8479-be79a5e07249,"Software Engineer, Internship",https://jobs.lever.co/palantir/373eb939-6f57-4836-8479-be79a5e07249,26,,,2026-09-18
2026-09-11,Palantir,37964982-9b4c-471e-a1d8-fb8f45d7f116,"Software Engineer, Internship - Production Infrastructure",https://jobs.lever.co/palantir/37964982-9b4c-471e-a1d8-fb8f45d7f116,46,,,2026-09-18
2026-09-11,Palantir,38758e88-5884-4a11-98ac-d23cab51bc7a,Site Reliability Operations Analyst - US Government,https://jobs.lever.co/palantir/38758e88-5884-4a11-98ac-d23cab51bc7a,26,,,2026-09-18
2026-09-11,Palantir,395a4483-fc3d-4b77-a500-501923fd0976,"Forward Deployed Software Engineer, Internship - AUS Government",https://jobs.lever.co/palantir/395a4483-fc3d-4b77-a500-501923fd0976,15,,,2026-09-18
2026-09-11,Palantir,397fb983-47b7-4a53-a7df-f080f43f7720,Software Engineer - Edge,https://jobs.lever.co/palantir/397fb983-47b7-4a53-a7df-f080f43f7720,15,,,2026-09-18
2026-09-11,Palantir,39c57909-ae76-4c86-9290-9fb50c689c4f,"Senior Software Engineer, Network Infrastructure",https://jobs.lever.co/palantir/39c57909-ae76-4c86-9290-9fb50c689c4f,0,,,2026-09-18
2026-09-11,Palantir,3ab9e715-1ea9-4c6c-ad50-7340eac14e86,"Software Engineer, Internship - Production Infrastructure",https://jobs.lever.co/palantir/3ab9e715-1ea9-4c6c-ad50-7340eac14e86,26,,,2026-09-18
2026-09-11,Palantir,3b4ae28e-c4f2-4654-83b4-64366bfe72fa,Software Engineer - Core Interfaces,https://jobs.lever.co/palantir/3b4ae28e-c4f2-4654-83b4-64366bfe72fa,46,,,2026-09-18
2026-09-11,Palantir,3c0c9552-f4ae-4467-b032-5809d2d62724,Legal Operations Specialist,https://jobs.lever.co/palantir/3c0c9552-f4ae-4467-b032-5809d2d62724,15,,,2026-09-18
2026-09-11,Palantir,3c84af24-b7aa-483e-b2c3-e1d83494fe15,Software Engineer - Developer Productivity,https://jobs.lever.co/palantir/3c84af24-b7aa-483e-b2c3-e1d83494fe15,46,,,2026-09-18
2026-09-11,Palantir,3d06b4bc-6a7b-4f73-b5c5-4544354e3d0f,Edge Infrastructure Engineer,https://jobs.lever.co/palantir/3d06b4bc-6a7b-4f73-b5c5-4544354e3d0f,11,,,2026-09-18
2026-09-11,Palantir,3d0d9d92-0321-4459-a17d-fa1a76636a43,Forward Deployed Software Engineer - Tactical Edge,https://jobs.lever.co/palantir/3d0d9d92-0321-4459-a17d-fa1a76636a43,26,,,2026-09-18
2026-09-11,Palantir,3e53ec44-d8f3-4b0b-b77f-c481e9cd06fd,USG Administrative Business Partner,https://jobs.lever.co/palantir/3e53ec44-d8f3-4b0b-b77f-c481e9cd06fd,35,,,2026-09-18
2026-09-11,Palantir,3f662628-2877-42fb-8866-a2b709de17ca,"Deployment Strategist, Build to Apply - US Government",https://jobs.lever.co/palantir/3f662628-2877-42fb-8866-a2b709de17ca,15,,,2026-09-18
2026-09-11,Palantir,403e8826-3421-43db-ac48-4ddac10cc78d,Deal Operations Administrator,https://jobs.lever.co/palantir/403e8826-3421-43db-ac48-4ddac10cc78d,15,,,2026-09-18
2026-09-11,Palantir,40d0499b-e2ec-42cc-8a19-c454ed510195,Support Engineer,https://jobs.lever.co/palantir/40d0499b-e2ec-42cc-8a19-c454ed510195,15,,,2026-09-18
2026-09-11,Palantir,4186c7e2-1fc4-4049-81fb-fa98efb9d1de,Talent Coordinator,https://jobs.lever.co/palantir/4186c7e2-1fc4-4049-81fb-fa98efb9d1de,35,,,2026-09-18
2026-09-11,Palantir,4255e21c-d0f2-4f57-b5db-1f65830d6425,Web Application Developer - Defense,https://jobs.lever.co/palantir/4255e21c-d0f2-4f57-b5db-1f65830d6425,15,,,2026-09-18
2026-09-11,Palantir,44129013-01e0-4699-8fc1-7a189bb37b63,"Product Designer, Internship",https://jobs.lever.co/palantir/44129013-01e0-4699-8fc1-7a189bb37b63,15,,,2026-09-18
2026-09-11,Palantir,45241c61-11af-45b5-86a0-a5302c028d6d,Commercial Contracts Specialist,https://jobs.lever.co/palantir/45241c61-11af-45b5-86a0-a5302c028d6d,46,,,2026-09-18
2026-09-11,Palantir,4625019a-479a-41dd-bd5a-21847629772b,GRC Program Manager,https://jobs.lever.co/palantir/4625019a-479a-41dd-bd5a-21847629772b,0,,,2026-09-18
2026-09-11,Palantir,46530906-4822-4cce-ab86-ef7014d8547f,Operations Analyst - US Government,https://jobs.lever.co/palantir/46530906-4822-4cce-ab86-ef7014d8547f,15,,,2026-09-18
2026-09-11,Palantir,471ccceb-3614-4c28-a1af-b1235c081173,Embedded Legal Engineer,https://jobs.lever.co/palantir/471ccceb-3614-4c28-a1af-b1235c081173,35,,,2026-09-18
2026-09-11,Palantir,484658a9-d6da-4d5f-9ab3-7c9f6ae3cd71,Talent Strategist,https://jobs.lever.co/palantir/484658a9-d6da-4d5f-9ab3-7c9f6ae3cd71,15,,,2026-09-18
2026-09-11,Palantir,492a16bb-6b9f-457e-82c3-294e1a2c565d,Forward Deployed Software Engineer,https://jobs.lever.co/palantir/492a16bb-6b9f-457e-82c3-294e1a2c565d,15,,,2026-09-18
2026-09-11,Palantir,4a245bf7-0467-4436-ac22-7bad194c1a12,People Relations Specialist,https://jobs.lever.co/palantir/4a245bf7-0467-4436-ac22-7bad194c1a12,35,,,2026-09-18
2026-09-11,Palantir,4abf26b4-795c-420a-bf22-1ab98db268b4,"Software Engineer, New Grad - Infrastructure",https://jobs.lever.co/palantir/4abf26b4-795c-420a-bf22-1ab98db268b4,56,,,2026-09-18
2026-09-11,Palantir,4bfef5e0-6689-4db8-9ffe-ab6df6836845,Information Security Engineer - Infrastructure Security,https://jobs.lever.co/palantir/4bfef5e0-6689-4db8-9ffe-ab6df6836845,26,,,2026-09-18
2026-09-11,Palantir,4c0fb3a1-8256-4d14-9a27-23727235752e,"Product Designer, New Grad",https://jobs.lever.co/palantir/4c0fb3a1-8256-4d14-9a27-23727235752e,45,,,2026-09-18
2026-09-11,Palantir,4cb2bf51-da98-4874-82eb-07d8ae834e0b,Deployment Strategist,https://jobs.lever.co/palantir/4cb2bf51-da98-4874-82eb-07d8ae834e0b,15,,,2026-09-18
2026-09-11,Palantir,4cba9c95-d16f-440d-83e7-2352480f689f,Forward Deployed Enablement Engineer - Customer Success,https://jobs.lever.co/palantir/4cba9c95-d16f-440d-83e7-2352480f689f,46,,,2026-09-18
2026-09-11,Palantir,4d29249a-d7e8-4c39-880d-3b35d7b2f6f6,"Forward Deployed Software Engineer, Internship - Commercial",https://jobs.lever.co/palantir/4d29249a-d7e8-4c39-880d-3b35d7b2f6f6,35,,,2026-09-18
2026-09-11,Palantir,4d5a144e-87ea-45e2-a68c-3fad590629af,"Software Engineer, New Grad - Production Infrastructure",https://jobs.lever.co/palantir/4d5a144e-87ea-45e2-a68c-3fad590629af,36,,,2026-09-18
2026-09-11,Palantir,4df4cca5-e361-498b-806d-05f21638c93a,Software Engineer - Hosted Model Infrastructure,https://jobs.lever.co/palantir/4df4cca5-e361-498b-806d-05f21638c93a,57,,,2026-09-18
2026-09-11,Palantir,4e7d0732-f477-4c7a-aac9-abd62f8c9987,Senior Front End Software Engineer - Application Development,https://jobs.lever.co/palantir/4e7d0732-f477-4c7a-aac9-abd62f8c9987,0,,,2026-09-18
2026-09-11,Palantir,4e99e055-96c7-497e-8099-3318e1ce0626,Deployment Strategist,https://jobs.lever.co/palantir/4e99e055-96c7-497e-8099-3318e1ce0626,15,,,2026-09-18
2026-09-11,Palantir,5168e8fd-fec1-4fea-b7a1-81bdaea65850,Forward Deployed Software Engineer,https://jobs.lever.co/palantir/5168e8fd-fec1-4fea-b7a1-81bdaea65850,15,,,2026-09-18
2026-09-11,Palantir,5174e95b-2e0a-46f8-8db7-e2c837a0ac94,Site Reliability Operations Analyst - Commercial,https://jobs.lever.co/palantir/5174e95b-2e0a-46f8-8db7-e2c837a0ac94,46,,,2026-09-18
2026-09-11,Palantir,51ea4a3b-7764-4c87-96e4-310e19c856d5,DevOps Engineer,https://jobs.lever.co/palantir/51ea4a3b-7764-4c87-96e4-310e19c856d5,26,,,2026-09-18
2026-09-11,Palantir,53fb4c05-f949-4146-a046-5c063c36a628,Forward Deployed Software Engineer - Spain,https://jobs.lever.co/palantir/53fb4c05-f949-4146-a046-5c063c36a628,15,,,2026-09-18
2026-09-11,Palantir,55005ee7-4e06-4520-b569-f6e8f26745cb,"Senior Software Engineer, Network Infrastructure",https://jobs.lever.co/palantir/55005ee7-4e06-4520-b569-f6e8f26745cb,0,,,2026-09-18
2026-09-11,Palantir,55c68159-62d3-40ed-b4a7-8b586dc99200,Deployment Strategist,https://jobs.lever.co/palantir/55c68159-62d3-40ed-b4a7-8b586dc99200,15,,,2026-09-18
2026-09-11,Palantir,5614a901-ef96-4b9c-928d-4a9c338c8aad,Offensive Security Engineer,https://jobs.lever.co/palantir/5614a901-ef96-4b9c-928d-4a9c338c8aad,26,,,2026-09-18
2026-09-11,Palantir,57699414-b373-4a5e-9be8-6fb7de41ea72,Product Reliability Engineer - Defense,https://jobs.lever.co/palantir/57699414-b373-4a5e-9be8-6fb7de41ea72,26,,,2026-09-18
2026-09-11,Palantir,57a3f928-e7d3-4037-8196-b38e2f867152,Forward Deployed Software Engineer - UK Government,https://jobs.lever.co/palantir/57a3f928-e7d3-4037-8196-b38e2f867152,15,,,2026-09-18
2026-09-11,Palantir,5802024f-0e9c-4b58-8de0-0ecd52c234e3,Talent Strategist,https://jobs.lever.co/palantir/5802024f-0e9c-4b58-8de0-0ecd52c234e3,15,,,2026-09-18
2026-09-11,Palantir,599b1907-aba1-4303-837b-66e69a521636,"Forward Deployed Software Engineer, Internship - Commercial",https://jobs.lever.co/palantir/599b1907-aba1-4303-837b-66e69a521636,15,,,2026-09-18
2026-09-11,Palantir,5a28f3a5-8655-47f2-ab19-a79b8a319da8,"Forward Deployed Infrastructure Engineer, New Grad - US Government",https://jobs.lever.co/palantir/5a28f3a5-8655-47f2-ab19-a79b8a319da8,36,,,2026-09-18
2026-09-11,Palantir,5a99fe16-1bda-4313-ace2-a11ea6e58f0c,Forward Deployed Reliability Engineer,https://jobs.lever.co/palantir/5a99fe16-1bda-4313-ace2-a11ea6e58f0c,15,,,2026-09-18
2026-09-11,Palantir,5b1eac37-708b-4eb2-94f0-d2abe7945989,Offensive Security Engineer,https://jobs.lever.co/palantir/5b1eac37-708b-4eb2-94f0-d2abe7945989,46,,,2026-09-18
2026-09-11,Palantir,5b4f55a5-e883-445e-853d-7e0d40eec055,Senior Revenue Accountant,https://jobs.lever.co/palantir/5b4f55a5-e883-445e-853d-7e0d40eec055,0,,,2026-09-18
2026-09-11,Palantir,5c4c65c5-77da-4d36-856c-4ade87631019,"Year at Palantir - Forward Deployed Software Engineer, Internship - USG",https://jobs.lever.co/palantir/5c4c65c5-77da-4d36-856c-4ade87631019,15,,,2026-09-18
2026-09-11,Palantir,5c7bb70c-83ea-43e7-8055-0c8f319f4333,"Year at Palantir - Forward Deployed Software Engineer, Internship - USG",https://jobs.lever.co/palantir/5c7bb70c-83ea-43e7-8055-0c8f319f4333,35,,,2026-09-18
2026-09-11,Palantir,5d8286d6-992a-404b-94af-99c173d40299,"Deployment Strategist, New Grad - Intel, US Government",https://jobs.lever.co/palantir/5d8286d6-992a-404b-94af-99c173d40299,25,,,2026-09-18
2026-09-11,Palantir,5eed9e3f-28b6-407f-b0be-ed26bc349895,People Relations Specialist,https://jobs.lever.co/palantir/5eed9e3f-28b6-407f-b0be-ed26bc349895,15,,,2026-09-18
2026-09-11,Palantir,5f39f83b-ef08-4ee8-afda-a2c77440598f,Deployment Strategist - US Government,https://jobs.lever.co/palantir/5f39f83b-ef08-4ee8-afda-a2c77440598f,15,,,2026-09-18
2026-09-11,Palantir,5f7a90e7-f927-47bf-90ed-52d17c58ae02,"Product Designer, New Grad - US Government",https://jobs.lever.co/palantir/5f7a90e7-f927-47bf-90ed-52d17c58ae02,45,,,2026-09-18
2026-09-11,Palantir,61eaa54c-e1b7-4064-afad-f7df3d48d652,Neurodivergent Fellowship,https://jobs.lever.co/palantir/61eaa54c-e1b7-4064-afad-f7df3d48d652,35,,,2026-09-18
2026-09-11,Palantir,636fc05c-d348-4a06-be51-597cb9e07488,Forward Deployed AI Engineer,https://jobs.lever.co/palantir/636fc05c-d348-4a06-be51-597cb9e07488,35,,,2026-09-18
2026-09-11,Palantir,655f9937-a4ce-4e7d-80e2-a6659af07329,"Year at Palantir - Software Engineer, Internship",https://jobs.lever.co/palantir/655f9937-a4ce-4e7d-80e2-a6659af07329,35,,,2026-09-18
2026-09-11,Palantir,67110929-adea-41c3-851a-8882e222d9e4,Software Engineer - Edge AI Systems,https://jobs.lever.co/palantir/67110929-adea-41c3-851a-8882e222d9e4,15,,,2026-09-18
2026-09-11,Palantir,678d05bc-ea79-45ad-bdce-7a06a7cd9a54,Revenue Accounting Manager,https://jobs.lever.co/palantir/678d05bc-ea79-45ad-bdce-7a06a7cd9a54,0,,,2026-09-18
2026-09-11,Palantir,689e6869-01bc-40f1-b580-adb33a020065,Forward Deployed Reliability Engineer,https://jobs.lever.co/palantir/689e6869-01bc-40f1-b580-adb33a020065,35,,,2026-09-18
2026-09-11,Palantir,68d690cf-fc8a-4755-9b69-abe13f93d262,"Senior Software Engineer, Substrate",https://jobs.lever.co/palantir/68d690cf-fc8a-4755-9b69-abe13f93d262,0,,,2026-09-18
2026-09-11,Palantir,6a104c4e-35d4-4a1f-98ef-bec00ae4b458,"Deployment Strategist, Build to Apply - US Government",https://jobs.lever.co/palantir/6a104c4e-35d4-4a1f-98ef-bec00ae4b458,15,,,2026-09-18
2026-09-11,Palantir,6a82fd06-5754-46c2-8214-9ca4cd89fb9d,Web Application Developer - Defense,https://jobs.lever.co/palantir/6a82fd06-5754-46c2-8214-9ca4cd89fb9d,35,,,2026-09-18
2026-09-11,Palantir,6bddf672-5920-46f3-8127-2a15a377cb99,Information Security Engineer - Insider Risk,https://jobs.lever.co/palantir/6bddf672-5920-46f3-8127-2a15a377cb99,15,,,2026-09-18
2026-09-11,Palantir,6f5cf287-1d3e-4c10-abf6-18cf4c955ded,Deployment Strategist - US Government,https://jobs.lever.co/palantir/6f5cf287-1d3e-4c10-abf6-18cf4c955ded,15,,,2026-09-18
2026-09-11,Palantir,6fe5515f-f677-4d98-8ac2-1775a425f5e7,Backend Software Engineer - Infrastructure,https://jobs.lever.co/palantir/6fe5515f-f677-4d98-8ac2-1775a425f5e7,46,,,2026-09-18
2026-09-11,Palantir,701a9307-0619-45d3-b077-cabe9897cd12,"Forward Deployed Infrastructure Engineer, New Grad - US Government",https://jobs.lever.co/palantir/701a9307-0619-45d3-b077-cabe9897cd12,36,,,2026-09-18
2026-09-11,Palantir,70facf19-1508-4fb9-bee9-d731aafada56,"Deployment Strategist, Build to Apply - US Government",https://jobs.lever.co/palantir/70facf19-1508-4fb9-bee9-d731aafada56,15,,,2026-09-18
2026-09-11,Palantir,7177acab-5c64-4005-9b28-93f33b3e172a,Senior Backend Software Engineer - Application Development,https://jobs.lever.co/palantir/7177acab-5c64-4005-9b28-93f33b3e172a,0,,,2026-09-18
2026-09-11,Palantir,71ed917e-850a-484b-9454-fa66bdf24540,Software Engineer - Frontend Developer Productivity,https://jobs.lever.co/palantir/71ed917e-850a-484b-9454-fa66bdf24540,46,,,2026-09-18
2026-09-11,Palantir,721fe5ca-73b8-4223-826e-93a528194821,Platform Engineer - Identity Infrastructure,https://jobs.lever.co/palantir/721fe5ca-73b8-4223-826e-93a528194821,26,,,2026-09-18
2026-09-11,Palantir,72e51928-07f0-4be0-aae5-0ae6956a4846,Forward Deployed Infrastructure Engineer - UK Government,https://jobs.lever.co/palantir/72e51928-07f0-4be0-aae5-0ae6956a4846,26,,,2026-09-18
2026-09-11,Palantir,73d1a90c-162d-4cb6-9e0c-4c8de9561ad0,Forward Deployed Software Engineer - NATO,https://jobs.lever.co/palantir/73d1a90c-162d-4cb6-9e0c-4c8de9561ad0,15,,,2026-09-18
2026-09-11,Palantir,74748e0e-a0bc-4c53-a636-ef14e36d9b5e,Forward Deployed Infrastructure Engineer - US Government,https://jobs.lever.co/palantir/74748e0e-a0bc-4c53-a636-ef14e36d9b5e,26,,,2026-09-18
2026-09-11,Palantir,74aed644-d963-4c5d-b7a0-149bc35f9c50,Mixed Reality Developer,https://jobs.lever.co/palantir/74aed644-d963-4c5d-b7a0-149bc35f9c50,26,,,2026-09-18
2026-09-11,Palantir,75cc1c09-8ebd-44c8-b3bc-d122cd1fecb3,"Year at Palantir - Forward Deployed Software Engineer, Internship - Commercial",https://jobs.lever.co/palantir/75cc1c09-8ebd-44c8-b3bc-d122cd1fecb3,15,,,2026-09-18
2026-09-11,Palantir,76161763-bafa-4ebb-a2ce-2a25e315b7d7,"Product Designer, New Grad",https://jobs.lever.co/palantir/76161763-bafa-4ebb-a2ce-2a25e315b7d7,25,,,2026-09-18
2026-09-11,Palantir,76195098-5e66-4b62-96d0-dcaabb6ea009,Talent Coordinator,https://jobs.lever.co/palantir/76195098-5e66-4b62-96d0-dcaabb6ea009,15,,,2026-09-18
2026-09-11,Palantir,76a60923-bb49-40f5-b061-7c7eb1299602,"Software Engineer, Internship",https://jobs.lever.co/palantir/76a60923-bb49-40f5-b061-7c7eb1299602,26,,,2026-09-18
2026-09-11,Palantir,774cf5c9-bf6a-4d77-bf60-d50ef1beb1a0,"Deployment Strategist, Internship",https://jobs.lever.co/palantir/774cf5c9-bf6a-4d77-bf60-d50ef1beb1a0,26,,,2026-09-18
2026-09-11,Palantir,79c3f906-622b-4261-8fc6-8af0028caa27,Deployment Strategist,https://jobs.lever.co/palantir/79c3f906-622b-4261-8fc6-8af0028caa27,15,,,2026-09-18
2026-09-11,Palantir,7a9600be-cdcb-4311-bb5c-65b6939b5956,Software Engineer - Hosted Model Infrastructure,https://jobs.lever.co/palantir/7a9600be-cdcb-4311-bb5c-65b6939b5956,37,,,2026-09-18
2026-09-11,Palantir,7d69cf8a-06fd-4f05-bd84-27149db29c4d,"Software Engineer, Internship",https://jobs.lever.co/palantir/7d69cf8a-06fd-4f05-bd84-27149db29c4d,46,,,2026-09-18
2026-09-11,Palantir,7d75bed5-45d8-4876-840a-2d92ea79c98d,"Software Engineer, New Grad - Infrastructure",https://jobs.lever.co/palantir/7d75bed5-45d8-4876-840a-2d92ea79c98d,36,,,2026-09-18
2026-09-11,Palantir,7d91ca36-1e23-4603-b0f1-82a835e27d3f,Site Reliability Operations Analyst - US Government,https://jobs.lever.co/palantir/7d91ca36-1e23-4603-b0f1-82a835e27d3f,46,,,2026-09-18
2026-09-11,Palantir,7dc7e7c3-39bf-4f4e-a8eb-e38a4a0af238,Mobility Tax Analyst,https://jobs.lever.co/palantir/7dc7e7c3-39bf-4f4e-a8eb-e38a4a0af238,15,,,2026-09-18
2026-09-11,Palantir,7eb0dedb-37ee-4175-b29f-10a9e4340076,Technical Program Manager (TPM),https://jobs.lever.co/palantir/7eb0dedb-37ee-4175-b29f-10a9e4340076,0,,,2026-09-18
2026-09-11,Palantir,8148182c-6127-4689-b615-7815a94173bb,Forward Deployed Software Engineer,https://jobs.lever.co/palantir/8148182c-6127-4689-b615-7815a94173bb,15,,,2026-09-18
2026-09-11,Palantir,832e4652-5088-4e5b-aeac-1e82ec3ebad4,Software Engineer - Apollo Systems,https://jobs.lever.co/palantir/832e4652-5088-4e5b-aeac-1e82ec3ebad4,46,,,2026-09-18
2026-09-11,Palantir,838bce97-415d-4cdc-95ea-904005feb131,Support Engineer,https://jobs.lever.co/palantir/838bce97-415d-4cdc-95ea-904005feb131,35,,,2026-09-18
2026-09-11,Palantir,84131e3f-455e-47fc-9c11-898d95f09048,Forward Deployed Software Engineer - US Government,https://jobs.lever.co/palantir/84131e3f-455e-47fc-9c11-898d95f09048,15,,,2026-09-18
2026-09-11,Palantir,842d6bc5-823c-4a77-8839-3f0f427bcd8c,"Deployment Strategist, Build to Apply - US Government",https://jobs.lever.co/palantir/842d6bc5-823c-4a77-8839-3f0f427bcd8c,15,,,2026-09-18
2026-09-11,Palantir,84335d8e-f91c-4741-b4c6-7649f3ac948d,Embedded Legal Engineer,https://jobs.lever.co/palantir/84335d8e-f91c-4741-b4c6-7649f3ac948d,15,,,2026-09-18
2026-09-11,Palantir,88f8f593-af1f-4d27-9042-454c24a64d3f,Senior Software Engineer - Autonomous Systems,https://jobs.lever.co/palantir/88f8f593-af1f-4d27-9042-454c24a64d3f,0,,,2026-09-18
2026-09-11,Palantir,89a77547-8b74-45b2-8590-f04b16e19a59,"Senior Software Engineer, Network Infrastructure",https://jobs.lever.co/palantir/89a77547-8b74-45b2-8590-f04b16e19a59,0,,,2026-09-18
2026-09-11,Palantir,8a95dba1-b814-4243-be14-eba1df340ceb,Senior Software Engineer - Observability,https://jobs.lever.co/palantir/8a95dba1-b814-4243-be14-eba1df340ceb,0,,,2026-09-18
2026-09-11,Palantir,8aba5995-653d-4805-96e8-24488e6abf37,Forward Deployed Software Engineer - Japan Forward Deployed,https://jobs.lever.co/palantir/8aba5995-653d-4805-96e8-24488e6abf37,15,,,2026-09-18
2026-09-11,Palantir,8aec0fba-0ac9-48a5-8f54-f2d8465d6698,Software Engineer - Mission Manager,https://jobs.lever.co/palantir/8aec0fba-0ac9-48a5-8f54-f2d8465d6698,0,,,2026-09-18
2026-09-11,Palantir,8bcf4f33-0a79-4248-bbfd-49ac4be9dd8e,"Software Engineer, Internship - Defense Tech",https://jobs.lever.co/palantir/8bcf4f33-0a79-4248-bbfd-49ac4be9dd8e,46,,,2026-09-18
2026-09-11,Palantir,8c59a77a-1a57-4a2b-9d03-0b757b719015,Deal Operations Administrator,https://jobs.lever.co/palantir/8c59a77a-1a57-4a2b-9d03-0b757b719015,15,,,2026-09-18
2026-09-11,Palantir,8c95f750-9d42-456e-91fd-464ad87e4b83,Deployment Strategist - Warp Speed,https://jobs.lever.co/palantir/8c95f750-9d42-456e-91fd-464ad87e4b83,35,,,2026-09-18
2026-09-11,Palantir,8de3d5d0-8c0a-40ee-9f57-a75165c98689,Deal Operations Administrator,https://jobs.lever.co/palantir/8de3d5d0-8c0a-40ee-9f57-a75165c98689,15,,,2026-09-18
2026-09-11,Palantir,8f308f3e-43d2-49c9-accd-cc7af0f1565c,Software Engineer - Apollo Platform,https://jobs.lever.co/palantir/8f308f3e-43d2-49c9-accd-cc7af0f1565c,46,,,2026-09-18
2026-09-11,Palantir,8f7bbffa-92aa-4d25-9586-943b3322a27d,"Product Designer, Internship - US Government",https://jobs.lever.co/palantir/8f7bbffa-92aa-4d25-9586-943b3322a27d,35,,,2026-09-18
2026-09-11,Palantir,909875b4-1940-41bd-b08d-a269c7235100,Forward Deployed Software Engineer - AUS Government,https://jobs.lever.co/palantir/909875b4-1940-41bd-b08d-a269c7235100,15,,,2026-09-18
2026-09-11,Palantir,90aa8748-3fef-4e2b-9ea9-c4dc5f37f0d2,Forward Deployed Software Engineer,https://jobs.lever.co/palantir/90aa8748-3fef-4e2b-9ea9-c4dc5f37f0d2,15,,,2026-09-18
2026-09-11,Palantir,91117724-9389-48dc-912f-98e48d4d45d8,"Forward Deployed Infrastructure Engineer, New Grad - US Government",https://jobs.lever.co/palantir/91117724-9389-48dc-912f-98e48d4d45d8,56,,,2026-09-18
2026-09-11,Palantir,9265acce-12cd-4179-8c50-55d15963532b,"Software Engineer, New Grad - Infrastructure",https://jobs.lever.co/palantir/9265acce-12cd-4179-8c50-55d15963532b,36,,,2026-09-18
2026-09-11,Palantir,94984771-0704-446c-88c6-91ce748f6d92,"Software Engineer, New Grad",https://jobs.lever.co/palantir/94984771-0704-446c-88c6-91ce748f6d92,56,,,2026-09-18
2026-09-11,Palantir,95a76f41-97a4-4696-ade3-9c5a47a569c7,Technical Writer,https://jobs.lever.co/palantir/95a76f41-97a4-4696-ade3-9c5a47a569c7,46,,,2026-09-18
2026-09-11,Palantir,95e0d2b0-437a-4096-a5c6-0f247f426c90,Privacy & Civil Liberties Engineer - New Grad,https://jobs.lever.co/palantir/95e0d2b0-437a-4096-a5c6-0f247f426c90,45,,,2026-09-18
2026-09-11,Palantir,9675791e-59c3-4677-ac62-0c80c38da2eb,Commercial Contracts Specialist,https://jobs.lever.co/palantir/9675791e-59c3-4677-ac62-0c80c38da2eb,26,,,2026-09-18
2026-09-11,Palantir,96a0ce26-cf84-4fa8-934b-acc4363620b2,Forward Deployed Engineer - Mixed Reality,https://jobs.lever.co/palantir/96a0ce26-cf84-4fa8-934b-acc4363620b2,15,,,2026-09-18
2026-09-11,Palantir,96e4295f-3af7-48e5-a2c8-74622eaf5587,Web Application Developer - Defense,https://jobs.lever.co/palantir/96e4295f-3af7-48e5-a2c8-74622eaf5587,15,,,2026-09-18
2026-09-11,Palantir,9804d4d1-bd2f-42d5-ae3e-3e3e51aa3830,Corporate Counsel,https://jobs.lever.co/palantir/9804d4d1-bd2f-42d5-ae3e-3e3e51aa3830,15,,,2026-09-18
2026-09-11,Palantir,98256288-e13a-4c3e-b6c3-1e3dd1083b9a,Commercial Administrative Business Partner,https://jobs.lever.co/palantir/98256288-e13a-4c3e-b6c3-1e3dd1083b9a,15,,,2026-09-18
2026-09-11,Palantir,98b81271-9e15-40b7-8dce-0c62f24702f9,Forward Deployed Software Engineer,https://jobs.lever.co/palantir/98b81271-9e15-40b7-8dce-0c62f24702f9,15,,,2026-09-18
2026-09-11,Palantir,99ab8dbd-fd69-4216-8c2a-09a202a1cb17,People Partner,https://jobs.lever.co/palantir/99ab8dbd-fd69-4216-8c2a-09a202a1cb17,15,,,2026-09-18
2026-09-11,Palantir,9da1a482-4f3a-4804-8b5f-b9697d85fe61,Technical Program Manager  - Autonomous Systems C2,https://jobs.lever.co/palantir/9da1a482-4f3a-4804-8b5f-b9697d85fe61,0,,,2026-09-18
2026-09-11,Palantir,9db71277-3a9a-481b-a2a3-25c3125b0e8a,"Product Designer, Internship - US Government",https://jobs.lever.co/palantir/9db71277-3a9a-481b-a2a3-25c3125b0e8a,15,,,2026-09-18
2026-09-11,Palantir,9e40d77f-b07c-437b-98e7-def9b0184d89,"Forward Deployed Software Engineer, Internship - Intel",https://jobs.lever.co/palantir/9e40d77f-b07c-437b-98e7-def9b0184d89,15,,,2026-09-18
2026-09-11,Palantir,a114f925-b5cb-4076-bf68-c77310754aec,Talent Coordinator,https://jobs.lever.co/palantir/a114f925-b5cb-4076-bf68-c77310754aec,15,,,2026-09-18
2026-09-11,Palantir,a194220b-684a-4b4e-b918-1f70154b464c,Forward Deployed Site Reliability Engineer - US Government,https://jobs.lever.co/palantir/a194220b-684a-4b4e-b918-1f70154b464c,26,,,2026-09-18
2026-09-11,Palantir,a39bf84c-6648-4871-bd07-9b882d401c4c,Forward Deployed Software Engineer - Korea Forward Deployed,https://jobs.lever.co/palantir/a39bf84c-6648-4871-bd07-9b882d401c4c,15,,,2026-09-18
2026-09-11,Palantir,a3eaa0ef-3378-495f-8308-edbd9a93d26c,Web Design Engineer,https://jobs.lever.co/palantir/a3eaa0ef-3378-495f-8308-edbd9a93d26c,35,,,2026-09-18
2026-09-11,Palantir,a483f41b-0da9-42ea-8ed6-cbf6eb93cc6d,"Software Engineer, Internship - Defense Tech",https://jobs.lever.co/palantir/a483f41b-0da9-42ea-8ed6-cbf6eb93cc6d,26,,,2026-09-18
2026-09-11,Palantir,a49d4181-a289-435a-b581-7f5af0497c8e,"Deployment Strategist, Internship - US Government",https://jobs.lever.co/palantir/a49d4181-a289-435a-b581-7f5af0497c8e,26,,,2026-09-18
2026-09-11,Palantir,a753a9e7-a361-426b-9c25-3cf2488c1730,Platform Intelligence Engineer,https://jobs.lever.co/palantir/a753a9e7-a361-426b-9c25-3cf2488c1730,46,,,2026-09-18
2026-09-11,Palantir,a7a77fc5-9f68-4ded-aad7-4814d96cb316,Deal Team - Business Affairs,https://jobs.lever.co/palantir/a7a77fc5-9f68-4ded-aad7-4814d96cb316,15,,,2026-09-18
2026-09-11,Palantir,a80afc2b-2564-4a98-84c2-34cdcc0402df,Platform Engineer - Identity Infrastructure,https://jobs.lever.co/palantir/a80afc2b-2564-4a98-84c2-34cdcc0402df,26,,,2026-09-18
2026-09-11,Palantir,a8174f9c-6f46-46b4-8e15-d1ff9e37c9eb,Backend Software Engineer - Defense,https://jobs.lever.co/palantir/a8174f9c-6f46-46b4-8e15-d1ff9e37c9eb,15,,,2026-09-18
2026-09-11,Palantir,a8eb96f4-e39b-4c0f-b42e-610165b88f34,Forward Deployed Software Engineer,https://jobs.lever.co/palantir/a8eb96f4-e39b-4c0f-b42e-610165b88f34,15,,,2026-09-18
2026-09-11,Palantir,a90eb029-19cc-413c-bd51-b8411053d7d4,Forward Deployed Enablement Engineer - Customer Success,https://jobs.lever.co/palantir/a90eb029-19cc-413c-bd51-b8411053d7d4,26,,,2026-09-18
2026-09-11,Palantir,a92b55d0-1d36-4884-8e65-f456450b3a74,Senior Backend Software Engineer - Application Development,https://jobs.lever.co/palantir/a92b55d0-1d36-4884-8e65-f456450b3a74,0,,,2026-09-18
2026-09-11,Palantir,ab7e3425-81d5-4705-a7b5-cd60c8a45cdb,Backend Software Engineer - Application Development,https://jobs.lever.co/palantir/ab7e3425-81d5-4705-a7b5-cd60c8a45cdb,35,,,2026-09-18
2026-09-11,Palantir,ac0dc094-2480-43c2-8495-26ade227ff4f,"Forward Deployed Software Engineer, Internship - France",https://jobs.lever.co/palantir/ac0dc094-2480-43c2-8495-26ade227ff4f,35,,,2026-09-18
2026-09-11,Palantir,ac978161-6f46-4f6b-ad9e-a258e642751c,Administrative Business Partner,https://jobs.lever.co/palantir/ac978161-6f46-4f6b-ad9e-a258e642751c,15,,,2026-09-18
2026-09-11,Palantir,afea07a8-2721-45e6-a9ca-6580f3f9783c,Software Engineer - Apollo Platform,https://jobs.lever.co/palantir/afea07a8-2721-45e6-a9ca-6580f3f9783c,26,,,2026-09-18
2026-09-11,Palantir,b0e1823a-fbe7-4c9d-a4d3-a1e738db2589,Information Security Engineer - Insider Risk,https://jobs.lever.co/palantir/b0e1823a-fbe7-4c9d-a4d3-a1e738db2589,15,,,2026-09-18
2026-09-11,Palantir,b11a97bd-ac86-4cf8-a008-ffe1772a190a,Technical Writer,https://jobs.lever.co/palantir/b11a97bd-ac86-4cf8-a008-ffe1772a190a,26,,,2026-09-18
2026-09-11,Palantir,b229baac-494b-4a0d-9a13-2e38806e06f3,"Software Engineer, Internship - Infrastructure",https://jobs.lever.co/palantir/b229baac-494b-4a0d-9a13-2e38806e06f3,46,,,2026-09-18
2026-09-11,Palantir,b4aa51a2-bc43-4d67-bf55-12db7feefb3a,"Forward Deployed Software Engineer, New Grad - UK Government",https://jobs.lever.co/palantir/b4aa51a2-bc43-4d67-bf55-12db7feefb3a,25,,,2026-09-18
2026-09-11,Palantir,b5362bc1-8a07-44e2-9ddc-cb4236aa0f20,Technical Program Manager - Security,https://jobs.lever.co/palantir/b5362bc1-8a07-44e2-9ddc-cb4236aa0f20,0,,,2026-09-18
2026-09-11,Palantir,b57f08e9-546c-4b9b-8d21-db0ebbc11363,Forward Deployed Infrastructure Engineer - US Government,https://jobs.lever.co/palantir/b57f08e9-546c-4b9b-8d21-db0ebbc11363,46,,,2026-09-18
2026-09-11,Palantir,b5ad6660-8145-4be5-97e2-3799f2912f5b,Senior Backend Software Engineer - Infrastructure,https://jobs.lever.co/palantir/b5ad6660-8145-4be5-97e2-3799f2912f5b,0,,,2026-09-18
2026-09-11,Palantir,b72abc17-293d-47e0-a094-c1ab0016b794,Incident Management Engineer,https://jobs.lever.co/palantir/b72abc17-293d-47e0-a094-c1ab0016b794,35,,,2026-09-18
2026-09-11,Palantir,b80d45be-7fe8-4a11-b159-65551320c61f,"Senior Software Engineer, Substrate",https://jobs.lever.co/palantir/b80d45be-7fe8-4a11-b159-65551320c61f,0,,,2026-09-18
2026-09-11,Palantir,b81be534-e1d6-4946-8121-1e1360d4d030,Deployment Strategist,https://jobs.lever.co/palantir/b81be534-e1d6-4946-8121-1e1360d4d030,15,,,2026-09-18
2026-09-11,Palantir,b8816fd2-d12d-41dd-8467-88748903267f,Legal Counsel - US Government,https://jobs.lever.co/palantir/b8816fd2-d12d-41dd-8467-88748903267f,15,,,2026-09-18
2026-09-11,Palantir,b908b3e4-81f9-47b3-9088-ee8dd3932003,Technical Program Manager - Security,https://jobs.lever.co/palantir/b908b3e4-81f9-47b3-9088-ee8dd3932003,0,,,2026-09-18
2026-09-11,Palantir,ba8fdce3-7f60-45f6-8323-d74cc18c4320,Deployment Strategist - Japan Commercial,https://jobs.lever.co/palantir/ba8fdce3-7f60-45f6-8323-d74cc18c4320,15,,,2026-09-18
2026-09-11,Palantir,bb7af139-064c-4a59-a784-9ba8c4324d21,Senior Identity Security Engineer,https://jobs.lever.co/palantir/bb7af139-064c-4a59-a784-9ba8c4324d21,0,,,2026-09-18
2026-09-11,Palantir,bba1ecbc-e56d-48b0-b33a-aefcbffbd655,Senior Software Engineer - Autonomous Systems,https://jobs.lever.co/palantir/bba1ecbc-e56d-48b0-b33a-aefcbffbd655,0,,,2026-09-18
2026-09-11,Palantir,bc087dba-1e41-49e0-83bd-36832122363d,Deployment Strategist,https://jobs.lever.co/palantir/bc087dba-1e41-49e0-83bd-36832122363d,15,,,2026-09-18
2026-09-11,Palantir,bc803bd5-7793-452d-9ae5-9301ee24615a,Defensive Security Analyst,https://jobs.lever.co/palantir/bc803bd5-7793-452d-9ae5-9301ee24615a,26,,,2026-09-18
2026-09-11,Palantir,bd16f7ad-3bee-48fd-9902-b3ee9698b608,Technical Program Manager (TPM) - Defense,https://jobs.lever.co/palantir/bd16f7ad-3bee-48fd-9902-b3ee9698b608,0,,,2026-09-18
2026-09-11,Palantir,bd34525c-6e4e-44ea-88c8-d8dac9747feb,Technical Program Manager - US Government,https://jobs.lever.co/palantir/bd34525c-6e4e-44ea-88c8-d8dac9747feb,0,,,2026-09-18
2026-09-11,Palantir,bd500579-5e1c-441f-b42f-66822d07dbba,Legal Operations Specialist,https://jobs.lever.co/palantir/bd500579-5e1c-441f-b42f-66822d07dbba,15,,,2026-09-18
2026-09-11,Palantir,bdcfb29f-4f27-42de-933f-7f83a359b9f0,"Software Engineer, Internship",https://jobs.lever.co/palantir/bdcfb29f-4f27-42de-933f-7f83a359b9f0,26,,,2026-09-18
2026-09-11,Palantir,be4ab5cb-9caa-4c2a-97b9-c73805fca4fc,Forward Deployed Software Engineer - US Government - Federal Health and Civilian,https://jobs.lever.co/palantir/be4ab5cb-9caa-4c2a-97b9-c73805fca4fc,35,,,2026-09-18
2026-09-11,Palantir,c0b60d64-1244-4270-9d55-14115c97c24b,Software Engineer - Mission Manager,https://jobs.lever.co/palantir/c0b60d64-1244-4270-9d55-14115c97c24b,0,,,2026-09-18
2026-09-11,Palantir,c288bb43-3c63-4557-bd96-600ef0d1b7a6,Software Engineer - Defense Applications,https://jobs.lever.co/palantir/c288bb43-3c63-4557-bd96-600ef0d1b7a6,46,,,2026-09-18
2026-09-11,Palantir,c2d11af1-5b84-4be0-92ac-36113fb8f2b5,Product Designer - US Government,https://jobs.lever.co/palantir/c2d11af1-5b84-4be0-92ac-36113fb8f2b5,35,,,2026-09-18
2026-09-11,Palantir,c34b424e-caf2-455a-b104-ae1096ccca29,"Software Engineer, New Grad",https://jobs.lever.co/palantir/c34b424e-caf2-455a-b104-ae1096ccca29,36,,,2026-09-18
2026-09-11,Palantir,c38bb622-6f8e-43a1-8ae7-32291da328a8,"Senior Software Engineer, Substrate",https://jobs.lever.co/palantir/c38bb622-6f8e-43a1-8ae7-32291da328a8,0,,,2026-09-18
2026-09-11,Palantir,c3f40e41-6258-4233-a7f9-091bf67df30b,DevOps Engineer,https://jobs.lever.co/palantir/c3f40e41-6258-4233-a7f9-091bf67df30b,46,,,2026-09-18
2026-09-11,Palantir,c4442730-2926-41ad-8c0e-5e5a6b4d14ae,Forward Deployed Software Engineer,https://jobs.lever.co/palantir/c4442730-2926-41ad-8c0e-5e5a6b4d14ae,15,,,2026-09-18
2026-09-11,Palantir,c44510a1-9537-4c52-ae81-51546979fe47,Full Stack Software Engineer - Application Development,https://jobs.lever.co/palantir/c44510a1-9537-4c52-ae81-51546979fe47,26,,,2026-09-18
2026-09-11,Palantir,c62264f5-5da8-40fe-9b44-f7f0f0012e11,Forward Deployed Software Engineer - Autonomous Systems C2,https://jobs.lever.co/palantir/c62264f5-5da8-40fe-9b44-f7f0f0012e11,15,,,2026-09-18
2026-09-11,Palantir,c80690ca-704b-46c2-9d95-e4f6e98ce4e2,Production Engineer - Database Operations,https://jobs.lever.co/palantir/c80690ca-704b-46c2-9d95-e4f6e98ce4e2,15,,,2026-09-18
2026-09-11,Palantir,c9426c38-9c6f-44bc-acad-bb2e6ed315f6,Technical Writer,https://jobs.lever.co/palantir/c9426c38-9c6f-44bc-acad-bb2e6ed315f6,26,,,2026-09-18
2026-09-11,Palantir,cadc0eb2-2703-43e4-8e4f-41edf5b071c6,"Forward Deployed Infrastructure Engineer, New Grad - UK Government",https://jobs.lever.co/palantir/cadc0eb2-2703-43e4-8e4f-41edf5b071c6,36,,,2026-09-18
2026-09-11,Palantir,cbe90327-3e6e-451c-a54c-1d3cbcef5aeb,"Forward Deployed Software Engineer, New Grad - US Government",https://jobs.lever.co/palantir/cbe90327-3e6e-451c-a54c-1d3cbcef5aeb,25,,,2026-09-18
2026-09-11,Palantir,cbee0a7c-2f96-4dbf-b842-6e4b517541d8,Deployment Strategist,https://jobs.lever.co/palantir/cbee0a7c-2f96-4dbf-b842-6e4b517541d8,15,,,2026-09-18
2026-09-11,Palantir,cccfe1bd-f15b-4fe5-b044-c793e7961c1b,"Forward Deployed Software Engineer, Internship - Defense Tech",https://jobs.lever.co/palantir/cccfe1bd-f15b-4fe5-b044-c793e7961c1b,15,,,2026-09-18
2026-09-11,Palantir,cd2423c6-da68-430c-8be5-0ae7eea36497,Software Engineer - Environment Platform,https://jobs.lever.co/palantir/cd2423c6-da68-430c-8be5-0ae7eea36497,26,,,2026-09-18
2026-09-11,Palantir,ce20af4c-4de3-4079-bbdf-bc30a2e25404,Edge Infrastructure Engineer,https://jobs.lever.co/palantir/ce20af4c-4de3-4079-bbdf-bc30a2e25404,26,,,2026-09-18
2026-09-11,Palantir,ce8ca664-60dc-4f9a-8986-3c96673bcfdf,Forward Deployed Software Engineer - US Government,https://jobs.lever.co/palantir/ce8ca664-60dc-4f9a-8986-3c96673bcfdf,15,,,2026-09-18
2026-09-11,Palantir,cf08f44c-bf75-45ed-9fab-f4836e51013e,Platform Engineer - Identity Infrastructure,https://jobs.lever.co/palantir/cf08f44c-bf75-45ed-9fab-f4836e51013e,46,,,2026-09-18
2026-09-11,Palantir,cf76738e-3030-42fa-92ac-a9446df956fc,Software Engineer - Core Interfaces,https://jobs.lever.co/palantir/cf76738e-3030-42fa-92ac-a9446df956fc,26,,,2026-09-18
2026-09-11,Palantir,d084b769-6f53-4409-afa8-c183b059b384,Forward Deployed Software Engineer,https://jobs.lever.co/palantir/d084b769-6f53-4409-afa8-c183b059b384,15,,,2026-09-18
2026-09-11,Palantir,d1ac83d0-e923-42a5-8e6d-58dd0cab25ca,"Forward Deployed Software Engineer, New Grad - US Government",https://jobs.lever.co/palantir/d1ac83d0-e923-42a5-8e6d-58dd0cab25ca,45,,,2026-09-18
2026-09-11,Palantir,d2a87a1d-63f4-4dcd-b0d0-f6be91fed4d3,Senior Front End Software Engineer - Application Development,https://jobs.lever.co/palantir/d2a87a1d-63f4-4dcd-b0d0-f6be91fed4d3,0,,,2026-09-18
2026-09-11,Palantir,d33e0c31-ac7e-4f57-ba74-36f2df6ae2f5,Backend Software Engineer - Defense,https://jobs.lever.co/palantir/d33e0c31-ac7e-4f57-ba74-36f2df6ae2f5,35,,,2026-09-18
2026-09-11,Palantir,d372c805-d0cd-4a10-9522-fbecc78d6f3e,"Software Engineer, New Grad",https://jobs.lever.co/palantir/d372c805-d0cd-4a10-9522-fbecc78d6f3e,36,,,2026-09-18
2026-09-11,Palantir,d3b2f261-3f10-4edc-8802-8b3b37977d0a,Technical Program Manager - US Government,https://jobs.lever.co/palantir/d3b2f261-3f10-4edc-8802-8b3b37977d0a,0,,,2026-09-18
2026-09-11,Palantir,d40d5d19-8f9e-4e6b-b4d3-b7457c90adec,Senior Software Engineer - Autonomous Systems,https://jobs.lever.co/palantir/d40d5d19-8f9e-4e6b-b4d3-b7457c90adec,0,,,2026-09-18
2026-09-11,Palantir,d5486403-c050-4920-b2e0-91b69b61ebb2,"Forward Deployed Software Engineer, Internship - Commercial",https://jobs.lever.co/palantir/d5486403-c050-4920-b2e0-91b69b61ebb2,15,,,2026-09-18
2026-09-11,Palantir,d5d83a8f-cb96-41cc-9612-c7224fbb2fbc,Software Engineer - Environment Platform,https://jobs.lever.co/palantir/d5d83a8f-cb96-41cc-9612-c7224fbb2fbc,46,,,2026-09-18
2026-09-11,Palantir,d5f11334-3a73-4094-b7e0-d05b54e475b8,"Deployment Strategist, New Grad - Commercial",https://jobs.lever.co/palantir/d5f11334-3a73-4094-b7e0-d05b54e475b8,25,,,2026-09-18
2026-09-11,Palantir,d7030550-f80f-422c-965f-3120db433dea,Senior Software Engineer - Autonomous Systems,https://jobs.lever.co/palantir/d7030550-f80f-422c-965f-3120db433dea,0,,,2026-09-18
2026-09-11,Palantir,d770616f-1422-4420-972c-f95c31ca58e7,Revenue Accounting Manager,https://jobs.lever.co/palantir/d770616f-1422-4420-972c-f95c31ca58e7,0,,,2026-09-18
2026-09-11,Palantir,d83fac1c-353e-4b77-a586-3276b1090b6e,Forward Deployed Software Engineer - US Government,https://jobs.lever.co/palantir/d83fac1c-353e-4b77-a586-3276b1090b6e,15,,,2026-09-18
2026-09-11,Palantir,d879b190-b6a1-41e1-9eca-bf94d36037e1,Mobility Tax Analyst,https://jobs.lever.co/palantir/d879b190-b6a1-41e1-9eca-bf94d36037e1,15,,,2026-09-18
2026-09-11,Palantir,dab396d4-2f14-4796-aac0-0d82883dccf0,Forward Deployed Software Engineer,https://jobs.lever.co/palantir/dab396d4-2f14-4796-aac0-0d82883dccf0,35,,,2026-09-18
2026-09-11,Palantir,dc02f308-bbcc-4163-b4fb-3f68efb2ce24,Product Designer - US Government,https://jobs.lever.co/palantir/dc02f308-bbcc-4163-b4fb-3f68efb2ce24,15,,,2026-09-18
2026-09-11,Palantir,def1573d-c2b6-42a7-963b-e13c3587b5e9,GRC Program Manager,https://jobs.lever.co/palantir/def1573d-c2b6-42a7-963b-e13c3587b5e9,0,,,2026-09-18
2026-09-11,Palantir,e0010393-c300-446f-bf67-fa2ef067f16f,"Forward Deployed Software Engineer, Internship - US Government",https://jobs.lever.co/palantir/e0010393-c300-446f-bf67-fa2ef067f16f,35,,,2026-09-18
2026-09-11,Palantir,e0857612-4181-4f8e-8421-2609e7951b7b,USG Administrative Business Partner,https://jobs.lever.co/palantir/e0857612-4181-4f8e-8421-2609e7951b7b,15,,,2026-09-18
2026-09-11,Palantir,e0ab8226-b928-4e3a-bf87-08fe7b1ea595,Deployment Strategist,https://jobs.lever.co/palantir/e0ab8226-b928-4e3a-bf87-08fe7b1ea595,35,,,2026-09-18
2026-09-11,Palantir,e168a922-a2f0-45d0-912c-678d66e15118,Software Engineer - Mission Manager,https://jobs.lever.co/palantir/e168a922-a2f0-45d0-912c-678d66e15118,0,,,2026-09-18
2026-09-11,Palantir,e1a6c138-98bf-45e2-97f7-2c70371cc38a,"Software Engineer, New Grad - Production Infrastructure",https://jobs.lever.co/palantir/e1a6c138-98bf-45e2-97f7-2c70371cc38a,56,,,2026-09-18
2026-09-11,Palantir,e27af7ab-41fc-40c9-b31d-02c6cb1c505c,"Software Engineer, Internship",https://jobs.lever.co/palantir/e27af7ab-41fc-40c9-b31d-02c6cb1c505c,26,,,2026-09-18
2026-09-11,Palantir,e2a3c133-7964-4e64-ba17-84a8b0b19506,Deployment Strategist - US Government,https://jobs.lever.co/palantir/e2a3c133-7964-4e64-ba17-84a8b0b19506,15,,,2026-09-18
2026-09-11,Palantir,e2a8360a-710a-4185-b2a9-3b7d9fe590b1,Information Security Engineer,https://jobs.lever.co/palantir/e2a8360a-710a-4185-b2a9-3b7d9fe590b1,46,,,2026-09-18
2026-09-11,Palantir,e47d4410-2542-47d8-b558-b5295fc28821,Software Engineer - Apollo Systems,https://jobs.lever.co/palantir/e47d4410-2542-47d8-b558-b5295fc28821,26,,,2026-09-18
2026-09-11,Palantir,e500bcf3-19d8-4d3c-b340-4d76e4a55b40,"Forward Deployed Software Engineer, New Grad - Commercial",https://jobs.lever.co/palantir/e500bcf3-19d8-4d3c-b340-4d76e4a55b40,25,,,2026-09-18
2026-09-11,Palantir,e5869901-d578-4229-a856-47af76a8f39a,GRC Program Manager,https://jobs.lever.co/palantir/e5869901-d578-4229-a856-47af76a8f39a,0,,,2026-09-18
2026-09-11,Palantir,e5b8c2f0-aa26-4615-ba92-f4b5c175c112,Deployment Strategist - Intel,https://jobs.lever.co/palantir/e5b8c2f0-aa26-4615-ba92-f4b5c175c112,15,,,2026-09-18
2026-09-11,Palantir,e65e0d73-1d91-4696-809f-7810ecd474d1,Deployment Strategist,https://jobs.lever.co/palantir/e65e0d73-1d91-4696-809f-7810ecd474d1,15,,,2026-09-18
2026-09-11,Palantir,e6789b17-62fb-4226-a079-f8c17ff19e2d,"Year at Palantir - Forward Deployed Software Engineer, Internship - Commercial",https://jobs.lever.co/palantir/e6789b17-62fb-4226-a079-f8c17ff19e2d,35,,,2026-09-18
2026-09-11,Palantir,e6be4159-c8d1-481d-ad15-13274861b795,Workplace Operations Analyst,https://jobs.lever.co/palantir/e6be4159-c8d1-481d-ad15-13274861b795,15,,,2026-09-18
2026-09-11,Palantir,e6ff8bf2-135e-474d-ad37-24f490ae1dd2,"Forward Deployed Software Engineer, Internship - US Government",https://jobs.lever.co/palantir/e6ff8bf2-135e-474d-ad37-24f490ae1dd2,15,,,2026-09-18
2026-09-11,Palantir,e7100322-be11-40c8-9dba-7a21b7302c08,Forward Deployed Software Engineer - US Government - Federal Health and Civilian,https://jobs.lever.co/palantir/e7100322-be11-40c8-9dba-7a21b7302c08,15,,,2026-09-18
2026-09-11,Palantir,e72e00b7-7106-4974-8cb0-b6c150215b99,Legal Counsel - US Government,https://jobs.lever.co/palantir/e72e00b7-7106-4974-8cb0-b6c150215b99,35,,,2026-09-18
2026-09-11,Palantir,e76eaef3-f240-467d-8260-1d6d92ed5c41,Technical Program Manager - Security,https://jobs.lever.co/palantir/e76eaef3-f240-467d-8260-1d6d92ed5c41,0,,,2026-09-18
2026-09-11,Palantir,e82b696e-a085-4bbf-8bcb-6d2c4f8cf2f7,Forward Deployed Software Engineer - US Government,https://jobs.lever.co/palantir/e82b696e-a085-4bbf-8bcb-6d2c4f8cf2f7,35,,,2026-09-18
2026-09-11,Palantir,e9aecd15-c7e9-4803-9928-fc0b67e70f5b,Software Engineer - Hosted Model Infrastructure,https://jobs.lever.co/palantir/e9aecd15-c7e9-4803-9928-fc0b67e70f5b,37,,,2026-09-18
2026-09-11,Palantir,ead4e034-e6e1-4993-86d1-ad9b8e2933a5,Deployment Strategist - US Government,https://jobs.lever.co/palantir/ead4e034-e6e1-4993-86d1-ad9b8e2933a5,15,,,2026-09-18
2026-09-11,Palantir,ec006383-f48c-452c-a124-88657b5e3277,"Deployment Strategist, Build to Apply - US Government",https://jobs.lever.co/palantir/ec006383-f48c-452c-a124-88657b5e3277,35,,,2026-09-18
2026-09-11,Palantir,ee898794-f9cc-45f1-8a40-9a49e7db62bd,Senior Revenue Accountant,https://jobs.lever.co/palantir/ee898794-f9cc-45f1-8a40-9a49e7db62bd,0,,,2026-09-18
2026-09-11,Palantir,ef725594-42dd-4f0d-ba8e-df8179dbc6cb,"Information Security Engineer, Internship",https://jobs.lever.co/palantir/ef725594-42dd-4f0d-ba8e-df8179dbc6cb,35,,,2026-09-18
2026-09-11,Palantir,ef824a5d-0932-4f96-9347-2e66cd5a7b83,Talent Strategist,https://jobs.lever.co/palantir/ef824a5d-0932-4f96-9347-2e66cd5a7b83,15,,,2026-09-18
2026-09-11,Palantir,f163223b-db5d-4c6d-b73f-0a2eaf85583f,Commercial Administrative Business Partner,https://jobs.lever.co/palantir/f163223b-db5d-4c6d-b73f-0a2eaf85583f,35,,,2026-09-18
2026-09-11,Palantir,f17e98d0-046a-4e6e-9d65-ed0b12dd0ff7,"Software Engineer, Internship - Defense Tech",https://jobs.lever.co/palantir/f17e98d0-046a-4e6e-9d65-ed0b12dd0ff7,26,,,2026-09-18
2026-09-11,Palantir,f221738b-e97c-4ce3-a12a-17ada2b855e4,"Software Engineer, Internship - Infrastructure",https://jobs.lever.co/palantir/f221738b-e97c-4ce3-a12a-17ada2b855e4,26,,,2026-09-18
2026-09-11,Palantir,f362d7aa-360d-4059-ab38-f482742693b3,"Software Engineer, New Grad - Defense",https://jobs.lever.co/palantir/f362d7aa-360d-4059-ab38-f482742693b3,36,,,2026-09-18
2026-09-11,Palantir,f70cdff7-c62f-4b73-a136-909e5e3d1891,Backend Software Engineer - Infrastructure,https://jobs.lever.co/palantir/f70cdff7-c62f-4b73-a136-909e5e3d1891,26,,,2026-09-18
2026-09-11,Palantir,f75cb0d2-6608-450b-848e-0f27937c930d,Software Engineer - Apollo Platform,https://jobs.lever.co/palantir/f75cb0d2-6608-450b-848e-0f27937c930d,26,,,2026-09-18
2026-09-11,Palantir,f7dbfdf1-0bb1-4c11-ac15-6a139cee3410,Software Engineer - Defense Applications,https://jobs.lever.co/palantir/f7dbfdf1-0bb1-4c11-ac15-6a139cee3410,26,,,2026-09-18
2026-09-11,Palantir,fa060d94-f85d-4d02-be58-b81787fe57e5,"Product Designer, Internship - US Government",https://jobs.lever.co/palantir/fa060d94-f85d-4d02-be58-b81787fe57e5,15,,,2026-09-18
2026-09-11,Palantir,fa93a1f8-dc95-40d0-b5ca-f2aebaab0806,Deployment Strategist - Japan Forward Deployed,https://jobs.lever.co/palantir/fa93a1f8-dc95-40d0-b5ca-f2aebaab0806,15,,,2026-09-18
2026-09-11,Palantir,fb2d3222-dbd8-4e03-8d39-47b820e9509c,"Backend Software Engineer - Infrastructure, Foundations",https://jobs.lever.co/palantir/fb2d3222-dbd8-4e03-8d39-47b820e9509c,46,,,2026-09-18
2026-09-11,Palantir,fbca0358-083a-4222-bdbb-3bd729b48382,"Forward Deployed Software Engineer, New Grad - Intel, US Government",https://jobs.lever.co/palantir/fbca0358-083a-4222-bdbb-3bd729b48382,25,,,2026-09-18
2026-09-11,Palantir,fbdcd64f-651c-4b34-97ef-61419eb7d4e6,People Relations Specialist,https://jobs.lever.co/palantir/fbdcd64f-651c-4b34-97ef-61419eb7d4e6,15,,,2026-09-18
2026-09-11,Palantir,fd3603a9-7016-45c6-9c8d-04c9279ab85e,"Software Engineer, Internship - Infrastructure",https://jobs.lever.co/palantir/fd3603a9-7016-45c6-9c8d-04c9279ab85e,26,,,2026-09-18
2026-09-11,Palantir,fd952b52-7b9c-4056-a3dd-0bc41fcfe603,Neurodivergent Fellowship,https://jobs.lever.co/palantir/fd952b52-7b9c-4056-a3dd-0bc41fcfe603,15,,,2026-09-18
2026-09-11,Palantir,fdcbb8ff-2a38-467f-9fdf-b80e1563d863,Talent Sourcer (Contractor),https://jobs.lever.co/palantir/fdcbb8ff-2a38-467f-9fdf-b80e1563d863,35,,,2026-09-18
2026-09-11,Palantir,fe65ee3c-61e0-4eb6-99e5-c90e38e7043f,Edge Infrastructure Engineer,https://jobs.lever.co/palantir/fe65ee3c-61e0-4eb6-99e5-c90e38e7043f,26,,,2026-09-18
2026-09-11,Palantir,fef637bd-60f6-4603-b749-14e609c473a5,Talent Strategist,https://jobs.lever.co/palantir/fef637bd-60f6-4603-b749-14e609c473a5,35,,,2026-09-18
2026-09-11,Palantir,ff1029bd-bb6d-4d78-a03e-5f9744d0b798,Forward Deployed AI Engineer,https://jobs.lever.co/palantir/ff1029bd-bb6d-4d78-a03e-5f9744d0b798,15,,,2026-09-18
2026-09-11,Palantir,ff2c33a1-f707-4fc2-b003-4ba878812edf,International Tax Manager,https://jobs.lever.co/palantir/ff2c33a1-f707-4fc2-b003-4ba878812edf,0,,,2026-09-18
2026-09-11,PointClickCare,0039111b-f717-4480-8b29-6c157ebd6c3a,Technology Support Specialist I (Onsite- Toronto),https://jobs.lever.co/pointclickcare/0039111b-f717-4480-8b29-6c157ebd6c3a,26,,,2026-09-18
2026-09-11,PointClickCare,0c76ce3a-08b7-4329-8599-e4cdd2ae2a53,Market Research Manager (US),https://jobs.lever.co/pointclickcare/0c76ce3a-08b7-4329-8599-e4cdd2ae2a53,0,,,2026-09-18
2026-09-11,PointClickCare,0dbddaac-9166-4333-81a4-d2e956dc1a4f,Manager Software Engineering,https://jobs.lever.co/pointclickcare/0dbddaac-9166-4333-81a4-d2e956dc1a4f,0,,,2026-09-18
2026-09-11,PointClickCare,0e75d6ca-522d-4dfc-a360-f34312393259,Senior Software Engineer - Java,https://jobs.lever.co/pointclickcare/0e75d6ca-522d-4dfc-a360-f34312393259,0,,,2026-09-18
2026-09-11,PointClickCare,0fde392d-cc61-4cef-8a6c-8e2d4a644fc8,"Senior Vice President & General Manager, Senior Living",https://jobs.lever.co/pointclickcare/0fde392d-cc61-4cef-8a6c-8e2d4a644fc8,0,,,2026-09-18
2026-09-11,PointClickCare,1845f0e3-efb1-4fc4-abc1-187049ff2996,Professional Services - Talent Community,https://jobs.lever.co/pointclickcare/1845f0e3-efb1-4fc4-abc1-187049ff2996,26,,,2026-09-18
2026-09-11,PointClickCare,18f7a8cd-06e9-4485-ad7a-46392ac7603e,"Senior Vice President & General Manager, Senior Living",https://jobs.lever.co/pointclickcare/18f7a8cd-06e9-4485-ad7a-46392ac7603e,0,,,2026-09-18
2026-09-11,PointClickCare,1f69f498-aa0f-4b15-9153-e2b4be802228,Customer Operations - Talent Community,https://jobs.lever.co/pointclickcare/1f69f498-aa0f-4b15-9153-e2b4be802228,46,,,2026-09-18
2026-09-11,PointClickCare,1ffdd16e-0f99-42ae-ad44-fbdf90d2ff73,Principal Software Engineer,https://jobs.lever.co/pointclickcare/1ffdd16e-0f99-42ae-ad44-fbdf90d2ff73,0,,,2026-09-18
2026-09-11,PointClickCare,2123a700-c912-42d6-85ff-ec7e264c2a77,(US) Regional Named Account Executive - Northeast,https://jobs.lever.co/pointclickcare/2123a700-c912-42d6-85ff-ec7e264c2a77,46,,,2026-09-18
2026-09-11,PointClickCare,27ea212e-092c-4567-bb56-fc17a71fcc4c,Principal Software Engineer - Big Data & Java,https://jobs.lever.co/pointclickcare/27ea212e-092c-4567-bb56-fc17a71fcc4c,0,,,2026-09-18
2026-09-11,PointClickCare,28537fcc-b49a-4187-a3fe-a2016af68fe4,Canada Sales - Talent Community,https://jobs.lever.co/pointclickcare/28537fcc-b49a-4187-a3fe-a2016af68fe4,26,,,2026-09-18
2026-09-11,PointClickCare,2ad9ffba-40de-4995-bd62-4af1159eefb7,Finance Contracts Analyst,https://jobs.lever.co/pointclickcare/2ad9ffba-40de-4995-bd62-4af1159eefb7,26,,,2026-09-18
2026-09-11,PointClickCare,2c5b9b65-9ed0-4c3e-aa13-ff8bf46855de,"Director, Commercial FP&A",https://jobs.lever.co/pointclickcare/2c5b9b65-9ed0-4c3e-aa13-ff8bf46855de,0,,,2026-09-18
2026-09-11,PointClickCare,2e2fd17b-7360-449b-9fd4-de722f49a51f,Senior Applied Researcher AI/ML (US),https://jobs.lever.co/pointclickcare/2e2fd17b-7360-449b-9fd4-de722f49a51f,0,,,2026-09-18
2026-09-11,PointClickCare,344a98be-f2db-484d-90c9-6073dd0fb341,Strategic Finance Analytics Manager (Canada),https://jobs.lever.co/pointclickcare/344a98be-f2db-484d-90c9-6073dd0fb341,0,,,2026-09-18
2026-09-11,PointClickCare,36517a30-b48b-41e1-abdc-b77681d63a55,Canada- Sr Application Engineer (Salesforce-Agentforce Ai),https://jobs.lever.co/pointclickcare/36517a30-b48b-41e1-abdc-b77681d63a55,0,,,2026-09-18
2026-09-11,PointClickCare,3779970b-816c-4417-bcc8-6a3436ff6821,Senior Software Engineer,https://jobs.lever.co/pointclickcare/3779970b-816c-4417-bcc8-6a3436ff6821,0,,,2026-09-18
2026-09-11,PointClickCare,411a4315-7d40-47ca-b342-b793c051def3,"Sr. Partner Manager, Strategic Partnerships (Senior Care) (Canada)",https://jobs.lever.co/pointclickcare/411a4315-7d40-47ca-b342-b793c051def3,0,,,2026-09-18
2026-09-11,PointClickCare,41506f40-0383-49f3-9c2f-5ea29a39562c,Principal Product Manager - AI Models,https://jobs.lever.co/pointclickcare/41506f40-0383-49f3-9c2f-5ea29a39562c,0,,,2026-09-18
2026-09-11,PointClickCare,423445e1-953c-45e2-a9ac-ce46598c89d7,(US) Principal ML System Engineer,https://jobs.lever.co/pointclickcare/423445e1-953c-45e2-a9ac-ce46598c89d7,0,,,2026-09-18
2026-09-11,PointClickCare,43defc56-cbc6-4ab2-849d-6269879721dd,Principal/Senior Software Engineer,https://jobs.lever.co/pointclickcare/43defc56-cbc6-4ab2-849d-6269879721dd,0,,,2026-09-18
2026-09-11,PointClickCare,445b279e-2212-4ddc-af9e-607674e5cc88,PointClickCare - (US) Senior Clinical AI Nurse SME - 6 months contract,https://jobs.lever.co/pointclickcare/445b279e-2212-4ddc-af9e-607674e5cc88,0,,,2026-09-18
2026-09-11,PointClickCare,452194cf-3e51-4096-b07a-2b1c974bf052,Principal Product Manager - AI Models,https://jobs.lever.co/pointclickcare/452194cf-3e51-4096-b07a-2b1c974bf052,0,,,2026-09-18
2026-09-11,PointClickCare,4d31800e-9822-477e-9de6-41442afaee18,"VP, Design & User Experience",https://jobs.lever.co/pointclickcare/4d31800e-9822-477e-9de6-41442afaee18,0,,,2026-09-18
2026-09-11,PointClickCare,4ef6a183-4c22-4103-9278-26b07185bc8e,Accounts Receivable Specialist (6 month contract),https://jobs.lever.co/pointclickcare/4ef6a183-4c22-4103-9278-26b07185bc8e,26,,,2026-09-18
2026-09-11,PointClickCare,5143e4c8-5d52-4707-8eb6-5f13d81898ce,"Sr. Provider Customer Success Manager - Payer, Provider & Convener",https://jobs.lever.co/pointclickcare/5143e4c8-5d52-4707-8eb6-5f13d81898ce,0,,,2026-09-18
2026-09-11,PointClickCare,560fc3cf-e98e-44aa-b9b8-3ac3f3513b68,"Senior Software Engineer, Platform Engineering",https://jobs.lever.co/pointclickcare/560fc3cf-e98e-44aa-b9b8-3ac3f3513b68,0,,,2026-09-18
2026-09-11,PointClickCare,56e13d29-7f5e-4c80-b9cf-8f12a17db1a0,Ai Solution Engineer - (Technology Support),https://jobs.lever.co/pointclickcare/56e13d29-7f5e-4c80-b9cf-8f12a17db1a0,11,,,2026-09-18
2026-09-11,PointClickCare,5a56d81f-6c94-4d67-a6ba-0779ce31ff93,Market Research Manager (CA),https://jobs.lever.co/pointclickcare/5a56d81f-6c94-4d67-a6ba-0779ce31ff93,0,,,2026-09-18
2026-09-11,PointClickCare,69271749-0d70-4a86-a432-6008399b4646,"Senior Site Reliability Engineer, AI Infrastructure",https://jobs.lever.co/pointclickcare/69271749-0d70-4a86-a432-6008399b4646,0,,,2026-09-18
2026-09-11,PointClickCare,6af2e4b7-8f81-4f0b-9842-e76b58f23f15,Senior Infrastructure SRE,https://jobs.lever.co/pointclickcare/6af2e4b7-8f81-4f0b-9842-e76b58f23f15,0,,,2026-09-18
2026-09-11,PointClickCare,6b7f5c7a-372b-4a4a-8187-b2c347157e14,(Canada) Software Implementation Consultant - Clinical,https://jobs.lever.co/pointclickcare/6b7f5c7a-372b-4a4a-8187-b2c347157e14,26,,,2026-09-18
2026-09-11,PointClickCare,708c41cf-816e-4e06-8528-e33ed111aeaf,Product Manager - Data Platform,https://jobs.lever.co/pointclickcare/708c41cf-816e-4e06-8528-e33ed111aeaf,0,,,2026-09-18
2026-09-11,PointClickCare,7677eeea-2690-41dd-9bd8-e0b1143e195d,Subscription & Billing Analyst (6 month contract),https://jobs.lever.co/pointclickcare/7677eeea-2690-41dd-9bd8-e0b1143e195d,26,,,2026-09-18
2026-09-11,PointClickCare,79e96b19-638f-426c-b3ad-1c8f60d99595,Principal Salesforce Architect (CA),https://jobs.lever.co/pointclickcare/79e96b19-638f-426c-b3ad-1c8f60d99595,0,,,2026-09-18
2026-09-11,PointClickCare,7f7d507d-2c1e-40fa-b4b1-88556c62a3f8,Product Manager – Orders Management (Senior Care),https://jobs.lever.co/pointclickcare/7f7d507d-2c1e-40fa-b4b1-88556c62a3f8,0,,,2026-09-18
2026-09-11,PointClickCare,80e26330-aa83-4ee4-93a1-392b54d92b4e,"Director, Software Engineering",https://jobs.lever.co/pointclickcare/80e26330-aa83-4ee4-93a1-392b54d92b4e,0,,,2026-09-18
2026-09-11,PointClickCare,8472e3fc-f7e7-4e79-859f-af886680e314,Product Manager – Orders Management (Senior Care),https://jobs.lever.co/pointclickcare/8472e3fc-f7e7-4e79-859f-af886680e314,0,,,2026-09-18
2026-09-11,PointClickCare,84e054ca-ac75-4c41-bdb1-78640c364bc2,Principal Salesforce Architect (US),https://jobs.lever.co/pointclickcare/84e054ca-ac75-4c41-bdb1-78640c364bc2,0,,,2026-09-18
2026-09-11,PointClickCare,85ba9c8c-7156-4644-93d8-def035381261,Senior Software Engineer- Big Data & Java,https://jobs.lever.co/pointclickcare/85ba9c8c-7156-4644-93d8-def035381261,0,,,2026-09-18
2026-09-11,PointClickCare,8ac21a82-5846-4188-846f-42ab6c51e7d7,"Senior Vice President & General Manager, Acute & Payer",https://jobs.lever.co/pointclickcare/8ac21a82-5846-4188-846f-42ab6c51e7d7,0,,,2026-09-18
2026-09-11,PointClickCare,8d48d253-0fa0-4dbd-b4c7-f8fc88a5dcb1,Sr. Accounts Receivable Specialist (1 year contract),https://jobs.lever.co/pointclickcare/8d48d253-0fa0-4dbd-b4c7-f8fc88a5dcb1,0,,,2026-09-18
2026-09-11,PointClickCare,90a809fa-bb85-40fe-b813-376016ddd15d,Accounts Receivable Specialist (1 year contract),https://jobs.lever.co/pointclickcare/90a809fa-bb85-40fe-b813-376016ddd15d,26,,,2026-09-18
2026-09-11,PointClickCare,94d86453-a672-4aee-b99a-735de7a1c2a1,Principal AI Engineer,https://jobs.lever.co/pointclickcare/94d86453-a672-4aee-b99a-735de7a1c2a1,0,,,2026-09-18
2026-09-11,PointClickCare,9b4f3dd9-2e55-475e-8130-b9db0cd19831,Senior Product Manager – Platform Services,https://jobs.lever.co/pointclickcare/9b4f3dd9-2e55-475e-8130-b9db0cd19831,0,,,2026-09-18
2026-09-11,PointClickCare,a62f17fd-7a1b-4f7a-aa1a-a5f71476ff52,Canada- Escalation Manager (Customer Support),https://jobs.lever.co/pointclickcare/a62f17fd-7a1b-4f7a-aa1a-a5f71476ff52,0,,,2026-09-18
2026-09-11,PointClickCare,a79598be-83e8-4e26-a872-2c20e4cc8242,"Content Strategist, Contract (CA)",https://jobs.lever.co/pointclickcare/a79598be-83e8-4e26-a872-2c20e4cc8242,26,,,2026-09-18
2026-09-11,PointClickCare,a88bdd3a-c09b-4984-a877-319326d0ef5f,"Content Strategist, Contract (US)",https://jobs.lever.co/pointclickcare/a88bdd3a-c09b-4984-a877-319326d0ef5f,46,,,2026-09-18
2026-09-11,PointClickCare,b31b7e41-be82-4147-88aa-de1d95eedfa2,"VP, Design & User Experience",https://jobs.lever.co/pointclickcare/b31b7e41-be82-4147-88aa-de1d95eedfa2,0,,,2026-09-18
2026-09-11,PointClickCare,b72d088d-155e-44ca-9e56-e7582659fc0e,Strategic Finance Analytics Manager (USA),https://jobs.lever.co/pointclickcare/b72d088d-155e-44ca-9e56-e7582659fc0e,0,,,2026-09-18
2026-09-11,PointClickCare,bb844dc3-ea25-454d-8df4-7c607963a566,Software Implementation Consultant - (Financial),https://jobs.lever.co/pointclickcare/bb844dc3-ea25-454d-8df4-7c607963a566,46,,,2026-09-18
2026-09-11,PointClickCare,bc344a3b-9adc-41de-9ce0-0e62ad1971a3,Senior Product Manager – Platform Services,https://jobs.lever.co/pointclickcare/bc344a3b-9adc-41de-9ce0-0e62ad1971a3,0,,,2026-09-18
2026-09-11,PointClickCare,c2830605-63af-4740-b1d2-f82d6191b576,Sr Application Engineer (Salesforce-Agentforce Ai),https://jobs.lever.co/pointclickcare/c2830605-63af-4740-b1d2-f82d6191b576,0,,,2026-09-18
2026-09-11,PointClickCare,c705af74-d0ed-4cbc-bdfb-3ac8f99fcea6,"Director, Software Engineering",https://jobs.lever.co/pointclickcare/c705af74-d0ed-4cbc-bdfb-3ac8f99fcea6,0,,,2026-09-18
2026-09-11,PointClickCare,c9d09d1b-bbcb-4afe-a8de-444e2e64ef12,Senior Salesforce Architect (CA),https://jobs.lever.co/pointclickcare/c9d09d1b-bbcb-4afe-a8de-444e2e64ef12,0,,,2026-09-18
2026-09-11,PointClickCare,cc52ad1c-794f-4e16-90f8-45b011e4969e,Senior Salesforce Architect (US),https://jobs.lever.co/pointclickcare/cc52ad1c-794f-4e16-90f8-45b011e4969e,0,,,2026-09-18
2026-09-11,PointClickCare,ccdecc93-aef2-4b2b-a981-6843f3c16221,(Canada) Principal ML System Engineer,https://jobs.lever.co/pointclickcare/ccdecc93-aef2-4b2b-a981-6843f3c16221,0,,,2026-09-18
2026-09-11,PointClickCare,ccf7d6d3-c3e0-405e-a1da-0d05ff10b396,PointClickCare - (Canada) Senior Clinical AI Nurse SME- 6 months contract,https://jobs.lever.co/pointclickcare/ccf7d6d3-c3e0-405e-a1da-0d05ff10b396,0,,,2026-09-18
2026-09-11,PointClickCare,d27ec0dd-570d-4626-9962-2db3fc56b991,Principal AI Engineer,https://jobs.lever.co/pointclickcare/d27ec0dd-570d-4626-9962-2db3fc56b991,0,,,2026-09-18
2026-09-11,PointClickCare,d3c03840-66fc-4749-ac4f-ec77c8a82ac4,US- Escalation Manager (Customer Support),https://jobs.lever.co/pointclickcare/d3c03840-66fc-4749-ac4f-ec77c8a82ac4,0,,,2026-09-18
2026-09-11,PointClickCare,d5324867-071b-4502-bc77-88b4aeb64c7c,"US -Manager, Customer Support (Senior Care)",https://jobs.lever.co/pointclickcare/d5324867-071b-4502-bc77-88b4aeb64c7c,0,,,2026-09-18
2026-09-11,PointClickCare,d5358c7b-c058-48a3-8162-16d414840259,Sr. Accounts Receivable Specialist,https://jobs.lever.co/pointclickcare/d5358c7b-c058-48a3-8162-16d414840259,0,,,2026-09-18
2026-09-11,PointClickCare,dae9f71b-9f8c-4669-a786-3d17c913c959,(Canada) Regional Named Account Executive - Northeast,https://jobs.lever.co/pointclickcare/dae9f71b-9f8c-4669-a786-3d17c913c959,26,,,2026-09-18
2026-09-11,PointClickCare,defdd9d1-346c-4a6b-a9b9-63987ca27601,Sr. Talent Development Partner,https://jobs.lever.co/pointclickcare/defdd9d1-346c-4a6b-a9b9-63987ca27601,0,,,2026-09-18
2026-09-11,PointClickCare,e56d6df3-16fb-4652-9d97-c6140700d2e0,Canada- Jr Software Engineer (SRE),https://jobs.lever.co/pointclickcare/e56d6df3-16fb-4652-9d97-c6140700d2e0,36,,,2026-09-18
2026-09-11,PointClickCare,e6fd28a0-e062-499d-8004-ea3280e62f4e,(US) Software Implementation Consultant - Clinical,https://jobs.lever.co/pointclickcare/e6fd28a0-e062-499d-8004-ea3280e62f4e,46,,,2026-09-18
2026-09-11,PointClickCare,ee21af32-14a0-49d9-ae58-f6bba7ac2237,"Sr. Partner Manager, Strategic Partnerships (Senior Care) (US)",https://jobs.lever.co/pointclickcare/ee21af32-14a0-49d9-ae58-f6bba7ac2237,0,,,2026-09-18
2026-09-11,PointClickCare,f1aeaf10-a602-41a3-b63b-b279132f8ace,"Senior Vice President & General Manager, Acute & Payer",https://jobs.lever.co/pointclickcare/f1aeaf10-a602-41a3-b63b-b279132f8ace,0,,,2026-09-18
2026-09-11,PointClickCare,f4a9317a-bf92-4f74-b85e-b8a01b8b0aa1,US Sales - Talent Community,https://jobs.lever.co/pointclickcare/f4a9317a-bf92-4f74-b85e-b8a01b8b0aa1,46,,,2026-09-18
2026-09-11,PointClickCare,f8250782-ea79-41ed-93b5-b2f93668218c,Product Manager - Data Platform,https://jobs.lever.co/pointclickcare/f8250782-ea79-41ed-93b5-b2f93668218c,0,,,2026-09-18
2026-09-11,PointClickCare,f898bbb1-6d98-4708-9762-414799038ea4,Senior Applied Researcher AI/ML ( CAD),https://jobs.lever.co/pointclickcare/f898bbb1-6d98-4708-9762-414799038ea4,0,,,2026-09-18
2026-09-11,PointClickCare,f949e9b0-23dc-4f31-8e46-79eeb79bb79b,"Sr. Director, HR Technology and AI Enablement",https://jobs.lever.co/pointclickcare/f949e9b0-23dc-4f31-8e46-79eeb79bb79b,0,,,2026-09-18
2026-09-11,PointClickCare,fa893a95-a12c-4a05-822b-89bc137cd487,"Sr. Financial Analyst, FP&A",https://jobs.lever.co/pointclickcare/fa893a95-a12c-4a05-822b-89bc137cd487,0,,,2026-09-18
2026-09-11,PointClickCare,faff149d-3b2a-43e7-bcab-ee4a2f67dda0,Principal Software Engineer - Big Data & Java,https://jobs.lever.co/pointclickcare/faff149d-3b2a-43e7-bcab-ee4a2f67dda0,0,,,2026-09-18
2026-09-11,PointClickCare,fc5d90c8-8623-4ab7-a98f-5f76e8f90d06,"Canada -Manager, Customer Support (Senior Care)",https://jobs.lever.co/pointclickcare/fc5d90c8-8623-4ab7-a98f-5f76e8f90d06,0,,,2026-09-18
2026-09-11,Seeq,1378093793,Staff Full Stack Software Engineer,https://apply.workable.com/j/1378093793,0,,,2026-09-18
2026-09-11,Seeq,232B1DD404,Marketing Operations & Analytics Manager,https://apply.workable.com/j/232B1DD404,0,,,2026-09-18
2026-09-11,Seeq,2BB881CA50,Staff Full Stack Software Engineer,https://apply.workable.com/j/2BB881CA50,0,,,2026-09-18
2026-09-11,Seeq,35A75D9608,Enterprise Account Executive - APAC,https://apply.workable.com/j/35A75D9608,11,,,2026-09-18
2026-09-11,Seeq,3990AA881B,Business Development Representative - EMEA,https://apply.workable.com/j/3990AA881B,0,,,2026-09-18
2026-09-11,Seeq,3A53339B45,Salesforce & GTM Applications Technical Lead,https://apply.workable.com/j/3A53339B45,0,,,2026-09-18
2026-09-11,Seeq,41E65B3CDE,Customer Support Operations Intelligence Engineer,https://apply.workable.com/j/41E65B3CDE,31,,,2026-09-18
2026-09-11,Seeq,610FB07CEB,Full Stack Software Engineer - Staff or Principal,https://apply.workable.com/j/610FB07CEB,0,,,2026-09-18
2026-09-11,Seeq,6F40FF632B,AI Customer Insights Engineer,https://apply.workable.com/j/6F40FF632B,31,,,2026-09-18
2026-09-11,Seeq,752EBCAC0C,Enterprise Account Executive,https://apply.workable.com/j/752EBCAC0C,11,,,2026-09-18
2026-09-11,Seeq,763AE68666,Senior Full Stack Software Engineer,https://apply.workable.com/j/763AE68666,0,,,2026-09-18
2026-09-11,Seeq,802346B20E,Full Stack Software Engineer - Staff or Principal,https://apply.workable.com/j/802346B20E,0,,,2026-09-18
2026-09-11,Seeq,94CB19B50D,"Director of Customer Success, APAC - Industrial",https://apply.workable.com/j/94CB19B50D,0,,,2026-09-18
2026-09-11,Seeq,951F8F7708,Business Development Representative - Americas,https://apply.workable.com/j/951F8F7708,20,,,2026-09-18
2026-09-11,Seeq,95AFFF0CEF,VP of Engineering - Applications,https://apply.workable.com/j/95AFFF0CEF,0,,,2026-09-18
2026-09-11,Seeq,A966C8897D,Staff Software Engineer - Developer Experience,https://apply.workable.com/j/A966C8897D,0,,,2026-09-18
2026-09-11,Seeq,B3E0E9645D,Frontend Design Systems Engineer,https://apply.workable.com/j/B3E0E9645D,31,,,2026-09-18
2026-09-11,Seeq,C2318392FE,Senior Full Stack Software Engineer,https://apply.workable.com/j/C2318392FE,0,,,2026-09-18
2026-09-11,Seeq,CA86062D7B,Technical Account Manager,https://apply.workable.com/j/CA86062D7B,0,,,2026-09-18
2026-09-11,Seeq,CDBF1AE73C,Backend Software Engineer (Staff/Principal),https://apply.workable.com/j/CDBF1AE73C,0,,,2026-09-18
2026-09-11,Seeq,DCD4811413,Enterprise Account Executive - APAC,https://apply.workable.com/j/DCD4811413,11,,,2026-09-18
2026-09-11,Seeq,DF9FFD300C,Technical Account Manager,https://apply.workable.com/j/DF9FFD300C,0,,,2026-09-18
2026-09-11,Seeq,F44188E4B2,Senior Solutions Consultant - Oil & Gas,https://apply.workable.com/j/F44188E4B2,0,,,2026-09-18
2026-09-11,SmartRecruiters,744000148454651,Data Operations Consultant ,https://jobs.smartrecruiters.com/smartrecruiters/744000148454651,15,,,2026-09-18
2026-09-11,Traba,01ba0d35-983e-4b79-9d1a-a2a92f6d5889,Senior Software Engineer (AI Agents),https://jobs.ashbyhq.com/traba/01ba0d35-983e-4b79-9d1a-a2a92f6d5889,0,,,2026-09-18
2026-09-11,Traba,3479b52b-adf4-4fb0-a8dc-d762330413b1,Staff Software Engineer (AI Agents),https://jobs.ashbyhq.com/traba/3479b52b-adf4-4fb0-a8dc-d762330413b1,0,,,2026-09-18
2026-09-11,Traba,3586723b-cedb-446e-803d-cad429c94c50,"Customer On-Site - Louisville, KY",https://jobs.ashbyhq.com/traba/3586723b-cedb-446e-803d-cad429c94c50,15,,,2026-09-18
2026-09-11,Traba,5b2786e1-bba9-4847-970b-38ffbdf2e2b0,Senior Data Scientist,https://jobs.ashbyhq.com/traba/5b2786e1-bba9-4847-970b-38ffbdf2e2b0,0,,,2026-09-18
2026-09-11,Traba,5e07d5c4-06db-482a-822d-f32ce2216d5b,"Customer On-Site - Mechanicsburg, PA (First Shift)",https://jobs.ashbyhq.com/traba/5e07d5c4-06db-482a-822d-f32ce2216d5b,15,,,2026-09-18
2026-09-11,Traba,6f0ab83d-e4fd-42d0-9980-4ae1ccd0b875,"Customer On-Site - Mechanicsburg, PA (Third Shift)",https://jobs.ashbyhq.com/traba/6f0ab83d-e4fd-42d0-9980-4ae1ccd0b875,15,,,2026-09-18
2026-09-11,Traba,78581041-2c2a-40d9-bf4d-45342ed4041d,Strategic Finance Lead,https://jobs.ashbyhq.com/traba/78581041-2c2a-40d9-bf4d-45342ed4041d,0,,,2026-09-18
2026-09-11,Traba,7b516966-1923-4d08-b2f6-90dcb683c28b,Staff Product Manager (AI Agents),https://jobs.ashbyhq.com/traba/7b516966-1923-4d08-b2f6-90dcb683c28b,0,,,2026-09-18
2026-09-11,Traba,7c7217d4-fd6d-40a8-87ab-15b81c48d278,"Field Operator - El Paso, TX",https://jobs.ashbyhq.com/traba/7c7217d4-fd6d-40a8-87ab-15b81c48d278,15,,,2026-09-18
2026-09-11,Traba,9486992e-f8bc-4379-a449-2d45634fa412,"Customer On-Site - Jeffersonville, IN",https://jobs.ashbyhq.com/traba/9486992e-f8bc-4379-a449-2d45634fa412,15,,,2026-09-18
2026-09-11,Traba,962c36f8-17ab-469b-a72a-9429cb31de92,"Customer On-Site - Laredo, TX",https://jobs.ashbyhq.com/traba/962c36f8-17ab-469b-a72a-9429cb31de92,15,,,2026-09-18
2026-09-11,Traba,a0364f1d-32f6-4035-ab3a-fc9e124911ee,Head of Operations,https://jobs.ashbyhq.com/traba/a0364f1d-32f6-4035-ab3a-fc9e124911ee,0,,,2026-09-18
2026-09-11,Traba,a3ec70b5-1b23-4fc2-af70-ac05b623915f,Staff Product Manager (Marketplace),https://jobs.ashbyhq.com/traba/a3ec70b5-1b23-4fc2-af70-ac05b623915f,0,,,2026-09-18
2026-09-11,Traba,af10dde4-5160-469c-9700-ddc85dc34d46,Senior Product Manager (Marketplace),https://jobs.ashbyhq.com/traba/af10dde4-5160-469c-9700-ddc85dc34d46,0,,,2026-09-18
2026-09-11,Traba,b1af12a1-9a17-447b-952a-88a4c54bb9fa,Senior Software Engineer (Applied AI),https://jobs.ashbyhq.com/traba/b1af12a1-9a17-447b-952a-88a4c54bb9fa,0,,,2026-09-18
2026-09-11,Traba,b1fd63ec-9be5-4ccb-a4cf-d50e00b9b279,"Field Operator - Las Vegas, NV",https://jobs.ashbyhq.com/traba/b1fd63ec-9be5-4ccb-a4cf-d50e00b9b279,15,,,2026-09-18
2026-09-11,Traba,b77c70c6-58e6-489c-8765-50b5c4d5dcf1,"Field Operator - Columbia, MD",https://jobs.ashbyhq.com/traba/b77c70c6-58e6-489c-8765-50b5c4d5dcf1,15,,,2026-09-18
2026-09-11,Traba,b8f3249a-c7f5-4a51-b004-8372eee822f5,"Customer On-Site - Minneapolis, MN",https://jobs.ashbyhq.com/traba/b8f3249a-c7f5-4a51-b004-8372eee822f5,15,,,2026-09-18
2026-09-11,Traba,b9a447f5-292f-493a-b05d-56829e2f2e0b,"Field Operator - Joliet, IL",https://jobs.ashbyhq.com/traba/b9a447f5-292f-493a-b05d-56829e2f2e0b,15,,,2026-09-18
2026-09-11,Traba,babb3325-d3fa-4768-9543-d0add19a823a,"Field Operator - Cincinnati, OH",https://jobs.ashbyhq.com/traba/babb3325-d3fa-4768-9543-d0add19a823a,15,,,2026-09-18
2026-09-11,Traba,c101c491-5732-4ea7-b3c3-94047089285c,General Application,https://jobs.ashbyhq.com/traba/c101c491-5732-4ea7-b3c3-94047089285c,45,,,2026-09-18
2026-09-11,Traba,c8a894e7-8e24-4dc6-afc4-6e5b541420ce,"Field Operator - Maple Grove, MN",https://jobs.ashbyhq.com/traba/c8a894e7-8e24-4dc6-afc4-6e5b541420ce,15,,,2026-09-18
2026-09-11,Traba,cfea93ed-b723-4379-a66c-1d262e42128c,"Field Operator - Harrisburg, PA",https://jobs.ashbyhq.com/traba/cfea93ed-b723-4379-a66c-1d262e42128c,15,,,2026-09-18
2026-09-11,Traba,da74734f-da46-432d-af17-04fbebd62887,Product Manager (Marketplace),https://jobs.ashbyhq.com/traba/da74734f-da46-432d-af17-04fbebd62887,0,,,2026-09-18
2026-09-11,Traba,dbe6eb4b-7407-4fa8-85e2-1744ecfac423,Senior Product Manager (AI Agents),https://jobs.ashbyhq.com/traba/dbe6eb4b-7407-4fa8-85e2-1744ecfac423,0,,,2026-09-18
2026-09-11,Traba,e3ee1cb6-8c24-4b5c-b3ff-c85472a73585,"Customer On-Site - Columbus, OH",https://jobs.ashbyhq.com/traba/e3ee1cb6-8c24-4b5c-b3ff-c85472a73585,15,,,2026-09-18
2026-09-11,Traba,f059b6e4-f7dc-46a8-918e-142582cd8460,"Customer On-Site - Cincinnati, OH",https://jobs.ashbyhq.com/traba/f059b6e4-f7dc-46a8-918e-142582cd8460,15,,,2026-09-18
2026-09-11,Traba,f0aa1278-f467-465c-9a06-72532b570dff,Staff Software Engineer (Applied AI),https://jobs.ashbyhq.com/traba/f0aa1278-f467-465c-9a06-72532b570dff,0,,,2026-09-18
2026-09-11,Traba,ffb22326-61ae-4af1-a742-7c6880092e68,Product Manager (AI Agents),https://jobs.ashbyhq.com/traba/ffb22326-61ae-4af1-a742-7c6880092e68,0,,,2026-09-18
2026-09-11,Vercel,5039945004,"Business Development Representative, Majors",https://job-boards.greenhouse.io/vercel/jobs/5039945004,46,,,2026-09-18
2026-09-11,Vercel,5042166004,"Commercial Account Executive, Greenfield ",https://job-boards.greenhouse.io/vercel/jobs/5042166004,46,,,2026-09-18
2026-09-11,Vercel,5042174004,Enterprise Account Executive,https://job-boards.greenhouse.io/vercel/jobs/5042174004,31,,,2026-09-18
2026-09-11,Vercel,5179639004,"Software Engineer, CDN",https://job-boards.greenhouse.io/vercel/jobs/5179639004,42,,,2026-09-18
2026-09-11,Vercel,5428982004,"Software Engineer, Observability",https://job-boards.greenhouse.io/vercel/jobs/5428982004,31,,,2026-09-18
2026-09-11,Vercel,5430088004,"Software Engineer, Backend",https://job-boards.greenhouse.io/vercel/jobs/5430088004,57,,,2026-09-18
2026-09-11,Vercel,5474915004,"Software Engineer, AI SDK",https://job-boards.greenhouse.io/vercel/jobs/5474915004,31,,,2026-09-18
2026-09-11,Vercel,5557835004,"Sales Development Representative, UK&I",https://job-boards.greenhouse.io/vercel/jobs/5557835004,26,,,2026-09-18
2026-09-11,Vercel,5579560004,Senior Brand Designer,https://job-boards.greenhouse.io/vercel/jobs/5579560004,0,,,2026-09-18
2026-09-11,Vercel,5633880004,"Software Engineer, Deployment Infrastructure",https://job-boards.greenhouse.io/vercel/jobs/5633880004,57,,,2026-09-18
2026-09-11,Vercel,5649459004,"Software Engineer, Trust & Safety",https://job-boards.greenhouse.io/vercel/jobs/5649459004,42,,,2026-09-18
2026-09-11,Vercel,5691965004,"Senior Legal Counsel, Product",https://job-boards.greenhouse.io/vercel/jobs/5691965004,0,,,2026-09-18
2026-09-11,Vercel,5701765004,"Engineering Manager, CDN",https://job-boards.greenhouse.io/vercel/jobs/5701765004,0,,,2026-09-18
2026-09-11,Vercel,5704320004,"Software Engineer, Agent",https://job-boards.greenhouse.io/vercel/jobs/5704320004,31,,,2026-09-18
2026-09-11,Vercel,5732855004,Site Engineer,https://job-boards.greenhouse.io/vercel/jobs/5732855004,31,,,2026-09-18
2026-09-11,Vercel,5752684004,Forward-Deployed Engineer ,https://job-boards.greenhouse.io/vercel/jobs/5752684004,57,,,2026-09-18
2026-09-11,Vercel,5752956004,"Account Executive-Startups, EMEA (French Speaker)",https://job-boards.greenhouse.io/vercel/jobs/5752956004,26,,,2026-09-18
2026-09-11,Vercel,5798406004,"Software Engineer, AI Gateway",https://job-boards.greenhouse.io/vercel/jobs/5798406004,22,,,2026-09-18
2026-09-11,Vercel,5798416004,"Software Engineer, Workflows",https://job-boards.greenhouse.io/vercel/jobs/5798416004,31,,,2026-09-18
2026-09-11,Vercel,5806456004,"Manager, Solutions Architecture",https://job-boards.greenhouse.io/vercel/jobs/5806456004,0,,,2026-09-18
2026-09-11,Vercel,5806749004,Solutions Architect ,https://job-boards.greenhouse.io/vercel/jobs/5806749004,79,,,2026-09-18
2026-09-11,Vercel,5815357004,"Vercel Development Representative, Startups",https://job-boards.greenhouse.io/vercel/jobs/5815357004,26,,,2026-09-18
2026-09-11,Vercel,5841911004,"Account Executive, Majors (APAC)",https://job-boards.greenhouse.io/vercel/jobs/5841911004,22,,,2026-09-18
2026-09-11,Vercel,5844601004,"Partner Lead, EMEA",https://job-boards.greenhouse.io/vercel/jobs/5844601004,0,,,2026-09-18
2026-09-11,Vercel,5855000004,"Strategic Finance Manager, Product",https://job-boards.greenhouse.io/vercel/jobs/5855000004,0,,,2026-09-18
2026-09-11,Vercel,5895013004,"Member of the Technical Staff, Financial Data Platform",https://job-boards.greenhouse.io/vercel/jobs/5895013004,0,,,2026-09-18
2026-09-11,Vercel,5914474004,"Member of the Technical Staff, GTM ",https://job-boards.greenhouse.io/vercel/jobs/5914474004,0,,,2026-09-18
2026-09-11,Vercel,5971203004,Startups Program Lead ,https://job-boards.greenhouse.io/vercel/jobs/5971203004,0,,,2026-09-18
2026-09-11,Vercel,5973206004,"Staff Applied Scientist, Financial Forecasting",https://job-boards.greenhouse.io/vercel/jobs/5973206004,0,,,2026-09-18
2026-09-11,Vercel,5974107004,"Director, Commercial Sales, EMEA",https://job-boards.greenhouse.io/vercel/jobs/5974107004,0,,,2026-09-18
2026-09-11,Vercel,5979111004,Head of Field Engineering Operations,https://job-boards.greenhouse.io/vercel/jobs/5979111004,0,,,2026-09-18
2026-09-11,Vercel,5995789004,"Senior Manager, Solutions Architect",https://job-boards.greenhouse.io/vercel/jobs/5995789004,0,,,2026-09-18
2026-09-11,Vercel,5999792004,"Account Executive, Majors",https://job-boards.greenhouse.io/vercel/jobs/5999792004,22,,,2026-09-18
2026-09-11,Vercel,6006148004,Senior Payroll Analyst,https://job-boards.greenhouse.io/vercel/jobs/6006148004,0,,,2026-09-18
2026-09-11,Vercel,6006500004,Sr. Commercial Counsel,https://job-boards.greenhouse.io/vercel/jobs/6006500004,0,,,2026-09-18
2026-09-11,Vercel,6011651004,Product Strategy & Operations,https://job-boards.greenhouse.io/vercel/jobs/6011651004,37,,,2026-09-18
2026-09-11,Vercel,6011904004,Performance Marketing Manager ,https://job-boards.greenhouse.io/vercel/jobs/6011904004,0,,,2026-09-18
2026-09-11,Vercel,6016765004,"Growth Marketing Manager, Agent Stack ",https://job-boards.greenhouse.io/vercel/jobs/6016765004,0,,,2026-09-18
2026-09-11,Vercel,6090854004,Senior HRBP - G&A ,https://job-boards.greenhouse.io/vercel/jobs/6090854004,0,,,2026-09-18
2026-09-11,Vercel,6093255004,"Security Software Engineer, IAM",https://job-boards.greenhouse.io/vercel/jobs/6093255004,42,,,2026-09-18
2026-09-11,Vercel,6098390004,"Software Engineer, eve",https://job-boards.greenhouse.io/vercel/jobs/6098390004,31,,,2026-09-18
2026-09-11,Vercel,6100103004,"Account Executive, Majors- Install Base (APAC)",https://job-boards.greenhouse.io/vercel/jobs/6100103004,22,,,2026-09-18
2026-09-11,Vercel,6102335004,"Security Engineer, Cloud",https://job-boards.greenhouse.io/vercel/jobs/6102335004,57,,,2026-09-18
2026-09-11,Vercel,6102343004,Product Security Engineer,https://job-boards.greenhouse.io/vercel/jobs/6102343004,46,,,2026-09-18
2026-09-11,Vercel,6102654004,GRC Analyst,https://job-boards.greenhouse.io/vercel/jobs/6102654004,57,,,2026-09-18
2026-09-11,Vercel,6105394004,"Software Engineer, CDN Content",https://job-boards.greenhouse.io/vercel/jobs/6105394004,37,,,2026-09-18
2026-09-11,Vercel,6111332004,"Security Engineer, Detection Response",https://job-boards.greenhouse.io/vercel/jobs/6111332004,42,,,2026-09-18
2026-09-11,Vercel,6112143004,"Enterprise Account Executive, Retail",https://job-boards.greenhouse.io/vercel/jobs/6112143004,31,,,2026-09-18
2026-09-11,Vercel,6112845004,Senior Technical Account Manager,https://job-boards.greenhouse.io/vercel/jobs/6112845004,0,,,2026-09-18
2026-09-11,Vercel,6113157004,"Software Engineer, Compute",https://job-boards.greenhouse.io/vercel/jobs/6113157004,11,,,2026-09-18
2026-09-11,Vercel,6115991004,"Visual Designer, Web",https://job-boards.greenhouse.io/vercel/jobs/6115991004,46,,,2026-09-18
2026-09-11,Vercel,6117204004,"Security Software Engineer, Open Source Frameworks",https://job-boards.greenhouse.io/vercel/jobs/6117204004,46,,,2026-09-18
2026-09-11,Vercel,6117209004,"Senior Security Software Engineer, v0",https://job-boards.greenhouse.io/vercel/jobs/6117209004,0,,,2026-09-18
2026-09-11,Vercel,6119765004,Executive Marketing Program Lead,https://job-boards.greenhouse.io/vercel/jobs/6119765004,0,,,2026-09-18
2026-09-11,Vercel,6119846004,"Director, Solutions Architect",https://job-boards.greenhouse.io/vercel/jobs/6119846004,0,,,2026-09-18
2026-09-11,Vercel,6120051004,Director of Forward Deployed Engineering,https://job-boards.greenhouse.io/vercel/jobs/6120051004,0,,,2026-09-18
2026-09-11,Vercel,6121381004,Technical Account Manager,https://job-boards.greenhouse.io/vercel/jobs/6121381004,0,,,2026-09-18
2026-09-11,Vercel,6121468004,"Sr. Manager, Accounting (India)",https://job-boards.greenhouse.io/vercel/jobs/6121468004,0,,,2026-09-18
2026-09-11,Vercel,6121471004,Senior Accountant (India),https://job-boards.greenhouse.io/vercel/jobs/6121471004,0,,,2026-09-18
2026-09-11,Vercel,6121474004,Product Communications Manager,https://job-boards.greenhouse.io/vercel/jobs/6121474004,0,,,2026-09-18
2026-09-11,Vercel,6122437004,"DevRel Engineer, Agentic Infrastructure",https://job-boards.greenhouse.io/vercel/jobs/6122437004,31,,,2026-09-18
2026-09-11,Vercel,6122619004,Senior Integrated Campaigns Manager,https://job-boards.greenhouse.io/vercel/jobs/6122619004,0,,,2026-09-18
2026-09-11,Vercel,6123443004,"Commercial Account Executive, Install Base",https://job-boards.greenhouse.io/vercel/jobs/6123443004,46,,,2026-09-18
2026-09-11,Vercel,6123758004,Global Benefits Lead,https://job-boards.greenhouse.io/vercel/jobs/6123758004,0,,,2026-09-18
2026-09-11,Vercel,6128387004,Presentation Designer,https://job-boards.greenhouse.io/vercel/jobs/6128387004,46,,,2026-09-18
2026-09-11,Vercel,6131210004,"Senior Product Designer, Growth",https://job-boards.greenhouse.io/vercel/jobs/6131210004,0,,,2026-09-18
2026-09-11,Vercel,6132416004,"Partner Solutions Engineer, EMEA",https://job-boards.greenhouse.io/vercel/jobs/6132416004,37,,,2026-09-18
2026-09-11,Vercel,6134374004,"Member of the Technical Staff, Internal Agent ",https://job-boards.greenhouse.io/vercel/jobs/6134374004,0,,,2026-09-18
2026-09-11,Vercel,6134464004,Senior Financial Systems Administrator,https://job-boards.greenhouse.io/vercel/jobs/6134464004,0,,,2026-09-18
2026-09-11,Vercel,6136160004,"Account Executive, Commercial",https://job-boards.greenhouse.io/vercel/jobs/6136160004,26,,,2026-09-18
2026-09-11,Vercel,6137958004,Member of the Technical Staff - Next.js,https://job-boards.greenhouse.io/vercel/jobs/6137958004,0,,,2026-09-18
2026-09-11,Vercel,6137983004,People Operations Integrations Developer,https://job-boards.greenhouse.io/vercel/jobs/6137983004,46,,,2026-09-18
2026-09-11,Vercel,6140055004,Manager of the Technical Staff - Next.js,https://job-boards.greenhouse.io/vercel/jobs/6140055004,0,,,2026-09-18
2026-09-11,Vercel,6142097004,"Scaled Commercial Account Executive, Install base ",https://job-boards.greenhouse.io/vercel/jobs/6142097004,46,,,2026-09-18
2026-09-11,Vercel,6142959004,Senior Deal Desk Analyst,https://job-boards.greenhouse.io/vercel/jobs/6142959004,0,,,2026-09-18
2026-09-11,Vercel,6144467004,Marketing Operations Manager,https://job-boards.greenhouse.io/vercel/jobs/6144467004,0,,,2026-09-18
2026-09-11,Vercel,6147956004,"Product Manager, Observability",https://job-boards.greenhouse.io/vercel/jobs/6147956004,0,,,2026-09-18
2026-09-11,Vercel,6160974004,"Product Designer, Marketplace",https://job-boards.greenhouse.io/vercel/jobs/6160974004,26,,,2026-09-18
2026-09-11,Vercel,6163582004,Strategic Sourcing Manager,https://job-boards.greenhouse.io/vercel/jobs/6163582004,0,,,2026-09-18
2026-09-11,Vercel,6163585004,SOX Manager,https://job-boards.greenhouse.io/vercel/jobs/6163585004,0,,,2026-09-18
2026-09-11,Vercel,6179794004,IT Ops Engineer,https://job-boards.greenhouse.io/vercel/jobs/6179794004,31,,,2026-09-18
2026-09-11,Vercel,6181755004,Software Engineering Intern - Winter '27,https://job-boards.greenhouse.io/vercel/jobs/6181755004,26,,,2026-09-18
2026-09-11,Vercel,6181759004,Software Engineering Intern - Summer '27,https://job-boards.greenhouse.io/vercel/jobs/6181759004,26,,,2026-09-18
2026-09-11,Vercel,6183272004,"FP&A Manager, Product",https://job-boards.greenhouse.io/vercel/jobs/6183272004,0,,,2026-09-18
2026-09-11,Vercel,6188894004,Senior Partner Programs Manager,https://job-boards.greenhouse.io/vercel/jobs/6188894004,0,,,2026-09-18
2026-09-11,Vercel,6188898004,Strategic Partnerships Lead,https://job-boards.greenhouse.io/vercel/jobs/6188898004,0,,,2026-09-18
2026-09-11,WHOOP,00aad80c-4670-4e0b-86bc-ec9595603fd8,Senior Data Platform Engineer,https://jobs.ashbyhq.com/whoop/00aad80c-4670-4e0b-86bc-ec9595603fd8,0,,,2026-09-18
2026-09-11,WHOOP,00dd5761-0d8f-4ad1-9dcd-15919648bf06,Senior Materials Program Manager,https://jobs.ashbyhq.com/whoop/00dd5761-0d8f-4ad1-9dcd-15919648bf06,0,,,2026-09-18
2026-09-11,WHOOP,02584ffc-aac0-4c83-8c31-3f5f60ebe01d,"Senior Industrial Design, Lead",https://jobs.ashbyhq.com/whoop/02584ffc-aac0-4c83-8c31-3f5f60ebe01d,0,,,2026-09-18
2026-09-11,WHOOP,048c9c1b-05ed-45a9-81d4-f56f09493baa,"Senior Manager, Corporate Accounting",https://jobs.ashbyhq.com/whoop/048c9c1b-05ed-45a9-81d4-f56f09493baa,0,,,2026-09-18
2026-09-11,WHOOP,056b1fff-ac7b-4731-b50f-27b682f50067,Senior Mechanical Engineer (NPI),https://jobs.ashbyhq.com/whoop/056b1fff-ac7b-4731-b50f-27b682f50067,0,,,2026-09-18
2026-09-11,WHOOP,0623a9e9-d7bb-4ee5-8100-51c68df81133,Software Engineer I (Backend),https://jobs.ashbyhq.com/whoop/0623a9e9-d7bb-4ee5-8100-51c68df81133,47,,,2026-09-18
2026-09-11,WHOOP,062ea269-af1a-4b33-a4bc-e78db047b062,"Senior Manager, Machine Learning, SaMD",https://jobs.ashbyhq.com/whoop/062ea269-af1a-4b33-a4bc-e78db047b062,0,,,2026-09-18
2026-09-11,WHOOP,095b4e78-f89d-403c-92f3-f034f41f49ec,Staff Regulatory Affairs Associate (Digital Health & AI Technologies),https://jobs.ashbyhq.com/whoop/095b4e78-f89d-403c-92f3-f034f41f49ec,0,,,2026-09-18
2026-09-11,WHOOP,09c99198-208e-476c-9bb1-bd01e67089d9,Director of Product Security,https://jobs.ashbyhq.com/whoop/09c99198-208e-476c-9bb1-bd01e67089d9,0,,,2026-09-18
2026-09-11,WHOOP,0a27d2e6-8782-4a5c-999a-b9426ed6eb07,FP&A Manager,https://jobs.ashbyhq.com/whoop/0a27d2e6-8782-4a5c-999a-b9426ed6eb07,0,,,2026-09-18
2026-09-11,WHOOP,0bf23260-0d41-4d85-8c38-e9227934ef73,"Senior Researcher, WHOOP Labs Doha",https://jobs.ashbyhq.com/whoop/0bf23260-0d41-4d85-8c38-e9227934ef73,0,,,2026-09-18
2026-09-11,WHOOP,0ea28cc0-86e6-42c1-bf3d-11224bef988c,"Senior Software Engineer (Backend, Business Systems)",https://jobs.ashbyhq.com/whoop/0ea28cc0-86e6-42c1-bf3d-11224bef988c,0,,,2026-09-18
2026-09-11,WHOOP,0f08d1eb-b81d-4157-9416-62f0baaae857,Tax Analyst,https://jobs.ashbyhq.com/whoop/0f08d1eb-b81d-4157-9416-62f0baaae857,26,,,2026-09-18
2026-09-11,WHOOP,0fc0cccb-e5fb-4c7d-9a4a-692bc89ffff7,"Senior Technical Program Manager, Core Algorithm ",https://jobs.ashbyhq.com/whoop/0fc0cccb-e5fb-4c7d-9a4a-692bc89ffff7,0,,,2026-09-18
2026-09-11,WHOOP,18e5c1fa-6362-42ac-b4d3-d418727ff4ab,"Senior Product Designer, Ecommerce & Web Experiences (Growth)",https://jobs.ashbyhq.com/whoop/18e5c1fa-6362-42ac-b4d3-d418727ff4ab,0,,,2026-09-18
2026-09-11,WHOOP,1d91eddc-80e1-45c9-9dc7-f2c5638e6645,"Director, Data Governance",https://jobs.ashbyhq.com/whoop/1d91eddc-80e1-45c9-9dc7-f2c5638e6645,0,,,2026-09-18
2026-09-11,WHOOP,1e2efa4f-65cd-4ff4-a2ed-ff390c9fc14a,Hardware Lab Manager ,https://jobs.ashbyhq.com/whoop/1e2efa4f-65cd-4ff4-a2ed-ff390c9fc14a,0,,,2026-09-18
2026-09-11,WHOOP,1f132c91-c960-4d5d-9c9a-fc6d85fe0ed2,"Software Engineer II (Backend, Business Systems)",https://jobs.ashbyhq.com/whoop/1f132c91-c960-4d5d-9c9a-fc6d85fe0ed2,0,,,2026-09-18
2026-09-11,WHOOP,1f206734-8f96-4622-840a-5e81c8bce266,Mechanical Engineer I,https://jobs.ashbyhq.com/whoop/1f206734-8f96-4622-840a-5e81c8bce266,15,,,2026-09-18
2026-09-11,WHOOP,2031ce3b-3d46-45ee-b371-937b3aa7ef6e,"Corporate Counsel, Commercial",https://jobs.ashbyhq.com/whoop/2031ce3b-3d46-45ee-b371-937b3aa7ef6e,11,,,2026-09-18
2026-09-11,WHOOP,2049dfd4-4df9-4aa5-a18c-91f66be424e6,Senior Business Systems Analyst,https://jobs.ashbyhq.com/whoop/2049dfd4-4df9-4aa5-a18c-91f66be424e6,0,,,2026-09-18
2026-09-11,WHOOP,211e1d59-ffdf-4711-b035-756f04816bcc,"Staff Android Engineer, Connectivity ",https://jobs.ashbyhq.com/whoop/211e1d59-ffdf-4711-b035-756f04816bcc,0,,,2026-09-18
2026-09-11,WHOOP,22f030b0-0354-4ed5-9e26-1b565d1d72e6,Business Analytics Manager (Operations),https://jobs.ashbyhq.com/whoop/22f030b0-0354-4ed5-9e26-1b565d1d72e6,0,,,2026-09-18
2026-09-11,WHOOP,2551ceb0-22bf-43bc-b100-7bf6545cbda3,Sensor Intelligence Engineer II (Advanced Development),https://jobs.ashbyhq.com/whoop/2551ceb0-22bf-43bc-b100-7bf6545cbda3,0,,,2026-09-18
2026-09-11,WHOOP,2910a5f6-fb5e-4fe6-bb9a-24d6995d8173,Android Engineer I,https://jobs.ashbyhq.com/whoop/2910a5f6-fb5e-4fe6-bb9a-24d6995d8173,25,,,2026-09-18
2026-09-11,WHOOP,29931bc1-508f-4b41-ad6a-aab97e4d8958,"Software Engineer II (Fullstack, Business Systems)",https://jobs.ashbyhq.com/whoop/29931bc1-508f-4b41-ad6a-aab97e4d8958,0,,,2026-09-18
2026-09-11,WHOOP,2a713caf-582d-4592-8ac2-0b24d95e3d80,Software Engineering Manager (Core),https://jobs.ashbyhq.com/whoop/2a713caf-582d-4592-8ac2-0b24d95e3d80,0,,,2026-09-18
2026-09-11,WHOOP,2b0c17c7-e510-4ce2-a809-847172eb0cba,"Quality Systems Specialist I, Digital Health",https://jobs.ashbyhq.com/whoop/2b0c17c7-e510-4ce2-a809-847172eb0cba,15,,,2026-09-18
2026-09-11,WHOOP,2b0de131-dd0c-44b1-a3f5-61b6670c24c6,"Lead, Lifecycle Marketing Automation",https://jobs.ashbyhq.com/whoop/2b0de131-dd0c-44b1-a3f5-61b6670c24c6,0,,,2026-09-18
2026-09-11,WHOOP,2e5d5377-f7c1-4974-83ee-1a0dfe7dca23,"Senior Machine Learning Research Engineer (Deep Learning, Sensor Intelligence Group)",https://jobs.ashbyhq.com/whoop/2e5d5377-f7c1-4974-83ee-1a0dfe7dca23,0,,,2026-09-18
2026-09-11,WHOOP,2f0f7250-a2ca-4062-b8e5-57f3e3b8e955,"Senior Machine Learning Engineer, AI Platform",https://jobs.ashbyhq.com/whoop/2f0f7250-a2ca-4062-b8e5-57f3e3b8e955,0,,,2026-09-18
2026-09-11,WHOOP,3019d597-d17d-4024-9b16-2018e08fd584,"Senior Manager, Analytics Engineering",https://jobs.ashbyhq.com/whoop/3019d597-d17d-4024-9b16-2018e08fd584,0,,,2026-09-18
2026-09-11,WHOOP,352e9ee9-b52a-4965-b00f-63aff54c2cbd,"Software Engineer II (Backend, Growth)",https://jobs.ashbyhq.com/whoop/352e9ee9-b52a-4965-b00f-63aff54c2cbd,0,,,2026-09-18
2026-09-11,WHOOP,35c239db-539f-4c5e-bf80-765cd55a6930,"Associate Director, Machine Learning (Core Algorithms)",https://jobs.ashbyhq.com/whoop/35c239db-539f-4c5e-bf80-765cd55a6930,0,,,2026-09-18
2026-09-11,WHOOP,38c278dc-880f-4a3d-8474-b02fd1f35283,CMF Designer II (Accessories & Apparel),https://jobs.ashbyhq.com/whoop/38c278dc-880f-4a3d-8474-b02fd1f35283,15,,,2026-09-18
2026-09-11,WHOOP,3a47f569-d909-4cd5-b10f-78e39ef78351,"Senior Product Manager, Healthcare",https://jobs.ashbyhq.com/whoop/3a47f569-d909-4cd5-b10f-78e39ef78351,0,,,2026-09-18
2026-09-11,WHOOP,3b6827ad-945c-46be-b920-897de9cc85ba,Staff Accountant,https://jobs.ashbyhq.com/whoop/3b6827ad-945c-46be-b920-897de9cc85ba,0,,,2026-09-18
2026-09-11,WHOOP,412ef632-7883-4100-bb3c-501accf1fcf0,Product Analyst,https://jobs.ashbyhq.com/whoop/412ef632-7883-4100-bb3c-501accf1fcf0,26,,,2026-09-18
2026-09-11,WHOOP,44d30617-dc38-422e-af2f-50a6ed013d84,"Retail Associate, WHOOP Qatar",https://jobs.ashbyhq.com/whoop/44d30617-dc38-422e-af2f-50a6ed013d84,36,,,2026-09-18
2026-09-11,WHOOP,45dafa9c-82cf-49a3-951f-fde5f5c8678e,Senior iOS Engineer (Healthcare),https://jobs.ashbyhq.com/whoop/45dafa9c-82cf-49a3-951f-fde5f5c8678e,0,,,2026-09-18
2026-09-11,WHOOP,4744e033-5c79-462c-adde-847becca5391,Business Analyst II (Lifecycle Marketing),https://jobs.ashbyhq.com/whoop/4744e033-5c79-462c-adde-847becca5391,0,,,2026-09-18
2026-09-11,WHOOP,491019e1-b389-4662-ab31-f86a2fc1d582,"Director, Clinical Science",https://jobs.ashbyhq.com/whoop/491019e1-b389-4662-ab31-f86a2fc1d582,0,,,2026-09-18
2026-09-11,WHOOP,4a68abfa-23df-46d1-b9e1-8d53b6970e8a,"Senior Mechanical Engineer, Packaging",https://jobs.ashbyhq.com/whoop/4a68abfa-23df-46d1-b9e1-8d53b6970e8a,0,,,2026-09-18
2026-09-11,WHOOP,4a84841a-5aa0-4590-b556-df0436567e4b,Mechanical Engineer II (Continuous Improvement),https://jobs.ashbyhq.com/whoop/4a84841a-5aa0-4590-b556-df0436567e4b,0,,,2026-09-18
2026-09-11,WHOOP,4bbe90e5-b53c-433c-aa0c-cac2660f4967,Senior Embedded Engineering Program Manager,https://jobs.ashbyhq.com/whoop/4bbe90e5-b53c-433c-aa0c-cac2660f4967,0,,,2026-09-18
2026-09-11,WHOOP,4c6fdf00-2547-45d9-b8b4-6ba23ef4c2ef,Staff Electrical Engineering Lead,https://jobs.ashbyhq.com/whoop/4c6fdf00-2547-45d9-b8b4-6ba23ef4c2ef,0,,,2026-09-18
2026-09-11,WHOOP,4e0eaeb9-63ab-4257-a852-9bd6ea35cdeb,"Director, Clinical Research Operations",https://jobs.ashbyhq.com/whoop/4e0eaeb9-63ab-4257-a852-9bd6ea35cdeb,0,,,2026-09-18
2026-09-11,WHOOP,50344c88-7b98-4c67-bb9d-44707d099593,Senior Mechanical Engineer (Continuous Improvement),https://jobs.ashbyhq.com/whoop/50344c88-7b98-4c67-bb9d-44707d099593,0,,,2026-09-18
2026-09-11,WHOOP,50cd8a5d-e93c-41a1-a65f-3b535320e63c,Staff Hardware Test Engineer (Manufacturing),https://jobs.ashbyhq.com/whoop/50cd8a5d-e93c-41a1-a65f-3b535320e63c,0,,,2026-09-18
2026-09-11,WHOOP,5502fb12-e948-4f62-8db6-b725fb3dc8e5,"Senior Machine Learning Engineer, Core Algorithms",https://jobs.ashbyhq.com/whoop/5502fb12-e948-4f62-8db6-b725fb3dc8e5,0,,,2026-09-18
2026-09-11,WHOOP,5926d7a7-cf4b-491f-9cce-859f4da48ace,"Software Engineering Manager, Growth",https://jobs.ashbyhq.com/whoop/5926d7a7-cf4b-491f-9cce-859f4da48ace,0,,,2026-09-18
2026-09-11,WHOOP,5a8aa306-a578-4819-b046-17abf5cbf50e,Embedded QA Engineering Manager (Hardware Accelerate),https://jobs.ashbyhq.com/whoop/5a8aa306-a578-4819-b046-17abf5cbf50e,0,,,2026-09-18
2026-09-11,WHOOP,5b653a47-3ac1-4209-9cef-9838409bb8ed,Senior iOS Engineer (Core),https://jobs.ashbyhq.com/whoop/5b653a47-3ac1-4209-9cef-9838409bb8ed,0,,,2026-09-18
2026-09-11,WHOOP,5eea9a31-1ed0-45c0-84bb-6af8d4de9d43,"Director, Healthcare Product Partnerships",https://jobs.ashbyhq.com/whoop/5eea9a31-1ed0-45c0-84bb-6af8d4de9d43,0,,,2026-09-18
2026-09-11,WHOOP,5f5e2582-d25a-4d98-bfe0-422f165b22d8,"Senior Manager: Governance, Risk, & Compliance (GRC)",https://jobs.ashbyhq.com/whoop/5f5e2582-d25a-4d98-bfe0-422f165b22d8,0,,,2026-09-18
2026-09-11,WHOOP,6270d877-f535-43c1-b77c-2fcdabceedde,"Sr. Research Manager, Design Research",https://jobs.ashbyhq.com/whoop/6270d877-f535-43c1-b77c-2fcdabceedde,0,,,2026-09-18
2026-09-11,WHOOP,654d77d2-b90b-4fe9-9b81-f303f4b363ad,Senior Financial Analyst,https://jobs.ashbyhq.com/whoop/654d77d2-b90b-4fe9-9b81-f303f4b363ad,0,,,2026-09-18
2026-09-11,WHOOP,676afb9d-abad-43c6-b894-6dc72ec7bf92,"Senior Product Manager, AI",https://jobs.ashbyhq.com/whoop/676afb9d-abad-43c6-b894-6dc72ec7bf92,0,,,2026-09-18
2026-09-11,WHOOP,6aeed425-b30b-48ed-ae2b-e2df08691343,"Associate Director, Development Research",https://jobs.ashbyhq.com/whoop/6aeed425-b30b-48ed-ae2b-e2df08691343,0,,,2026-09-18
2026-09-11,WHOOP,6b905765-7627-4275-8f28-53aa65fa3993,"Senior Lead, Product Marketing - Accessories & Apparel",https://jobs.ashbyhq.com/whoop/6b905765-7627-4275-8f28-53aa65fa3993,0,,,2026-09-18
2026-09-11,WHOOP,6baa0220-a2e8-4830-9a36-91ceedae81d5,"Senior Product Designer, AI & Emerging Technology Focus",https://jobs.ashbyhq.com/whoop/6baa0220-a2e8-4830-9a36-91ceedae81d5,0,,,2026-09-18
2026-09-11,WHOOP,6c7e509c-8fc1-4560-bc1c-5c584eeb6361,"Manager, Creative Operations",https://jobs.ashbyhq.com/whoop/6c7e509c-8fc1-4560-bc1c-5c584eeb6361,0,,,2026-09-18
2026-09-11,WHOOP,6d604f42-a0d1-4112-9e81-71899032e102,Mechanical Engineer II (NPI),https://jobs.ashbyhq.com/whoop/6d604f42-a0d1-4112-9e81-71899032e102,0,,,2026-09-18
2026-09-11,WHOOP,6e14e2bb-2af3-4d4e-8e24-4d645c3e650a,Program Manager (Product),https://jobs.ashbyhq.com/whoop/6e14e2bb-2af3-4d4e-8e24-4d645c3e650a,0,,,2026-09-18
2026-09-11,WHOOP,6e4a2193-a5f9-43e2-8ce0-95ed984e6896,Android Engineer II (Client Platform),https://jobs.ashbyhq.com/whoop/6e4a2193-a5f9-43e2-8ce0-95ed984e6896,0,,,2026-09-18
2026-09-11,WHOOP,6eafa108-3d11-4e88-8404-6be1cabbd35f,"Manager, Marketplaces - India",https://jobs.ashbyhq.com/whoop/6eafa108-3d11-4e88-8404-6be1cabbd35f,0,,,2026-09-18
2026-09-11,WHOOP,6fda5000-e802-48d3-9f2c-773fa126f390,Senior Business Analyst (Platform),https://jobs.ashbyhq.com/whoop/6fda5000-e802-48d3-9f2c-773fa126f390,0,,,2026-09-18
2026-09-11,WHOOP,6ff48096-d1bd-48cb-8100-4ebe078719f6,"Senior Software Engineer (Backend, Core)",https://jobs.ashbyhq.com/whoop/6ff48096-d1bd-48cb-8100-4ebe078719f6,0,,,2026-09-18
2026-09-11,WHOOP,727a9e67-4ebe-4a97-9291-e7b3e29d9bf6,Security Architect ,https://jobs.ashbyhq.com/whoop/727a9e67-4ebe-4a97-9291-e7b3e29d9bf6,48,,,2026-09-18
2026-09-11,WHOOP,737cc893-ae5f-466a-93d8-fa30c231e33a,"Manager, Performance Marketing",https://jobs.ashbyhq.com/whoop/737cc893-ae5f-466a-93d8-fa30c231e33a,0,,,2026-09-18
2026-09-11,WHOOP,740e9fac-287c-465c-937c-f6af215c3151,"Vice President, Hardware Quality",https://jobs.ashbyhq.com/whoop/740e9fac-287c-465c-937c-f6af215c3151,0,,,2026-09-18
2026-09-11,WHOOP,75508f1e-4218-4ea9-839b-e604bf490321,Director of Health Economics & Outcomes Research (HEOR),https://jobs.ashbyhq.com/whoop/75508f1e-4218-4ea9-839b-e604bf490321,0,,,2026-09-18
2026-09-11,WHOOP,769292d8-6a5a-4221-a8a1-cf7dda524356,Senior Technical Program Manager (NPI),https://jobs.ashbyhq.com/whoop/769292d8-6a5a-4221-a8a1-cf7dda524356,0,,,2026-09-18
2026-09-11,WHOOP,79fdf147-0d79-4ca1-8ce6-374df98179e3,"Manager, Governance Risk & Compliance (GRC)",https://jobs.ashbyhq.com/whoop/79fdf147-0d79-4ca1-8ce6-374df98179e3,0,,,2026-09-18
2026-09-11,WHOOP,7c5a6eb3-1e2b-486c-9f52-f7ba4321b570,"Senior Manufacturing Engineer, Tech Lead",https://jobs.ashbyhq.com/whoop/7c5a6eb3-1e2b-486c-9f52-f7ba4321b570,0,,,2026-09-18
2026-09-11,WHOOP,7cae97f2-075f-480a-9c4a-842554a84eb8,"Staff Research Scientist, Performance Science & Health Outcomes",https://jobs.ashbyhq.com/whoop/7cae97f2-075f-480a-9c4a-842554a84eb8,0,,,2026-09-18
2026-09-11,WHOOP,7ec610fd-7d24-42da-acfc-728d983a57b3,Senior Business Analyst (Growth Marketing),https://jobs.ashbyhq.com/whoop/7ec610fd-7d24-42da-acfc-728d983a57b3,0,,,2026-09-18
2026-09-11,WHOOP,7fa9c4a6-f608-4123-b806-8f486b51807d,"Director, Security Engineering & Operations",https://jobs.ashbyhq.com/whoop/7fa9c4a6-f608-4123-b806-8f486b51807d,0,,,2026-09-18
2026-09-11,WHOOP,843b8165-0014-4eed-8595-21a1c7571e44,"Technical Lead, ML Operations",https://jobs.ashbyhq.com/whoop/843b8165-0014-4eed-8595-21a1c7571e44,0,,,2026-09-18
2026-09-11,WHOOP,848a7e51-d063-4a91-bcc4-72df7f51013c,Senior Business Systems Analyst (Membership Services),https://jobs.ashbyhq.com/whoop/848a7e51-d063-4a91-bcc4-72df7f51013c,0,,,2026-09-18
2026-09-11,WHOOP,8535e238-8a44-43b7-ba9c-ebdcc6f22d83,"Director of Development, Accessories & Apparel",https://jobs.ashbyhq.com/whoop/8535e238-8a44-43b7-ba9c-ebdcc6f22d83,0,,,2026-09-18
2026-09-11,WHOOP,858e3f61-c4f4-401c-a2c9-5bb0847c8a1d,Learning Operations & Delivery Specialist ,https://jobs.ashbyhq.com/whoop/858e3f61-c4f4-401c-a2c9-5bb0847c8a1d,0,,,2026-09-18
2026-09-11,WHOOP,85da87ff-c1a6-4fcd-8c7c-162e57b18281,Senior AI/ML Researcher (Foundation AI),https://jobs.ashbyhq.com/whoop/85da87ff-c1a6-4fcd-8c7c-162e57b18281,0,,,2026-09-18
2026-09-11,WHOOP,865b449c-304b-449b-bb92-8747da8bb797,"Day Shift - Membership Services Representative (Limerick, Ireland)",https://jobs.ashbyhq.com/whoop/865b449c-304b-449b-bb92-8747da8bb797,26,,,2026-09-18
2026-09-11,WHOOP,89493b3d-6a50-441c-aead-1d247cadd841,Senior Product Manager (Platform),https://jobs.ashbyhq.com/whoop/89493b3d-6a50-441c-aead-1d247cadd841,0,,,2026-09-18
2026-09-11,WHOOP,8cd2eba0-68f0-4998-bcb0-609b765df9ad,"Software Engineer II (Backend, Platform)",https://jobs.ashbyhq.com/whoop/8cd2eba0-68f0-4998-bcb0-609b765df9ad,0,,,2026-09-18
2026-09-11,WHOOP,91b87fbb-471e-4325-8d39-245bb2844c83,"VP, Total Rewards",https://jobs.ashbyhq.com/whoop/91b87fbb-471e-4325-8d39-245bb2844c83,0,,,2026-09-18
2026-09-11,WHOOP,957325d0-efac-4f74-91cd-7102a70b9cb1,Wholesale Operations Analyst,https://jobs.ashbyhq.com/whoop/957325d0-efac-4f74-91cd-7102a70b9cb1,15,,,2026-09-18
2026-09-11,WHOOP,97fdb239-1cf3-47de-906a-96fddd2f361f,Platform Engineer II (Application Infrastructure),https://jobs.ashbyhq.com/whoop/97fdb239-1cf3-47de-906a-96fddd2f361f,0,,,2026-09-18
2026-09-11,WHOOP,99243af1-0913-4a35-8a40-022d22b70e76,Senior NPI Quality Engineer (Hardware),https://jobs.ashbyhq.com/whoop/99243af1-0913-4a35-8a40-022d22b70e76,0,,,2026-09-18
2026-09-11,WHOOP,9a2066ed-3d09-44c9-b8c5-4ad8a7b2eef6,"Senior Product Manager, Growth - Retention",https://jobs.ashbyhq.com/whoop/9a2066ed-3d09-44c9-b8c5-4ad8a7b2eef6,0,,,2026-09-18
2026-09-11,WHOOP,9d2e1771-9429-4df4-a6c7-b407f88c381f,Staff iOS Engineer (Connectivity),https://jobs.ashbyhq.com/whoop/9d2e1771-9429-4df4-a6c7-b407f88c381f,0,,,2026-09-18
2026-09-11,WHOOP,9d848277-b24a-47ad-9a4d-b0ad024706e2,"Senior Lead, DTC Commercial Planning & Strategy",https://jobs.ashbyhq.com/whoop/9d848277-b24a-47ad-9a4d-b0ad024706e2,0,,,2026-09-18
2026-09-11,WHOOP,9da0e8f1-9337-4544-af84-4978ca219624,"Software Engineer II (Full Stack, Platform)",https://jobs.ashbyhq.com/whoop/9da0e8f1-9337-4544-af84-4978ca219624,0,,,2026-09-18
2026-09-11,WHOOP,9f32d3da-7887-4598-b26e-62acdd87993e,Temporary Clinical Research Associate,https://jobs.ashbyhq.com/whoop/9f32d3da-7887-4598-b26e-62acdd87993e,25,,,2026-09-18
2026-09-11,WHOOP,a3053677-87a4-4f1b-acda-5856684a1fe6,"Director, Enablement- Membership Services",https://jobs.ashbyhq.com/whoop/a3053677-87a4-4f1b-acda-5856684a1fe6,0,,,2026-09-18
2026-09-11,WHOOP,a4b13049-4c09-43bc-b907-87f326c4de32,"Business Analytics Senior Manager (Product, Core)",https://jobs.ashbyhq.com/whoop/a4b13049-4c09-43bc-b907-87f326c4de32,0,,,2026-09-18
2026-09-11,WHOOP,a4bb6ad7-ea0c-4a2e-8f68-83c3510c9a8b,Temporary Clinical Research Coordinator,https://jobs.ashbyhq.com/whoop/a4bb6ad7-ea0c-4a2e-8f68-83c3510c9a8b,15,,,2026-09-18
2026-09-11,WHOOP,a78d74bf-35c7-4a66-8ec8-b1b7c35ce840,"Senior Platform Engineer (Kubernetes, Application Infrastructure)",https://jobs.ashbyhq.com/whoop/a78d74bf-35c7-4a66-8ec8-b1b7c35ce840,0,,,2026-09-18
2026-09-11,WHOOP,a7a80da5-5fa5-44fb-8a7c-2ea141cabda8,"Software Engineer II (Backend, AI Experiences & AI Platform)",https://jobs.ashbyhq.com/whoop/a7a80da5-5fa5-44fb-8a7c-2ea141cabda8,0,,,2026-09-18
2026-09-11,WHOOP,aa8e6df7-891f-4857-8971-13511fa33e5a,Senior User Experience Researcher,https://jobs.ashbyhq.com/whoop/aa8e6df7-891f-4857-8971-13511fa33e5a,0,,,2026-09-18
2026-09-11,WHOOP,ad53ed15-0fde-449f-95d0-ee4bf3a5fd3b,UK/IE Senior Sales Manager,https://jobs.ashbyhq.com/whoop/ad53ed15-0fde-449f-95d0-ee4bf3a5fd3b,0,,,2026-09-18
2026-09-11,WHOOP,afc36da4-b595-43b5-9d7f-832a705975fe,Staff Systems Engineer,https://jobs.ashbyhq.com/whoop/afc36da4-b595-43b5-9d7f-832a705975fe,0,,,2026-09-18
2026-09-11,WHOOP,b00d3789-60e4-4a26-af1c-0345188d5ec5,Senior Platform Engineer (AI DevEx),https://jobs.ashbyhq.com/whoop/b00d3789-60e4-4a26-af1c-0345188d5ec5,0,,,2026-09-18
2026-09-11,WHOOP,b4438111-572f-48d1-b6d2-aa42abfe20bb,"Senior Software Engineer (Fullstack, AI Platform)",https://jobs.ashbyhq.com/whoop/b4438111-572f-48d1-b6d2-aa42abfe20bb,0,,,2026-09-18
2026-09-11,WHOOP,b6723145-9e54-4230-a5d5-ef6607590b33,Security Project Manager,https://jobs.ashbyhq.com/whoop/b6723145-9e54-4230-a5d5-ef6607590b33,0,,,2026-09-18
2026-09-11,WHOOP,b9dc032d-3fd9-4da4-ba2d-175d17bfaf80,"Software Engineer II (Frontend, AI Platform)",https://jobs.ashbyhq.com/whoop/b9dc032d-3fd9-4da4-ba2d-175d17bfaf80,0,,,2026-09-18
2026-09-11,WHOOP,ba9af18a-424b-4744-b73f-d56fbe9b2791,"Software Engineer II (Backend, Health Records)",https://jobs.ashbyhq.com/whoop/ba9af18a-424b-4744-b73f-d56fbe9b2791,0,,,2026-09-18
2026-09-11,WHOOP,bad22437-eb14-4aa9-bbf8-8ce0f0b63c85,Senior Data Product Engineer,https://jobs.ashbyhq.com/whoop/bad22437-eb14-4aa9-bbf8-8ce0f0b63c85,0,,,2026-09-18
2026-09-11,WHOOP,bcd8aae7-5bb2-476e-bbd2-3c2ca71d1513,"Senior Manager, Field Quality",https://jobs.ashbyhq.com/whoop/bcd8aae7-5bb2-476e-bbd2-3c2ca71d1513,0,,,2026-09-18
2026-09-11,WHOOP,c33100f1-b972-4a95-80a9-d1d03f48419d,Software Engineering Manager (Client Platform),https://jobs.ashbyhq.com/whoop/c33100f1-b972-4a95-80a9-d1d03f48419d,0,,,2026-09-18
2026-09-11,WHOOP,c37f284e-a357-451b-88df-c40797623bf2,"Senior Product Manager, Longevity",https://jobs.ashbyhq.com/whoop/c37f284e-a357-451b-88df-c40797623bf2,0,,,2026-09-18
2026-09-11,WHOOP,c3a6510a-e680-4535-9391-adc8d42cf727,Android Engineer II  (Healthcare),https://jobs.ashbyhq.com/whoop/c3a6510a-e680-4535-9391-adc8d42cf727,0,,,2026-09-18
2026-09-11,WHOOP,c433e1c6-d777-4d95-a585-709151b6e81c,Software Engineering Manager (AI Quality),https://jobs.ashbyhq.com/whoop/c433e1c6-d777-4d95-a585-709151b6e81c,0,,,2026-09-18
2026-09-11,WHOOP,c46c1edb-3130-4182-a45f-2e753f420809,Operations Program Manager,https://jobs.ashbyhq.com/whoop/c46c1edb-3130-4182-a45f-2e753f420809,0,,,2026-09-18
2026-09-11,WHOOP,c693f2bc-822c-4a1a-b46a-4b99a40acd01,Senior Data Engineer,https://jobs.ashbyhq.com/whoop/c693f2bc-822c-4a1a-b46a-4b99a40acd01,0,,,2026-09-18
2026-09-11,WHOOP,c74105e1-1cea-491f-a69c-94c7f3086682,"Director, Product Quality (Hardware)",https://jobs.ashbyhq.com/whoop/c74105e1-1cea-491f-a69c-94c7f3086682,0,,,2026-09-18
2026-09-11,WHOOP,cdf31e5e-d62a-4a20-9e11-2675ce645d5d,"Software Engineer II (Backend, Core)",https://jobs.ashbyhq.com/whoop/cdf31e5e-d62a-4a20-9e11-2675ce645d5d,0,,,2026-09-18
2026-09-11,WHOOP,ceb3148b-7cf8-4650-be86-858ae79d6451,"Manager, Immigration & Global Mobility",https://jobs.ashbyhq.com/whoop/ceb3148b-7cf8-4650-be86-858ae79d6451,0,,,2026-09-18
2026-09-11,WHOOP,cecd9b67-198f-436a-83a1-b801bd85c24f,"Sports and Talent Marketing, Senior Specialist",https://jobs.ashbyhq.com/whoop/cecd9b67-198f-436a-83a1-b801bd85c24f,0,,,2026-09-18
2026-09-11,WHOOP,cf0ba192-b6b9-4b65-a5b0-f0b4f767dbd9,Executive Assistant,https://jobs.ashbyhq.com/whoop/cf0ba192-b6b9-4b65-a5b0-f0b4f767dbd9,0,,,2026-09-18
2026-09-11,WHOOP,cf4f10c0-cbb5-4b77-9f2d-00bde84d804a,Senior Clinical Scientist,https://jobs.ashbyhq.com/whoop/cf4f10c0-cbb5-4b77-9f2d-00bde84d804a,0,,,2026-09-18
2026-09-11,WHOOP,d0134a87-ea23-48d7-8c7e-2741fb211a2f,Senior GRC Analyst,https://jobs.ashbyhq.com/whoop/d0134a87-ea23-48d7-8c7e-2741fb211a2f,0,,,2026-09-18
2026-09-11,WHOOP,d14ac01e-5274-43da-b41d-19fe6ac0f588,Security Detection Engineer,https://jobs.ashbyhq.com/whoop/d14ac01e-5274-43da-b41d-19fe6ac0f588,48,,,2026-09-18
2026-09-11,WHOOP,d20f3868-66e9-42e0-819e-4de6fc2b523b,"Retail Lead, WHOOP Qatar",https://jobs.ashbyhq.com/whoop/d20f3868-66e9-42e0-819e-4de6fc2b523b,0,,,2026-09-18
2026-09-11,WHOOP,d74b7719-b05f-4c76-9042-7079a837d794,"NPI Hardware Quality Engineer, Accessories",https://jobs.ashbyhq.com/whoop/d74b7719-b05f-4c76-9042-7079a837d794,0,,,2026-09-18
2026-09-11,WHOOP,d7986c1c-75bb-486f-a829-12d4f8c2f139,Director of Hardware Product Compliance,https://jobs.ashbyhq.com/whoop/d7986c1c-75bb-486f-a829-12d4f8c2f139,0,,,2026-09-18
2026-09-11,WHOOP,d7ea90fb-e9f3-4540-ae27-e5df37a65677,"Senior Lead, Advanced Design (Accessories & Apparel)",https://jobs.ashbyhq.com/whoop/d7ea90fb-e9f3-4540-ae27-e5df37a65677,0,,,2026-09-18
2026-09-11,WHOOP,db7c00a1-d705-4519-ac2f-5ddd0043b4fb,Senior Business Operations Manager,https://jobs.ashbyhq.com/whoop/db7c00a1-d705-4519-ac2f-5ddd0043b4fb,0,,,2026-09-18
2026-09-11,WHOOP,dc4606a5-b412-4943-acdb-7333b05c8ffe,"Systems Engineer, Endpoint",https://jobs.ashbyhq.com/whoop/dc4606a5-b412-4943-acdb-7333b05c8ffe,26,,,2026-09-18
2026-09-11,WHOOP,dd741034-2228-47fe-877f-b03542b3a537,"Software Engineer II (Fullstack, Health)",https://jobs.ashbyhq.com/whoop/dd741034-2228-47fe-877f-b03542b3a537,0,,,2026-09-18
2026-09-11,WHOOP,ddeaeb3b-1b0a-440e-aa93-93d5cfd84152,"Director of Product Management, Hardware",https://jobs.ashbyhq.com/whoop/ddeaeb3b-1b0a-440e-aa93-93d5cfd84152,0,,,2026-09-18
2026-09-11,WHOOP,de36ae13-cbfc-4589-a96f-92f57d187826,"Senior Manager, Performance Marketing",https://jobs.ashbyhq.com/whoop/de36ae13-cbfc-4589-a96f-92f57d187826,0,,,2026-09-18
2026-09-11,WHOOP,e173b334-ceae-42e6-a44b-8f8ad4a66909,"Senior Project Specialist, Retail Design",https://jobs.ashbyhq.com/whoop/e173b334-ceae-42e6-a44b-8f8ad4a66909,0,,,2026-09-18
2026-09-11,WHOOP,e7e0a30b-358c-4f65-ab40-2fc10245e963,Hardware Engineering Project Manager II,https://jobs.ashbyhq.com/whoop/e7e0a30b-358c-4f65-ab40-2fc10245e963,0,,,2026-09-18
2026-09-11,WHOOP,e8d34bba-c332-4af3-9f1c-ac3725234da4,"Overnight Shift - Membership Services Representative (Limerick, Ireland)",https://jobs.ashbyhq.com/whoop/e8d34bba-c332-4af3-9f1c-ac3725234da4,26,,,2026-09-18
2026-09-11,WHOOP,e90f2452-ed99-4f5a-8a45-05fdb3c58578,"Senior Product Manager, Sensing",https://jobs.ashbyhq.com/whoop/e90f2452-ed99-4f5a-8a45-05fdb3c58578,0,,,2026-09-18
2026-09-11,WHOOP,e9c9fa1f-4711-4fa0-876a-eb9787ab77cf,Business Analyst I (Growth Marketing),https://jobs.ashbyhq.com/whoop/e9c9fa1f-4711-4fa0-876a-eb9787ab77cf,48,,,2026-09-18
2026-09-11,WHOOP,ea36b472-fdd6-4586-b8b0-98e6454d63f7,"Senior Program Manager, SaMD",https://jobs.ashbyhq.com/whoop/ea36b472-fdd6-4586-b8b0-98e6454d63f7,0,,,2026-09-18
2026-09-11,WHOOP,ec23b9fe-69d5-4398-9c15-80e35f7ac40a,Incident Response Lead,https://jobs.ashbyhq.com/whoop/ec23b9fe-69d5-4398-9c15-80e35f7ac40a,0,,,2026-09-18
2026-09-11,WHOOP,ed1f426c-a2d4-4a34-a3f0-5e881f1a1442,"Product Manager II, Growth - Monetization",https://jobs.ashbyhq.com/whoop/ed1f426c-a2d4-4a34-a3f0-5e881f1a1442,0,,,2026-09-18
2026-09-11,WHOOP,ee7965aa-79c3-4fe5-9db1-52b7dc1308e7,"Software Engineer II (Full Stack, Growth)",https://jobs.ashbyhq.com/whoop/ee7965aa-79c3-4fe5-9db1-52b7dc1308e7,0,,,2026-09-18
2026-09-11,WHOOP,eefc60a9-fec8-4df6-bd4b-5b75bf57e04c,Principal AI/ML Researcher,https://jobs.ashbyhq.com/whoop/eefc60a9-fec8-4df6-bd4b-5b75bf57e04c,0,,,2026-09-18
2026-09-11,WHOOP,efbc3b60-edd4-4868-a443-f66c0173bc3b,AI Risk & Compliance Analyst,https://jobs.ashbyhq.com/whoop/efbc3b60-edd4-4868-a443-f66c0173bc3b,26,,,2026-09-18
2026-09-11,WHOOP,f0fc3e9a-76d9-4778-a2cd-937f3cdebe90,"Director, Technical Recruiting",https://jobs.ashbyhq.com/whoop/f0fc3e9a-76d9-4778-a2cd-937f3cdebe90,0,,,2026-09-18
2026-09-11,WHOOP,f28f3b24-3b28-45d1-8c49-fb90e02f9e9d,Software Engineering Manager (Health Records),https://jobs.ashbyhq.com/whoop/f28f3b24-3b28-45d1-8c49-fb90e02f9e9d,0,,,2026-09-18
2026-09-11,WHOOP,f4ffbbb2-1cec-43be-818e-dec5a9f5b187,Senior Business Analyst (Brand Marketing),https://jobs.ashbyhq.com/whoop/f4ffbbb2-1cec-43be-818e-dec5a9f5b187,0,,,2026-09-18
2026-09-11,WHOOP,f6abc0bf-5b3a-497c-92f4-c6d4c2daacc9,Staff Clinical Scientist,https://jobs.ashbyhq.com/whoop/f6abc0bf-5b3a-497c-92f4-c6d4c2daacc9,0,,,2026-09-18
2026-09-11,WHOOP,f7947da5-a8f5-4d1f-a2c5-8e5db9656a7a,Senior Systems Engineer,https://jobs.ashbyhq.com/whoop/f7947da5-a8f5-4d1f-a2c5-8e5db9656a7a,0,,,2026-09-18
2026-09-11,WHOOP,f934bb99-3060-4f2a-993b-208162e680a5,"Senior Software Engineer (Backend, Growth)",https://jobs.ashbyhq.com/whoop/f934bb99-3060-4f2a-993b-208162e680a5,0,,,2026-09-18
2026-09-11,WHOOP,f9985943-da11-4cbd-9c44-d2f7e421f65e,iOS Engineer,https://jobs.ashbyhq.com/whoop/f9985943-da11-4cbd-9c44-d2f7e421f65e,37,,,2026-09-18
2026-09-11,WHOOP,f9abccae-df17-4341-b2f7-96af496ca9ad,Senior Technical Program Manager,https://jobs.ashbyhq.com/whoop/f9abccae-df17-4341-b2f7-96af496ca9ad,0,,,2026-09-18
2026-09-11,WHOOP,fb25418a-e973-4a42-8e87-291aafca4fa4,"Research Manager, Distributed Research",https://jobs.ashbyhq.com/whoop/fb25418a-e973-4a42-8e87-291aafca4fa4,0,,,2026-09-18
2026-09-11,WHOOP,fd44f6ba-3177-4e03-8891-ae13c2c1366a,User Experience Researcher II,https://jobs.ashbyhq.com/whoop/fd44f6ba-3177-4e03-8891-ae13c2c1366a,26,,,2026-09-18
2026-09-11,WHOOP,fe9d39c9-7c6f-489b-9b37-937f9f860545,"Senior Software Engineer (Frontend, Growth)",https://jobs.ashbyhq.com/whoop/fe9d39c9-7c6f-489b-9b37-937f9f860545,0,,,2026-09-18
2026-09-11,Workday,/job/Australia-NSW-North-Sydney/Planning-Account-Executive---Customer-Base_JR-0109445,Planning Account Executive - Customer Base,https://workday.wd5.myworkdayjobs.com/Workday/job/Australia-NSW-North-Sydney/Planning-Account-Executive---Customer-Base_JR-0109445,26,,,2026-09-18
2026-09-11,Workday,/job/Australia-NSW-North-Sydney/Senior-Customer-Strategy---Value-Manager_JR-0109685-1,Senior Customer Strategy & Value Manager,https://workday.wd5.myworkdayjobs.com/Workday/job/Australia-NSW-North-Sydney/Senior-Customer-Strategy---Value-Manager_JR-0109685-1,0,,,2026-09-18
2026-09-11,Workday,/job/Australia-NSW-North-Sydney/Specialised-Account-Executive--Workday-Talent-Suite_JR-0109906,Specialised Account Executive- Workday Talent Suite,https://workday.wd5.myworkdayjobs.com/Workday/job/Australia-NSW-North-Sydney/Specialised-Account-Executive--Workday-Talent-Suite_JR-0109906,11,,,2026-09-18
2026-09-11,Workday,/job/Australia-NSW-North-Sydney/Sr-Financials-Functional-Consultant_JR-0106361,Sr Financials Functional Consultant,https://workday.wd5.myworkdayjobs.com/Workday/job/Australia-NSW-North-Sydney/Sr-Financials-Functional-Consultant_JR-0106361,0,,,2026-09-18
2026-09-11,Workday,/job/Australia-NSW-North-Sydney/Sr-Technical-Consultant---Paradox_JR-0109595,Sr Technical Consultant - Paradox,https://workday.wd5.myworkdayjobs.com/Workday/job/Australia-NSW-North-Sydney/Sr-Technical-Consultant---Paradox_JR-0109595,0,,,2026-09-18
2026-09-11,Workday,/job/Australia-NSW-North-Sydney/Sr-Technical-Consultant_JR-0109566,Sr Technical Consultant,https://workday.wd5.myworkdayjobs.com/Workday/job/Australia-NSW-North-Sydney/Sr-Technical-Consultant_JR-0109566,0,,,2026-09-18
2026-09-11,Workday,/job/Australia-VIC-Melbourne/Principal-Consultant---Higher-Education--Workday-Student-Curriculum---Advising-_JR-0109739,Principal Functional Consultant - Higher Education (Workday Student Curriculum & Advising),https://workday.wd5.myworkdayjobs.com/Workday/job/Australia-VIC-Melbourne/Principal-Consultant---Higher-Education--Workday-Student-Curriculum---Advising-_JR-0109739,0,,,2026-09-18
2026-09-11,Workday,/job/Australia-VIC-Melbourne/Principal-Functional-Consultant---Higher-Ed--Workday-Student-Records--Admissions-and-Recruiting-_JR-0109738,"Principal Functional Consultant - Higher Education (Workday Student Records, Admissions and Recruiting)",https://workday.wd5.myworkdayjobs.com/Workday/job/Australia-VIC-Melbourne/Principal-Functional-Consultant---Higher-Ed--Workday-Student-Records--Admissions-and-Recruiting-_JR-0109738,0,,,2026-09-18
2026-09-11,Workday,/job/Australia-VIC-Melbourne/Principal-Functional-Consultant---Higher-Education--Workday-Student-Financials-_JR-0109740,Principal Functional Consultant - Higher Education (Workday Student Financials),https://workday.wd5.myworkdayjobs.com/Workday/job/Australia-VIC-Melbourne/Principal-Functional-Consultant---Higher-Education--Workday-Student-Financials-_JR-0109740,0,,,2026-09-18
2026-09-11,Workday,/job/Australia-VIC-Melbourne/Senior-HCM-Reporting-and-Analytics-Consultant_JR-0109321,Senior HCM Reporting and Analytics Consultant,https://workday.wd5.myworkdayjobs.com/Workday/job/Australia-VIC-Melbourne/Senior-HCM-Reporting-and-Analytics-Consultant_JR-0109321,0,,,2026-09-18
2026-09-11,Workday,/job/Australia-VIC-Melbourne/Senior-Reporting-Consultant---Higher-Education_JR-0109686-1,Senior Reporting Consultant – Higher Education,https://workday.wd5.myworkdayjobs.com/Workday/job/Australia-VIC-Melbourne/Senior-Reporting-Consultant---Higher-Education_JR-0109686-1,0,,,2026-09-18
2026-09-11,Workday,/job/Australia-VIC-Melbourne/Senior-Solution-Consultant---HCM_JR-0108614,Senior Solution Consultant - HCM,https://workday.wd5.myworkdayjobs.com/Workday/job/Australia-VIC-Melbourne/Senior-Solution-Consultant---HCM_JR-0108614,0,,,2026-09-18
2026-09-11,Workday,/job/Australia-VIC-Melbourne/Sr---Engagement-Manager_JR-0109746,Sr / Engagement Manager,https://workday.wd5.myworkdayjobs.com/Workday/job/Australia-VIC-Melbourne/Sr---Engagement-Manager_JR-0109746,0,,,2026-09-18
2026-09-11,Workday,/job/Australia-VIC-Melbourne/Sr-Data-Conversion-Consultant---Higher-Education_JR-0109650,Sr Data Conversion Consultant - Higher Education,https://workday.wd5.myworkdayjobs.com/Workday/job/Australia-VIC-Melbourne/Sr-Data-Conversion-Consultant---Higher-Education_JR-0109650,0,,,2026-09-18
2026-09-11,Workday,/job/Australia-VIC-Melbourne/Sr-HCM-Functional-Consultant---Workday-Success-Plans_JR-0108843,Sr HCM Functional Consultant - Workday Success Plans,https://workday.wd5.myworkdayjobs.com/Workday/job/Australia-VIC-Melbourne/Sr-HCM-Functional-Consultant---Workday-Success-Plans_JR-0108843,0,,,2026-09-18
2026-09-11,Workday,/job/Australia-VIC-Melbourne/Sr-Integration-Consultant---Higher-Education_JR-0109649,Sr Integration Consultant - Higher Education,https://workday.wd5.myworkdayjobs.com/Workday/job/Australia-VIC-Melbourne/Sr-Integration-Consultant---Higher-Education_JR-0109649,0,,,2026-09-18
2026-09-11,Workday,/job/Australia-VIC-Melbourne/Sr-PATT-Functional-Consultant---Workday-Success-Plans_JR-0108847,Sr PATT Functional Consultant - Workday Success Plans,https://workday.wd5.myworkdayjobs.com/Workday/job/Australia-VIC-Melbourne/Sr-PATT-Functional-Consultant---Workday-Success-Plans_JR-0108847,0,,,2026-09-18
2026-09-11,Workday,/job/Belgium-Brussels/Senior-Account-Executive--Customer-Base_JR-0109476-1,"Senior Account Executive, Customer Base",https://workday.wd5.myworkdayjobs.com/Workday/job/Belgium-Brussels/Senior-Account-Executive--Customer-Base_JR-0109476-1,0,,,2026-09-18
2026-09-11,Workday,/job/Canada-BC-Vancouver/AI-Engineer_JR-0109305,AI Engineer,https://workday.wd5.myworkdayjobs.com/Workday/job/Canada-BC-Vancouver/AI-Engineer_JR-0109305,33,,,2026-09-18
2026-09-11,Workday,/job/Canada-BC-Vancouver/Machine-Learning-Engineer_JR-0109545-1,Machine Learning Engineer - Financials,https://workday.wd5.myworkdayjobs.com/Workday/job/Canada-BC-Vancouver/Machine-Learning-Engineer_JR-0109545-1,58,,,2026-09-18
2026-09-11,Workday,/job/Canada-BC-Vancouver/Principal--Software-Development-Engineer_JR-0108059,"Sr. Software Development Engineer / Principal, Software Development Engineer",https://workday.wd5.myworkdayjobs.com/Workday/job/Canada-BC-Vancouver/Principal--Software-Development-Engineer_JR-0108059,0,,,2026-09-18
2026-09-11,Workday,/job/Canada-BC-Vancouver/Principal-Machine-Learning-Engineer_JR-0107128,Principal AI Engineer,https://workday.wd5.myworkdayjobs.com/Workday/job/Canada-BC-Vancouver/Principal-Machine-Learning-Engineer_JR-0107128,0,,,2026-09-18
2026-09-11,Workday,/job/Canada-BC-Vancouver/Principal-Software-Development-Engineer---Senior-Software-Development-Engineer---Full-Stack_JR-0106537,Senior or Principal Software Development Engineer (Full Stack) - Agent Factory,https://workday.wd5.myworkdayjobs.com/Workday/job/Canada-BC-Vancouver/Principal-Software-Development-Engineer---Senior-Software-Development-Engineer---Full-Stack_JR-0106537,0,,,2026-09-18
2026-09-11,Workday,/job/Canada-BC-Vancouver/Product-Manager---Sr-Product-Manager---Evisort-AI_JR-0103398,"Product Manager - Activation & Deployment, Evisort AI",https://workday.wd5.myworkdayjobs.com/Workday/job/Canada-BC-Vancouver/Product-Manager---Sr-Product-Manager---Evisort-AI_JR-0103398,0,,,2026-09-18
2026-09-11,Workday,/job/Canada-BC-Vancouver/Senior-AI-Engineer---Evisort-AI_JR-0108859,Senior AI Engineer - Evisort AI,https://workday.wd5.myworkdayjobs.com/Workday/job/Canada-BC-Vancouver/Senior-AI-Engineer---Evisort-AI_JR-0108859,0,,,2026-09-18
2026-09-11,Workday,/job/Canada-BC-Vancouver/Senior-AI-Engineer_JR-0109358-1,Senior AI Engineer,https://workday.wd5.myworkdayjobs.com/Workday/job/Canada-BC-Vancouver/Senior-AI-Engineer_JR-0109358-1,0,,,2026-09-18
2026-09-11,Workday,/job/Canada-BC-Vancouver/Senior-Software-Development-Engineer---Agent-Factory_JR-0109080,"Senior AI Engineer, Full-Stack — Agent Factory",https://workday.wd5.myworkdayjobs.com/Workday/job/Canada-BC-Vancouver/Senior-Software-Development-Engineer---Agent-Factory_JR-0109080,0,,,2026-09-18
2026-09-11,Workday,/job/Canada-BC-Vancouver/Senior-Software-Development-Engineer--Agent-Factory-_JR-0109218,Senior Software Development Engineer (Agent Factory),https://workday.wd5.myworkdayjobs.com/Workday/job/Canada-BC-Vancouver/Senior-Software-Development-Engineer--Agent-Factory-_JR-0109218,0,,,2026-09-18
2026-09-11,Workday,/job/Canada-BC-Vancouver/Senior-Software-Development-Engineer--Front-End----Evisort-AI_JR-0107776,Senior Software Development Engineer (Front End) - Evisort AI,https://workday.wd5.myworkdayjobs.com/Workday/job/Canada-BC-Vancouver/Senior-Software-Development-Engineer--Front-End----Evisort-AI_JR-0107776,0,,,2026-09-18
2026-09-11,Workday,/job/Canada-BC-Vancouver/Senior-Software-Engineer---Data-Platform-and-Agent-Trust_JR-0106848,Software Engineer or Senior Software Engineer - Data Hub,https://workday.wd5.myworkdayjobs.com/Workday/job/Canada-BC-Vancouver/Senior-Software-Engineer---Data-Platform-and-Agent-Trust_JR-0106848,0,,,2026-09-18
2026-09-11,Workday,/job/Canada-BC-Vancouver/Senior-Software-Engineer---Evisort-AI--Python-Typescript-_JR-0107091,Senior Software Engineer - Evisort AI (Python/Typescript),https://workday.wd5.myworkdayjobs.com/Workday/job/Canada-BC-Vancouver/Senior-Software-Engineer---Evisort-AI--Python-Typescript-_JR-0107091,0,,,2026-09-18
2026-09-11,Workday,/job/Canada-BC-Vancouver/Software-Development-Engineer--Agent-Factory-_JR-0108831,Software Development Engineer (Agent Factory),https://workday.wd5.myworkdayjobs.com/Workday/job/Canada-BC-Vancouver/Software-Development-Engineer--Agent-Factory-_JR-0108831,33,,,2026-09-18
2026-09-11,Workday,/job/Canada-BC-Vancouver/Software-Development-Engineer--Full-Stack----Evisort-AI--Evergreen-_JR-0109817,Software Development Engineer (Full Stack) - Evisort AI,https://workday.wd5.myworkdayjobs.com/Workday/job/Canada-BC-Vancouver/Software-Development-Engineer--Full-Stack----Evisort-AI--Evergreen-_JR-0109817,33,,,2026-09-18
2026-09-11,Workday,/job/Canada-BC-Vancouver/Software-Engineer-III-Senior-Software-Engineer--Full-Stack-_JR-0103512,Software Engineer III/Senior Software Engineer (Full Stack),https://workday.wd5.myworkdayjobs.com/Workday/job/Canada-BC-Vancouver/Software-Engineer-III-Senior-Software-Engineer--Full-Stack-_JR-0103512,0,,,2026-09-18
2026-09-11,Workday,/job/Canada-ON-Toronto/Principal-DataOps-Engineer--DevOps-for-Data-_JR-0109924,Principal DataOps Engineer (DevOps for Data),https://workday.wd5.myworkdayjobs.com/Workday/job/Canada-ON-Toronto/Principal-DataOps-Engineer--DevOps-for-Data-_JR-0109924,0,,,2026-09-18
2026-09-11,Workday,/job/Canada-ON-Toronto/Principal-Engineer--AI-Production-Readiness_JR-0109418-1,"Principal Engineer, AI Production Readiness",https://workday.wd5.myworkdayjobs.com/Workday/job/Canada-ON-Toronto/Principal-Engineer--AI-Production-Readiness_JR-0109418-1,0,,,2026-09-18
2026-09-11,Workday,/job/Canada-ON-Toronto/Sr-Director--AI-Strategy-and-Product-Management_JR-0109095,"Sr. Director, AI Strategy and Product Management",https://workday.wd5.myworkdayjobs.com/Workday/job/Canada-ON-Toronto/Sr-Director--AI-Strategy-and-Product-Management_JR-0109095,0,,,2026-09-18
2026-09-11,Workday,/job/Costa-Rica/Critical-Situation-Manager_JR-0109725,Critical Situation Manager,https://workday.wd5.myworkdayjobs.com/Workday/job/Costa-Rica/Critical-Situation-Manager_JR-0109725,0,,,2026-09-18
2026-09-11,Workday,/job/Costa-Rica/Customer-Support-Analyst--AI-ML-Application-Support--8am-5pm--or--12md-9pm-_JR-0110084,"Customer Support Analyst, AI/ML Application Support (8am-5pm) or (12md-9pm)",https://workday.wd5.myworkdayjobs.com/Workday/job/Costa-Rica/Customer-Support-Analyst--AI-ML-Application-Support--8am-5pm--or--12md-9pm-_JR-0110084,48,,,2026-09-18
2026-09-11,Workday,/job/Costa-Rica/HCM-Functional-Consultant---Workday-Success-Plans_JR-0109135-1,HCM Functional Consultant - Workday Success Plans,https://workday.wd5.myworkdayjobs.com/Workday/job/Costa-Rica/HCM-Functional-Consultant---Workday-Success-Plans_JR-0109135-1,26,,,2026-09-18
2026-09-11,Workday,/job/Costa-Rica/Product-Instructor_JR-0108501,Product Instructor Workday Integrations & Extend,https://workday.wd5.myworkdayjobs.com/Workday/job/Costa-Rica/Product-Instructor_JR-0108501,26,,,2026-09-18
2026-09-11,Workday,/job/Costa-Rica/Senior-Delivery-Manager---HiredScore_JR-0109034-1,Senior Delivery Manager - HiredScore,https://workday.wd5.myworkdayjobs.com/Workday/job/Costa-Rica/Senior-Delivery-Manager---HiredScore_JR-0109034-1,0,,,2026-09-18
2026-09-11,Workday,/job/Costa-Rica/Sr-Associate-Customer-Support-Analyst--AI-ML-Application-Support--8am-5pm--or--12md-9pm-_JR-0110083,"Sr Associate Customer Support Analyst, AI/ML Application Support (8am-5pm) or (12md-9pm)",https://workday.wd5.myworkdayjobs.com/Workday/job/Costa-Rica/Sr-Associate-Customer-Support-Analyst--AI-ML-Application-Support--8am-5pm--or--12md-9pm-_JR-0110083,0,,,2026-09-18
2026-09-11,Workday,/job/Costa-Rica/Sr-Associate-Support-Engineer--AI-ML---Platform-Operations--8am-5pm--or--12md-9pm-_JR-0110081,"Sr Associate Support Engineer, AI/ML & Platform Operations (8am-5pm) or (12md-9pm)",https://workday.wd5.myworkdayjobs.com/Workday/job/Costa-Rica/Sr-Associate-Support-Engineer--AI-ML---Platform-Operations--8am-5pm--or--12md-9pm-_JR-0110081,0,,,2026-09-18
2026-09-11,Workday,/job/Costa-Rica/Sr-Engagement-Manager-OR-Engagement-Manager--Workday-Success-Plans-Subscription-Services_JR-0107811,Sr Engagement Manager OR Engagement Manager- Workday Success Plans Subscription Services,https://workday.wd5.myworkdayjobs.com/Workday/job/Costa-Rica/Sr-Engagement-Manager-OR-Engagement-Manager--Workday-Success-Plans-Subscription-Services_JR-0107811,0,,,2026-09-18
2026-09-11,Workday,/job/Costa-Rica/Support-Engineer--AI-ML---Platform-Operations--8am-5pm--or--12md-9pm-_JR-0110082,"Support Engineer, AI/ML & Platform Operations (8am-5pm) or (12md-9pm)",https://workday.wd5.myworkdayjobs.com/Workday/job/Costa-Rica/Support-Engineer--AI-ML---Platform-Operations--8am-5pm--or--12md-9pm-_JR-0110082,59,,,2026-09-18
2026-09-11,Workday,/job/Czech-Republic-Prague/Principal-AI-Engineer_JR-0108372,Principal AI/ML Engineer,https://workday.wd5.myworkdayjobs.com/Workday/job/Czech-Republic-Prague/Principal-AI-Engineer_JR-0108372,0,,,2026-09-18
2026-09-11,Workday,/job/Denmark-Copenhagen/Senior-Project-Manager_JR-0109133,Senior Project Manager,https://workday.wd5.myworkdayjobs.com/Workday/job/Denmark-Copenhagen/Senior-Project-Manager_JR-0109133,0,,,2026-09-18
2026-09-11,Workday,/job/France-Paris/Account-Executive-Customer-Base-Large-Enterprise_JR-0107739,Account Executive Customer Base Large Enterprise - Retail / Hospitality / Transportation,https://workday.wd5.myworkdayjobs.com/Workday/job/France-Paris/Account-Executive-Customer-Base-Large-Enterprise_JR-0107739,22,,,2026-09-18
2026-09-11,Workday,/job/France-Paris/Account-Executive-Large-Enterprise---Services---Tech---Mdia_JR-0104040,Account Executive Large Enterprise - Services / Tech / Média,https://workday.wd5.myworkdayjobs.com/Workday/job/France-Paris/Account-Executive-Large-Enterprise---Services---Tech---Mdia_JR-0104040,22,,,2026-09-18
2026-09-11,Workday,/job/France-Paris/Senior-Regional-Sales-Director---Services---Telco---Mdia_JR-0108286,Senior Regional Sales Director - Services / Telco / Média,https://workday.wd5.myworkdayjobs.com/Workday/job/France-Paris/Senior-Regional-Sales-Director---Services---Telco---Mdia_JR-0108286,0,,,2026-09-18
2026-09-11,Workday,/job/France-Paris/Solution-Consultant-HCM_JR-0108989,Solution Consultant HCM,https://workday.wd5.myworkdayjobs.com/Workday/job/France-Paris/Solution-Consultant-HCM_JR-0108989,26,,,2026-09-18
2026-09-11,Workday,/job/France-Paris/Sr-AI-Deployment-Architect_JR-0109907,Sr. AI Deployment Architect,https://workday.wd5.myworkdayjobs.com/Workday/job/France-Paris/Sr-AI-Deployment-Architect_JR-0109907,0,,,2026-09-18
2026-09-11,Workday,/job/France-Paris/Sr-Functional-Consultant_JR-0103301,Sr Functional Consultant - Payroll & Time Tracking (French Speaking),https://workday.wd5.myworkdayjobs.com/Workday/job/France-Paris/Sr-Functional-Consultant_JR-0103301,0,,,2026-09-18
2026-09-11,Workday,/job/Germany-Berlin/Principal-Functional-Consultant--oCFO-Architect--German-Speaking-_JR-0108941,"Principal Functional Consultant, oCFO Architect (German Speaking)",https://workday.wd5.myworkdayjobs.com/Workday/job/Germany-Berlin/Principal-Functional-Consultant--oCFO-Architect--German-Speaking-_JR-0108941,0,,,2026-09-18
2026-09-11,Workday,/job/Germany-Berlin/Sr-Reporting---Analytics-Consultant--FIN----Workday-Success-Plans_JR-0109450,Sr. Reporting & Analytics Consultant (FIN) - Workday Success Plans,https://workday.wd5.myworkdayjobs.com/Workday/job/Germany-Berlin/Sr-Reporting---Analytics-Consultant--FIN----Workday-Success-Plans_JR-0109450,0,,,2026-09-18
2026-09-11,Workday,/job/Germany-Munich/Sr-AI-Deployment-Architect_JR-0109917-1,Sr. AI Deployment Architect,https://workday.wd5.myworkdayjobs.com/Workday/job/Germany-Munich/Sr-AI-Deployment-Architect_JR-0109917-1,0,,,2026-09-18
2026-09-11,Workday,/job/Germany-Munich/Sr-AI-Deployment-Engineer_JR-0109911,Sr. AI Deployment Engineer,https://workday.wd5.myworkdayjobs.com/Workday/job/Germany-Munich/Sr-AI-Deployment-Engineer_JR-0109911,0,,,2026-09-18
2026-09-11,Workday,/job/Germany-Munich/Sr-Functional-Consultant_JR-0109487,Sr Functional Consultant,https://workday.wd5.myworkdayjobs.com/Workday/job/Germany-Munich/Sr-Functional-Consultant_JR-0109487,0,,,2026-09-18
2026-09-11,Workday,/job/Germany-Munich/Sr-Principal-Functional-Consultant--oCHRO-Achitect---German-Speaker_JR-0107925,"Sr Principal Functional Consultant, oCHRO Achitect - German Speaker",https://workday.wd5.myworkdayjobs.com/Workday/job/Germany-Munich/Sr-Principal-Functional-Consultant--oCHRO-Achitect---German-Speaker_JR-0107925,0,,,2026-09-18
2026-09-11,Workday,/job/Hong-Kong/Account-Executive---Customer-Base_JR-0108350,Account Executive - Customer Base,https://workday.wd5.myworkdayjobs.com/Workday/job/Hong-Kong/Account-Executive---Customer-Base_JR-0108350,22,,,2026-09-18
2026-09-11,Workday,/job/Hong-Kong/Account-Executive---Customer-Base_JR-0109279,Account Executive - Customer Base,https://workday.wd5.myworkdayjobs.com/Workday/job/Hong-Kong/Account-Executive---Customer-Base_JR-0109279,22,,,2026-09-18
2026-09-11,Workday,/job/INDPune/AI-Platforms-Engineer_JR-0109223-1,AI Platforms Engineer,https://workday.wd5.myworkdayjobs.com/Workday/job/INDPune/AI-Platforms-Engineer_JR-0109223-1,33,,,2026-09-18
2026-09-11,Workday,/job/INDPune/Adaptive-Planning-Consultant---Workday-Success-Plans_JR-0109485,Adaptive Planning Consultant - Workday Success Plans,https://workday.wd5.myworkdayjobs.com/Workday/job/INDPune/Adaptive-Planning-Consultant---Workday-Success-Plans_JR-0109485,11,,,2026-09-18
2026-09-11,Workday,/job/INDPune/Associate-Consultant--Workday-Data-Conversion_JR-0109421-1,"Associate Consultant, Workday Data Conversion",https://workday.wd5.myworkdayjobs.com/Workday/job/INDPune/Associate-Consultant--Workday-Data-Conversion_JR-0109421-1,47,,,2026-09-18
2026-09-11,Workday,/job/INDPune/DataOps-Engineer_JR-0109475-1,DataOps Engineer,https://workday.wd5.myworkdayjobs.com/Workday/job/INDPune/DataOps-Engineer_JR-0109475-1,22,,,2026-09-18
2026-09-11,Workday,/job/INDPune/Information-Systems-Software-Application-Engineer_JR-0109365-1,Information Systems Software Application Engineer,https://workday.wd5.myworkdayjobs.com/Workday/job/INDPune/Information-Systems-Software-Application-Engineer_JR-0109365-1,11,,,2026-09-18
2026-09-11,Workday,/job/INDPune/Manager--Services-Consulting-Management_JR-0108227-1,"Manager, Services Consulting Management",https://workday.wd5.myworkdayjobs.com/Workday/job/INDPune/Manager--Services-Consulting-Management_JR-0108227-1,0,,,2026-09-18
2026-09-11,Workday,/job/INDPune/Manager--Services-Consulting-Management_JR-0109514,"Manager - Extend, Services Consulting Management",https://workday.wd5.myworkdayjobs.com/Workday/job/INDPune/Manager--Services-Consulting-Management_JR-0109514,0,,,2026-09-18
2026-09-11,Workday,/job/INDPune/Principal-Revenue---Finance-System-Architect_JR-0108647-1,Principal Revenue & Finance System Architect,https://workday.wd5.myworkdayjobs.com/Workday/job/INDPune/Principal-Revenue---Finance-System-Architect_JR-0108647-1,0,,,2026-09-18
2026-09-11,Workday,/job/INDPune/Senior-Engagement-Manager--Deployment-Success-Manager---Workday-Advisory-Services_JR-0108317,Senior Engagement Manager (Deployment Success Manager) - Workday Advisory Services,https://workday.wd5.myworkdayjobs.com/Workday/job/INDPune/Senior-Engagement-Manager--Deployment-Success-Manager---Workday-Advisory-Services_JR-0108317,0,,,2026-09-18
2026-09-11,Workday,/job/INDPune/Senior-Functional-Consultant---HCM-and-Security---Workday-Advisory-Services_JR-0109750,Senior Functional Consultant - HCM and Security - Workday Advisory Services,https://workday.wd5.myworkdayjobs.com/Workday/job/INDPune/Senior-Functional-Consultant---HCM-and-Security---Workday-Advisory-Services_JR-0109750,0,,,2026-09-18
2026-09-11,Workday,/job/INDPune/Senior-Technical-Account-Manager--APJ-Shift-_JR-0109508,Senior Technical Account Manager (APJ Shift),https://workday.wd5.myworkdayjobs.com/Workday/job/INDPune/Senior-Technical-Account-Manager--APJ-Shift-_JR-0109508,0,,,2026-09-18
2026-09-11,Workday,/job/INDPune/Senior-Workday--Consultant--Multiple-roles---Comp---adv-Comp--Talent-Performance--Workday-Advisory-Services_JR-0108618,"Senior Workday  Consultant, Multiple roles: (Comp & adv. Comp, Talent Performance) Workday Advisory Services",https://workday.wd5.myworkdayjobs.com/Workday/job/INDPune/Senior-Workday--Consultant--Multiple-roles---Comp---adv-Comp--Talent-Performance--Workday-Advisory-Services_JR-0108618,0,,,2026-09-18
2026-09-11,Workday,/job/INDPune/Senior-Workday-Success-Plans-Consultant--Financial-Reporting---Prism-Analytics-_JR-0104612,Senior Workday Financial Reporting Consultant - Workday Advisory Services,https://workday.wd5.myworkdayjobs.com/Workday/job/INDPune/Senior-Workday-Success-Plans-Consultant--Financial-Reporting---Prism-Analytics-_JR-0104612,0,,,2026-09-18
2026-09-11,Workday,/job/INDPune/Sr-Consultant---Workday-Financials_JR-0109146,Sr/Consultant - Workday Financials,https://workday.wd5.myworkdayjobs.com/Workday/job/INDPune/Sr-Consultant---Workday-Financials_JR-0109146,0,,,2026-09-18
2026-09-11,Workday,/job/INDPune/Sr-Extend-Services-Consultant---Workday-Advisory-services_JR-0109383,Sr Extend Services Consultant - Workday Advisory services,https://workday.wd5.myworkdayjobs.com/Workday/job/INDPune/Sr-Extend-Services-Consultant---Workday-Advisory-services_JR-0109383,0,,,2026-09-18
2026-09-11,Workday,/job/INDPune/Sr-Network-Engineer_JR-0101654,Sr. Network Engineer,https://workday.wd5.myworkdayjobs.com/Workday/job/INDPune/Sr-Network-Engineer_JR-0101654,0,,,2026-09-18
2026-09-11,Workday,/job/INDPune/Sr-Prism-Consultant---Workday-Advisory-services_JR-0109385,Sr Prism Consultant - Workday Advisory services,https://workday.wd5.myworkdayjobs.com/Workday/job/INDPune/Sr-Prism-Consultant---Workday-Advisory-services_JR-0109385,0,,,2026-09-18
2026-09-11,Workday,/job/INDPune/Sr-Sales-Analytics-and-Commission-Analyst_JR-0108725,Sr Sales Analytics and Commission Analyst,https://workday.wd5.myworkdayjobs.com/Workday/job/INDPune/Sr-Sales-Analytics-and-Commission-Analyst_JR-0108725,0,,,2026-09-18
2026-09-11,Workday,/job/INDPune/Workday-Consultant---Absence---Time-Tracking---Workday-Advisory-services---Pune---Multiple-roles_JR-0108617-1,Workday Consultant - Absence & Time Tracking | Workday Advisory services - Pune - Multiple roles,https://workday.wd5.myworkdayjobs.com/Workday/job/INDPune/Workday-Consultant---Absence---Time-Tracking---Workday-Advisory-services---Pune---Multiple-roles_JR-0108617-1,26,,,2026-09-18
2026-09-11,Workday,/job/IRLDublinDockline/Sr-Partner-Solution-Architect_JR-0109361,Sr. Partner Solution Architect,https://workday.wd5.myworkdayjobs.com/Workday/job/IRLDublinDockline/Sr-Partner-Solution-Architect_JR-0109361,0,,,2026-09-18
2026-09-11,Workday,/job/IRLDublinDockline/Sr-Prism-Analytics-Consultant---Workday-Success-Plans_JR-0109347,Sr. Prism Analytics Consultant - Workday Success Plans,https://workday.wd5.myworkdayjobs.com/Workday/job/IRLDublinDockline/Sr-Prism-Analytics-Consultant---Workday-Success-Plans_JR-0109347,0,,,2026-09-18
2026-09-11,Workday,/job/India-Mumbai/Enterprise-Account-Executive---Large-Enterprise_JR-0106386,Enterprise Account Executive - Large Enterprise,https://workday.wd5.myworkdayjobs.com/Workday/job/India-Mumbai/Enterprise-Account-Executive---Large-Enterprise_JR-0106386,48,,,2026-09-18
2026-09-11,Workday,/job/India-Mumbai/Principal-Financials-Functional-Consultant_JR-0106085,Principal Functional Consultant - Workday Finance,https://workday.wd5.myworkdayjobs.com/Workday/job/India-Mumbai/Principal-Financials-Functional-Consultant_JR-0106085,0,,,2026-09-18
2026-09-11,Workday,/job/India-Mumbai/Principal-Partner-Sales-Executive_JR-0109617,Principal Partner Sales Executive,https://workday.wd5.myworkdayjobs.com/Workday/job/India-Mumbai/Principal-Partner-Sales-Executive_JR-0109617,0,,,2026-09-18
2026-09-11,Workday,/job/India-Mumbai/Senior-Solution-Consultant---Workday-Adaptive-Planning_JR-0108820,Senior Solution Consultant – Workday Adaptive Planning,https://workday.wd5.myworkdayjobs.com/Workday/job/India-Mumbai/Senior-Solution-Consultant---Workday-Adaptive-Planning_JR-0108820,0,,,2026-09-18
2026-09-11,Workday,/job/Ireland-Dublin/Business-Development-Representative--Dutch-Speaking-_JR-0098604,Business Development Representative (Dutch Speaker),https://workday.wd5.myworkdayjobs.com/Workday/job/Ireland-Dublin/Business-Development-Representative--Dutch-Speaking-_JR-0098604,26,,,2026-09-18
2026-09-11,Workday,/job/Ireland-Dublin/Business-Development-Representative--Polish-Speaker-_JR-0109048,Business Development Representative (Polish Speaker),https://workday.wd5.myworkdayjobs.com/Workday/job/Ireland-Dublin/Business-Development-Representative--Polish-Speaker-_JR-0109048,26,,,2026-09-18
2026-09-11,Workday,/job/Ireland-Dublin/Contract-Manager_JR-0108863-1,Contract Manager,https://workday.wd5.myworkdayjobs.com/Workday/job/Ireland-Dublin/Contract-Manager_JR-0108863-1,0,,,2026-09-18
2026-09-11,Workday,/job/Ireland-Dublin/Corporate-Sales-Development-DACH--Outbound-_JR-0095231,Business Development Representative | German | Dublin based,https://workday.wd5.myworkdayjobs.com/Workday/job/Ireland-Dublin/Corporate-Sales-Development-DACH--Outbound-_JR-0095231,26,,,2026-09-18
2026-09-11,Workday,/job/Ireland-Dublin/Corporate-Sales-Development-Nordics--Norwegian--Swedish---Dutch-_JR-0095228,"Business Development Representative Nordics (Norwegian, Swedish or Danish)",https://workday.wd5.myworkdayjobs.com/Workday/job/Ireland-Dublin/Corporate-Sales-Development-Nordics--Norwegian--Swedish---Dutch-_JR-0095228,26,,,2026-09-18
2026-09-11,Workday,/job/Ireland-Dublin/Corporate-Sales-development-UKI--Outbound-_JR-0094228,Business Development Representative UKI,https://workday.wd5.myworkdayjobs.com/Workday/job/Ireland-Dublin/Corporate-Sales-development-UKI--Outbound-_JR-0094228,26,,,2026-09-18
2026-09-11,Workday,/job/Ireland-Dublin/Data-Platform-Engineer---Cybersecurity_JR-0108816,Data Platform Engineer - Cybersecurity,https://workday.wd5.myworkdayjobs.com/Workday/job/Ireland-Dublin/Data-Platform-Engineer---Cybersecurity_JR-0108816,48,,,2026-09-18
2026-09-11,Workday,/job/Ireland-Dublin/Data-Scientist_JR-0108262,Data Scientist,https://workday.wd5.myworkdayjobs.com/Workday/job/Ireland-Dublin/Data-Scientist_JR-0108262,33,,,2026-09-18
2026-09-11,Workday,/job/Ireland-Dublin/Frontend-Engineer_JR-0109916-1,Frontend Engineer,https://workday.wd5.myworkdayjobs.com/Workday/job/Ireland-Dublin/Frontend-Engineer_JR-0109916-1,33,,,2026-09-18
2026-09-11,Workday,/job/Ireland-Dublin/Identity---Access-Management--IAM--Engineer_JR-0108256-1,Identity & Access Management (IAM) Engineer,https://workday.wd5.myworkdayjobs.com/Workday/job/Ireland-Dublin/Identity---Access-Management--IAM--Engineer_JR-0108256-1,22,,,2026-09-18
2026-09-11,Workday,/job/Ireland-Dublin/Machine-Learning-Engineer_JR-0109754,Machine Learning Engineer,https://workday.wd5.myworkdayjobs.com/Workday/job/Ireland-Dublin/Machine-Learning-Engineer_JR-0109754,33,,,2026-09-18
2026-09-11,Workday,/job/Ireland-Dublin/Principal-Machine-Learning-Engineer_JR-0109752,Principal Machine Learning Engineer,https://workday.wd5.myworkdayjobs.com/Workday/job/Ireland-Dublin/Principal-Machine-Learning-Engineer_JR-0109752,0,,,2026-09-18
2026-09-11,Workday,/job/Ireland-Dublin/Senior-AI-Engineer_JR-0108715,Senior AI Engineer,https://workday.wd5.myworkdayjobs.com/Workday/job/Ireland-Dublin/Senior-AI-Engineer_JR-0108715,0,,,2026-09-18
2026-09-11,Workday,/job/Ireland-Dublin/Senior-Cloud-Engineer_JR-0109890,Senior Cloud Engineer,https://workday.wd5.myworkdayjobs.com/Workday/job/Ireland-Dublin/Senior-Cloud-Engineer_JR-0109890,0,,,2026-09-18
2026-09-11,Workday,/job/Ireland-Dublin/Senior-Cybersecurity-Engineer_JR-0107259,Senior Cybersecurity Engineer,https://workday.wd5.myworkdayjobs.com/Workday/job/Ireland-Dublin/Senior-Cybersecurity-Engineer_JR-0107259,0,,,2026-09-18
2026-09-11,Workday,/job/Ireland-Dublin/Senior-Identity---Access-Management--IAM--Engineer_JR-0108252,Senior Identity & Access Management (IAM) Engineer,https://workday.wd5.myworkdayjobs.com/Workday/job/Ireland-Dublin/Senior-Identity---Access-Management--IAM--Engineer_JR-0108252,0,,,2026-09-18
2026-09-11,Workday,/job/Ireland-Dublin/Senior-Manager---Software-Developing-Engineering_JR-0109399,"Senior Manager , Software Development Engineering",https://workday.wd5.myworkdayjobs.com/Workday/job/Ireland-Dublin/Senior-Manager---Software-Developing-Engineering_JR-0109399,0,,,2026-09-18
2026-09-11,Workday,/job/Ireland-Dublin/Senior-Software-Development-Engineer---Product-Development-Tools_JR-0107869,Senior Software Development Engineer - Product Development Tools,https://workday.wd5.myworkdayjobs.com/Workday/job/Ireland-Dublin/Senior-Software-Development-Engineer---Product-Development-Tools_JR-0107869,0,,,2026-09-18
2026-09-11,Workday,/job/Ireland-Dublin/Senior-Software-Development-Engineer_JR-0109753,Senior Software Development Engineer,https://workday.wd5.myworkdayjobs.com/Workday/job/Ireland-Dublin/Senior-Software-Development-Engineer_JR-0109753,0,,,2026-09-18
2026-09-11,Workday,/job/Ireland-Dublin/Senior-Software-Engineer---Agentic-AI---API-Platform_JR-0108078,Senior Software Engineer - API Platform (Python/Typescript),https://workday.wd5.myworkdayjobs.com/Workday/job/Ireland-Dublin/Senior-Software-Engineer---Agentic-AI---API-Platform_JR-0108078,0,,,2026-09-18
2026-09-11,Workday,/job/Ireland-Dublin/Senior-Software-Engineer---Distributed-Systems_JR-0108915,Senior Software Engineer - Distributed Systems,https://workday.wd5.myworkdayjobs.com/Workday/job/Ireland-Dublin/Senior-Software-Engineer---Distributed-Systems_JR-0108915,0,,,2026-09-18
2026-09-11,Workday,/job/Ireland-Dublin/Software-Development-Engineer---Data-Platform_JR-0108934,Software Development Engineer - Data Platform,https://workday.wd5.myworkdayjobs.com/Workday/job/Ireland-Dublin/Software-Development-Engineer---Data-Platform_JR-0108934,22,,,2026-09-18
2026-09-11,Workday,/job/Ireland-Dublin/Software-Engineer---Agentic-AI---API-Platform_JR-0108079,Software Engineer - Agentic AI & API Platform,https://workday.wd5.myworkdayjobs.com/Workday/job/Ireland-Dublin/Software-Engineer---Agentic-AI---API-Platform_JR-0108079,22,,,2026-09-18
2026-09-11,Workday,/job/Ireland-Dublin/Sr-Cybersecurity-Engineer_JR-0108559,Sr Cybersecurity Engineer,https://workday.wd5.myworkdayjobs.com/Workday/job/Ireland-Dublin/Sr-Cybersecurity-Engineer_JR-0108559,0,,,2026-09-18
2026-09-11,Workday,/job/Ireland-Dublin/Sr-Functional-Consultant---Workday-Success-Plans-Adaptive-Planning_JR-0109019,Sr Functional Consultant - Workday Success Plans Adaptive Planning,https://workday.wd5.myworkdayjobs.com/Workday/job/Ireland-Dublin/Sr-Functional-Consultant---Workday-Success-Plans-Adaptive-Planning_JR-0109019,0,,,2026-09-18
2026-09-11,Workday,/job/Ireland-Dublin/Sr-Software-Development-Engineer_JR-0102382-1,Sr PostgreSQL Engineer,https://workday.wd5.myworkdayjobs.com/Workday/job/Ireland-Dublin/Sr-Software-Development-Engineer_JR-0102382-1,0,,,2026-09-18
2026-09-11,Workday,/job/Ireland-Dublin/Sr-Software-Engineer--Distributed-Systems-_JR-0108932,Sr. Software Engineer (Distributed Systems),https://workday.wd5.myworkdayjobs.com/Workday/job/Ireland-Dublin/Sr-Software-Engineer--Distributed-Systems-_JR-0108932,0,,,2026-09-18
2026-09-11,Workday,/job/Israel-Tel-Aviv/AI-Product-Manager_JR-0108616,AI Product Manager,https://workday.wd5.myworkdayjobs.com/Workday/job/Israel-Tel-Aviv/AI-Product-Manager_JR-0108616,0,,,2026-09-18
2026-09-11,Workday,/job/Israel-Tel-Aviv/Backend-Engineer---AI-Team---Paradox_JR-0109112,Backend Engineer - AI Team - Paradox,https://workday.wd5.myworkdayjobs.com/Workday/job/Israel-Tel-Aviv/Backend-Engineer---AI-Team---Paradox_JR-0109112,48,,,2026-09-18
2026-09-11,Workday,/job/Israel-Tel-Aviv/LLM-Engineer_JR-0107197,LLM Engineer,https://workday.wd5.myworkdayjobs.com/Workday/job/Israel-Tel-Aviv/LLM-Engineer_JR-0107197,37,,,2026-09-18
2026-09-11,Workday,/job/Israel-Tel-Aviv/Manager--Software-Development-Engineering_JR-0102237,Team Lead Software Engineering,https://workday.wd5.myworkdayjobs.com/Workday/job/Israel-Tel-Aviv/Manager--Software-Development-Engineering_JR-0102237,0,,,2026-09-18
2026-09-11,Workday,/job/Israel-Tel-Aviv/Software-Development-Engineer--Backend-_JR-0105162,Senior Software Engineer - Hiredscore,https://workday.wd5.myworkdayjobs.com/Workday/job/Israel-Tel-Aviv/Software-Development-Engineer--Backend-_JR-0105162,0,,,2026-09-18
2026-09-11,Workday,/job/Israel-Tel-Aviv/Sr-Software-Development-Engineer_JR-0104334,Senior Backend Engineer - AI Team - Paradox,https://workday.wd5.myworkdayjobs.com/Workday/job/Israel-Tel-Aviv/Sr-Software-Development-Engineer_JR-0104334,0,,,2026-09-18
2026-09-11,Workday,/job/Italy-Milan/Account-Executive-Large-Enterprise_JR-0109824,Account Executive Large Enterprise,https://workday.wd5.myworkdayjobs.com/Workday/job/Italy-Milan/Account-Executive-Large-Enterprise_JR-0109824,22,,,2026-09-18
2026-09-11,Workday,/job/Italy-Milan/Enterprise-Architect-Italy_JR-0103983,Enterprise Architect Italy,https://workday.wd5.myworkdayjobs.com/Workday/job/Italy-Milan/Enterprise-Architect-Italy_JR-0103983,26,,,2026-09-18
2026-09-11,Workday,/job/Italy-Milan/Solution-Consultant-HCM_JR-0103244,Solution Consultant HCM,https://workday.wd5.myworkdayjobs.com/Workday/job/Italy-Milan/Solution-Consultant-HCM_JR-0103244,37,,,2026-09-18
2026-09-11,Workday,/job/Italy-Milan/Sr-Functional-Consultant---Workday-Success-Plans-Adaptive-Planning_JR-0109335,Sr Functional Consultant - Workday Success Plans Adaptive Planning,https://workday.wd5.myworkdayjobs.com/Workday/job/Italy-Milan/Sr-Functional-Consultant---Workday-Success-Plans-Adaptive-Planning_JR-0109335,0,,,2026-09-18
2026-09-11,Workday,/job/Italy-Milan/Sr-Prism-Analytics-Consultant---Workday-Success-Plans_JR-0104538,Sr. Prism Analytics Consultant - Workday Success Plans,https://workday.wd5.myworkdayjobs.com/Workday/job/Italy-Milan/Sr-Prism-Analytics-Consultant---Workday-Success-Plans_JR-0104538,0,,,2026-09-18
2026-09-11,Workday,/job/Italy-Milan/Sr-Reporting---Analytics-Consultant--FIN----Workday-Success-Plans_JR-0109451,Sr. Reporting & Analytics Consultant (FIN) - Workday Success Plans,https://workday.wd5.myworkdayjobs.com/Workday/job/Italy-Milan/Sr-Reporting---Analytics-Consultant--FIN----Workday-Success-Plans_JR-0109451,0,,,2026-09-18
2026-09-11,Workday,/job/Italy-Milan/Sr-Services-Executive_JR-0109047,Sr Services Executive,https://workday.wd5.myworkdayjobs.com/Workday/job/Italy-Milan/Sr-Services-Executive_JR-0109047,0,,,2026-09-18
2026-09-11,Workday,/job/JPNOsaka/Senior-Solution-Consultant--_JR-0108608,Senior Solution Consultant（人事領域）,https://workday.wd5.myworkdayjobs.com/Workday/job/JPNOsaka/Senior-Solution-Consultant--_JR-0108608,0,,,2026-09-18
2026-09-11,Workday,/job/Japan-Tokyo/Account-Executive_JR-0103573-1,Account Executive,https://workday.wd5.myworkdayjobs.com/Workday/job/Japan-Tokyo/Account-Executive_JR-0103573-1,26,,,2026-09-18
2026-09-11,Workday,/job/Japan-Tokyo/Senior-Account-Executive_JR-0109320,Senior Account Executive,https://workday.wd5.myworkdayjobs.com/Workday/job/Japan-Tokyo/Senior-Account-Executive_JR-0109320,0,,,2026-09-18
2026-09-11,Workday,/job/Japan-Tokyo/Senior-Service-Executive_JR-0107923,Senior Service Executive,https://workday.wd5.myworkdayjobs.com/Workday/job/Japan-Tokyo/Senior-Service-Executive_JR-0107923,0,,,2026-09-18
2026-09-11,Workday,/job/Japan-Tokyo/Senior-Strategic-Program---Activation-Manager---JAPAN_JR-0109741,Senior Strategic Program & Activation Manager - JAPAN,https://workday.wd5.myworkdayjobs.com/Workday/job/Japan-Tokyo/Senior-Strategic-Program---Activation-Manager---JAPAN_JR-0109741,0,,,2026-09-18
2026-09-11,Workday,/job/Japan-Tokyo/Senior-Technical-Account-Manager_JR-0108569,Senior Technical Account Manager,https://workday.wd5.myworkdayjobs.com/Workday/job/Japan-Tokyo/Senior-Technical-Account-Manager_JR-0108569,0,,,2026-09-18
2026-09-11,Workday,/job/Japan-Tokyo/Services-Executive---JAPAN_JR-0110031,Services Executive - JAPAN,https://workday.wd5.myworkdayjobs.com/Workday/job/Japan-Tokyo/Services-Executive---JAPAN_JR-0110031,26,,,2026-09-18
2026-09-11,Workday,/job/Japan-Tokyo/Sr-Success-Plan-Engagement-Manager_JR-0108860,Success Plan Engagement Manager,https://workday.wd5.myworkdayjobs.com/Workday/job/Japan-Tokyo/Sr-Success-Plan-Engagement-Manager_JR-0108860,0,,,2026-09-18
2026-09-11,Workday,/job/Korea-Seoul/Partner-Ecosystem-Specialist---Korea_JR-0109070,Partner Ecosystem Specialist - Korea,https://workday.wd5.myworkdayjobs.com/Workday/job/Korea-Seoul/Partner-Ecosystem-Specialist---Korea_JR-0109070,26,,,2026-09-18
2026-09-11,Workday,/job/MEXMexico-City/Sr-HCM-Functional-Consultant--Workday-Success-Plans_JR-0109195,"Sr HCM Functional Consultant, Workday Success Plans",https://workday.wd5.myworkdayjobs.com/Workday/job/MEXMexico-City/Sr-HCM-Functional-Consultant--Workday-Success-Plans_JR-0109195,0,,,2026-09-18
2026-09-11,Workday,/job/MEXZapopan/Sr-Reporting-Consultant---Workday-Success-Plans_JR-0109644,Sr Reporting Consultant - Workday Success Plans,https://workday.wd5.myworkdayjobs.com/Workday/job/MEXZapopan/Sr-Reporting-Consultant---Workday-Success-Plans_JR-0109644,0,,,2026-09-18
2026-09-11,Workday,/job/Malaysia-Kuala-Lumpur/Country-Director--Malaysia_JR-0109248,"Country Director, Malaysia",https://workday.wd5.myworkdayjobs.com/Workday/job/Malaysia-Kuala-Lumpur/Country-Director--Malaysia_JR-0109248,0,,,2026-09-18
2026-09-11,Workday,/job/Netherlands-Amsterdam/Senior-HCM-Consultant---Workday-Success-Plans_JR-0109602,Senior HCM Consultant - Workday Success Plans,https://workday.wd5.myworkdayjobs.com/Workday/job/Netherlands-Amsterdam/Senior-HCM-Consultant---Workday-Success-Plans_JR-0109602,0,,,2026-09-18
2026-09-11,Workday,/job/Netherlands-Amsterdam/Senior-Solution-Consultant---Financials_JR-0109190,Senior Solution Consultant - Financials,https://workday.wd5.myworkdayjobs.com/Workday/job/Netherlands-Amsterdam/Senior-Solution-Consultant---Financials_JR-0109190,0,,,2026-09-18
2026-09-11,Workday,/job/Netherlands-Amsterdam/Sr-Functional-Consultant---Workday-Success-Plans-Adaptive-Planning_JR-0109333,Sr Functional Consultant - Workday Success Plans Adaptive Planning,https://workday.wd5.myworkdayjobs.com/Workday/job/Netherlands-Amsterdam/Sr-Functional-Consultant---Workday-Success-Plans-Adaptive-Planning_JR-0109333,0,,,2026-09-18
2026-09-11,Workday,/job/Netherlands-Amsterdam/Sr-Prism-Analytics-Consultant---Workday-Success-Plans_JR-0104535,Sr. Prism Analytics Consultant - Workday Success Plans,https://workday.wd5.myworkdayjobs.com/Workday/job/Netherlands-Amsterdam/Sr-Prism-Analytics-Consultant---Workday-Success-Plans_JR-0104535,0,,,2026-09-18
2026-09-11,Workday,/job/Netherlands-Amsterdam/Sr-Reporting---Analytics-Consultant--FIN----Workday-Success-Plans_JR-0107505,Sr. Reporting & Analytics Consultant (FIN) - Workday Success Plans,https://workday.wd5.myworkdayjobs.com/Workday/job/Netherlands-Amsterdam/Sr-Reporting---Analytics-Consultant--FIN----Workday-Success-Plans_JR-0107505,0,,,2026-09-18
2026-09-11,Workday,/job/Netherlands-Amsterdam/Sr-Solution-Consultant---HCM_JR-0109899-1,Sr Solution Consultant - HCM,https://workday.wd5.myworkdayjobs.com/Workday/job/Netherlands-Amsterdam/Sr-Solution-Consultant---HCM_JR-0109899-1,0,,,2026-09-18
2026-09-11,Workday,/job/New-Zealand-Auckland/Senior-Solution-Consultant---HCM_JR-0109772,Senior Solution Consultant - HCM,https://workday.wd5.myworkdayjobs.com/Workday/job/New-Zealand-Auckland/Senior-Solution-Consultant---HCM_JR-0109772,0,,,2026-09-18
2026-09-11,Workday,/job/POL-Remote/Data-Management-Engineer_JR-0108489-1,Data Management Engineer,https://workday.wd5.myworkdayjobs.com/Workday/job/POL-Remote/Data-Management-Engineer_JR-0108489-1,48,,,2026-09-18
2026-09-11,Workday,/job/Poland-Warsaw/Customer-Success-Manager_JR-0108223,Customer Success Manager,https://workday.wd5.myworkdayjobs.com/Workday/job/Poland-Warsaw/Customer-Success-Manager_JR-0108223,0,,,2026-09-18
2026-09-11,Workday,/job/Poland-Warsaw/Field-Analytics-Advisor_JR-0107270,Field Analytics Advisor,https://workday.wd5.myworkdayjobs.com/Workday/job/Poland-Warsaw/Field-Analytics-Advisor_JR-0107270,37,,,2026-09-18
2026-09-11,Workday,/job/Poland-Warsaw/Manager--Technical-Support-Delivery---Core-HCM_JR-0107209,"Manager, Technical Support Delivery - Core HCM",https://workday.wd5.myworkdayjobs.com/Workday/job/Poland-Warsaw/Manager--Technical-Support-Delivery---Core-HCM_JR-0107209,0,,,2026-09-18
2026-09-11,Workday,/job/Poland-Warsaw/Senior-Expert-Assist-Consultant---Functional--PATT-_JR-0106731,Senior Expert Assist Consultant - Functional (PATT),https://workday.wd5.myworkdayjobs.com/Workday/job/Poland-Warsaw/Senior-Expert-Assist-Consultant---Functional--PATT-_JR-0106731,0,,,2026-09-18
2026-09-11,Workday,/job/Poland-Warsaw/Senior-Functional-Consultant---HCM---Compensation--Workday-Success-Plans_JR-0109601,"Senior Functional Consultant - HCM & Compensation, Workday Success Plans",https://workday.wd5.myworkdayjobs.com/Workday/job/Poland-Warsaw/Senior-Functional-Consultant---HCM---Compensation--Workday-Success-Plans_JR-0109601,0,,,2026-09-18
2026-09-11,Workday,/job/Poland-Warsaw/Senior-Project-Manager--WSP-Delivery_JR-0109388,"Senior Project Manager, WSP Delivery",https://workday.wd5.myworkdayjobs.com/Workday/job/Poland-Warsaw/Senior-Project-Manager--WSP-Delivery_JR-0109388,0,,,2026-09-18
2026-09-11,Workday,/job/Poland-Warsaw/Senior-Reporting---Analytics-Consultant---Workday-Success-Plans_JR-0109427,Senior Reporting & Analytics Consultant - Workday Success Plans,https://workday.wd5.myworkdayjobs.com/Workday/job/Poland-Warsaw/Senior-Reporting---Analytics-Consultant---Workday-Success-Plans_JR-0109427,0,,,2026-09-18
2026-09-11,Workday,/job/Poland-Warsaw/Sr-Functional-Consultant---HCM---Compensation--Workday-Success-Plans_JR-0105418,"Sr Functional Consultant - HCM & Compensation, Workday Success Plans",https://workday.wd5.myworkdayjobs.com/Workday/job/Poland-Warsaw/Sr-Functional-Consultant---HCM---Compensation--Workday-Success-Plans_JR-0105418,0,,,2026-09-18
2026-09-11,Workday,/job/Poland-Warsaw/Sr-HCM-Consultant---Workday-Success-Plans_JR-0108558-1,Sr HCM Consultant - Workday Success Plans,https://workday.wd5.myworkdayjobs.com/Workday/job/Poland-Warsaw/Sr-HCM-Consultant---Workday-Success-Plans_JR-0108558-1,0,,,2026-09-18
2026-09-11,Workday,/job/Senior-Principal-Machine-Learning-Engineer_JR-0105599,Untitled,https://workday.wd5.myworkdayjobs.com/Workday/job/Senior-Principal-Machine-Learning-Engineer_JR-0105599,15,,,2026-09-18
2026-09-11,Workday,/job/Singapore/Business-Development-Representative---Korean-Speaking_JR-0109533,Business Development Representative - [Expression of interest],https://workday.wd5.myworkdayjobs.com/Workday/job/Singapore/Business-Development-Representative---Korean-Speaking_JR-0109533,26,,,2026-09-18
2026-09-11,Workday,/job/Singapore/Business-Development-Representative---Thailand_JR-0108040,Business Development Representative - Thailand,https://workday.wd5.myworkdayjobs.com/Workday/job/Singapore/Business-Development-Representative---Thailand_JR-0108040,26,,,2026-09-18
2026-09-11,Workday,/job/Singapore/Business-Development-Representative_JR-0109532,Business Development Representative,https://workday.wd5.myworkdayjobs.com/Workday/job/Singapore/Business-Development-Representative_JR-0109532,26,,,2026-09-18
2026-09-11,Workday,/job/Singapore/Expression-of-Interest--Business-Development-Representative--Supporting-Hong-Kong-_JR-0101859,Expression of Interest: Business Development Representative (Supporting Hong Kong),https://workday.wd5.myworkdayjobs.com/Workday/job/Singapore/Expression-of-Interest--Business-Development-Representative--Supporting-Hong-Kong-_JR-0101859,26,,,2026-09-18
2026-09-11,Workday,/job/Singapore/Expression-of-Interest--Business-Development-Representative--Supporting-Taiwan-_JR-0101860,Expression of Interest: Business Development Representative (Supporting Taiwan),https://workday.wd5.myworkdayjobs.com/Workday/job/Singapore/Expression-of-Interest--Business-Development-Representative--Supporting-Taiwan-_JR-0101860,26,,,2026-09-18
2026-09-11,Workday,/job/Singapore/Principal-Financials-Functional-Consultant_JR-0109110,Principal Financials Functional Consultant,https://workday.wd5.myworkdayjobs.com/Workday/job/Singapore/Principal-Financials-Functional-Consultant_JR-0109110,0,,,2026-09-18
2026-09-11,Workday,/job/Singapore/Principal-Services-Executive_JR-0108604,Principal Services Executive,https://workday.wd5.myworkdayjobs.com/Workday/job/Singapore/Principal-Services-Executive_JR-0108604,0,,,2026-09-18
2026-09-11,Workday,/job/Singapore/Sr--Solution-Consultant--HCM--English---Vietnamese-Speaking-_JR-0109900,Sr.  Solution Consultant- HCM (English & Vietnamese Speaking),https://workday.wd5.myworkdayjobs.com/Workday/job/Singapore/Sr--Solution-Consultant--HCM--English---Vietnamese-Speaking-_JR-0109900,0,,,2026-09-18
2026-09-11,Workday,/job/Singapore/Sr-Consultant---Workday-Success-Plans--Core-HCM---PATT-_JR-0109323,Sr Consultant - Workday Success Plans (Core HCM / PATT),https://workday.wd5.myworkdayjobs.com/Workday/job/Singapore/Sr-Consultant---Workday-Success-Plans--Core-HCM---PATT-_JR-0109323,0,,,2026-09-18
2026-09-11,Workday,/job/Singapore/Sr-Financials-Functional-Consultant_JR-0108676,Sr Financials Functional Consultant,https://workday.wd5.myworkdayjobs.com/Workday/job/Singapore/Sr-Financials-Functional-Consultant_JR-0108676,0,,,2026-09-18
2026-09-11,Workday,/job/Spain-Madrid/Sr-Functional-Consultant---Workday-Success-Plans-Adaptive-Planning_JR-0109334-1,Sr Functional Consultant - Workday Success Plans Adaptive Planning,https://workday.wd5.myworkdayjobs.com/Workday/job/Spain-Madrid/Sr-Functional-Consultant---Workday-Success-Plans-Adaptive-Planning_JR-0109334-1,0,,,2026-09-18
2026-09-11,Workday,/job/Spain-Madrid/Sr-Reporting---Analytics-Consultant--FIN----Workday-Success-Plans_JR-0108913,Sr. Reporting & Analytics Consultant (FIN) - Workday Success Plans,https://workday.wd5.myworkdayjobs.com/Workday/job/Spain-Madrid/Sr-Reporting---Analytics-Consultant--FIN----Workday-Success-Plans_JR-0108913,0,,,2026-09-18
2026-09-11,Workday,/job/Sweden-Stockholm/Fullstack-Product-Engineer_JR-0108374,Fullstack Product Engineer,https://workday.wd5.myworkdayjobs.com/Workday/job/Sweden-Stockholm/Fullstack-Product-Engineer_JR-0108374,11,,,2026-09-18
2026-09-11,Workday,/job/Sweden-Stockholm/GTM-Manager---Stockholm_JR-0108671,Go To Market (GTM) Manager - Sana [for Stockholm],https://workday.wd5.myworkdayjobs.com/Workday/job/Sweden-Stockholm/GTM-Manager---Stockholm_JR-0108671,0,,,2026-09-18
2026-09-11,Workday,/job/Sweden-Stockholm/Marketing-Manager_JR-0108682,Marketing Manager,https://workday.wd5.myworkdayjobs.com/Workday/job/Sweden-Stockholm/Marketing-Manager_JR-0108682,0,,,2026-09-18
2026-09-11,Workday,/job/Sweden-Stockholm/Senior-AI-Engineer---Sana_JR-0107620,Senior AI Engineer - Sana,https://workday.wd5.myworkdayjobs.com/Workday/job/Sweden-Stockholm/Senior-AI-Engineer---Sana_JR-0107620,0,,,2026-09-18
2026-09-11,Workday,/job/Sweden-Stockholm/Senior-Infrastructure-Engineer---Sana_JR-0107623-1,Senior Software Engineer (Infrastructure)  - Sana,https://workday.wd5.myworkdayjobs.com/Workday/job/Sweden-Stockholm/Senior-Infrastructure-Engineer---Sana_JR-0107623-1,0,,,2026-09-18
2026-09-11,Workday,/job/Sweden-Stockholm/Software-Development-Engineer---Frontend-Infrastructure_JR-0108620,Software Development Engineer - Frontend Infrastructure,https://workday.wd5.myworkdayjobs.com/Workday/job/Sweden-Stockholm/Software-Development-Engineer---Frontend-Infrastructure_JR-0108620,11,,,2026-09-18
2026-09-11,Workday,/job/Sweden-Stockholm/Storytelling-Marketing--Content-Spike-_JR-0108683-1,Storytelling Marketing (Content Spike),https://workday.wd5.myworkdayjobs.com/Workday/job/Sweden-Stockholm/Storytelling-Marketing--Content-Spike-_JR-0108683-1,22,,,2026-09-18
2026-09-11,Workday,/job/USA-AZ-Home-Office/Principal--Global-Customer-Support-Role-Excellence_JR-0108210,"Principal, Global Customer Support Role Excellence",https://workday.wd5.myworkdayjobs.com/Workday/job/USA-AZ-Home-Office/Principal--Global-Customer-Support-Role-Excellence_JR-0108210,0,,,2026-09-18
2026-09-11,Workday,/job/USA-AZ-Scottsdale/Associate-Marketing-Designer_JR-0109308,Associate Marketing Designer,https://workday.wd5.myworkdayjobs.com/Workday/job/USA-AZ-Scottsdale/Associate-Marketing-Designer_JR-0109308,36,,,2026-09-18
2026-09-11,Workday,/job/USA-CA-Pleasanton/AI-Ops--Localization_JR-0109541-1,"AI Ops, Localization",https://workday.wd5.myworkdayjobs.com/Workday/job/USA-CA-Pleasanton/AI-Ops--Localization_JR-0109541-1,37,,,2026-09-18
2026-09-11,Workday,/job/USA-CA-Pleasanton/Account-Executive---Customer-Base-LE_JR-0107537,Large Enterprise Account Executive - Customer Base,https://workday.wd5.myworkdayjobs.com/Workday/job/USA-CA-Pleasanton/Account-Executive---Customer-Base-LE_JR-0107537,22,,,2026-09-18
2026-09-11,Workday,/job/USA-CA-Pleasanton/BT-Operations-Lead_JR-0109542-1,BT Operations Lead,https://workday.wd5.myworkdayjobs.com/Workday/job/USA-CA-Pleasanton/BT-Operations-Lead_JR-0109542-1,0,,,2026-09-18
2026-09-11,Workday,/job/USA-CA-Pleasanton/BT-Strategic-Operations---Enablement---Senior-Director_JR-0109093-1,BT Strategic Operations & Enablement - Senior Director,https://workday.wd5.myworkdayjobs.com/Workday/job/USA-CA-Pleasanton/BT-Strategic-Operations---Enablement---Senior-Director_JR-0109093-1,0,,,2026-09-18
2026-09-11,Workday,/job/USA-CA-Pleasanton/Director--Enterprise-Applications_JR-0109389,"Director, Enterprise Applications",https://workday.wd5.myworkdayjobs.com/Workday/job/USA-CA-Pleasanton/Director--Enterprise-Applications_JR-0109389,0,,,2026-09-18
2026-09-11,Workday,/job/USA-CA-Pleasanton/Director--Process-Owner--Source-to-Pay-_JR-0109236,"Director, Process Owner (Source to Pay)",https://workday.wd5.myworkdayjobs.com/Workday/job/USA-CA-Pleasanton/Director--Process-Owner--Source-to-Pay-_JR-0109236,0,,,2026-09-18
2026-09-11,Workday,/job/USA-CA-Pleasanton/Director--Product-Manager--Context-Engine---Data-Cloud_JR-0109108,"Director, Product Management - Context Engine, Data Cloud",https://workday.wd5.myworkdayjobs.com/Workday/job/USA-CA-Pleasanton/Director--Product-Manager--Context-Engine---Data-Cloud_JR-0109108,0,,,2026-09-18
2026-09-11,Workday,/job/USA-CA-Pleasanton/Director--Strategy-and-Operations---Data-Cloud_JR-0108771-1,"Director, Strategy and Operations - Data Cloud",https://workday.wd5.myworkdayjobs.com/Workday/job/USA-CA-Pleasanton/Director--Strategy-and-Operations---Data-Cloud_JR-0108771-1,0,,,2026-09-18
2026-09-11,Workday,/job/USA-CA-Pleasanton/Director-of-Program-Management--M-A---Growth_JR-0109770,"Director of Program Management, M&A & Growth",https://workday.wd5.myworkdayjobs.com/Workday/job/USA-CA-Pleasanton/Director-of-Program-Management--M-A---Growth_JR-0109770,0,,,2026-09-18
2026-09-11,Workday,/job/USA-CA-Pleasanton/Enterprise-Solutions-Architect--Engineering-Platform-Services_JR-0108034,"Enterprise Solutions Architect, Engineering Platform Services",https://workday.wd5.myworkdayjobs.com/Workday/job/USA-CA-Pleasanton/Enterprise-Solutions-Architect--Engineering-Platform-Services_JR-0108034,33,,,2026-09-18
2026-09-11,Workday,/job/USA-CA-Pleasanton/Finance-Manager_JR-0109082,Finance Manager,https://workday.wd5.myworkdayjobs.com/Workday/job/USA-CA-Pleasanton/Finance-Manager_JR-0109082,0,,,2026-09-18
2026-09-11,Workday,/job/USA-CA-Pleasanton/Functional-Consultant-for-Workday-CLM-Evisort_JR-0107370,Functional Consultant for Workday CLM Evisort,https://workday.wd5.myworkdayjobs.com/Workday/job/USA-CA-Pleasanton/Functional-Consultant-for-Workday-CLM-Evisort_JR-0107370,26,,,2026-09-18
2026-09-11,Workday,/job/USA-CA-Pleasanton/Machine-Learning-Engineer---Document-Intelligence_JR-0107515,Machine Learning Engineer III - Document Intelligence,https://workday.wd5.myworkdayjobs.com/Workday/job/USA-CA-Pleasanton/Machine-Learning-Engineer---Document-Intelligence_JR-0107515,0,,,2026-09-18
2026-09-11,Workday,/job/USA-CA-Pleasanton/Machine-Learning-Engineer---Payroll_JR-0108977,Machine Learning Engineer - Payroll,https://workday.wd5.myworkdayjobs.com/Workday/job/USA-CA-Pleasanton/Machine-Learning-Engineer---Payroll_JR-0108977,33,,,2026-09-18
2026-09-11,Workday,/job/USA-CA-Pleasanton/Machine-Learning-Engineer-III_JR-0109848,Machine Learning Engineer,https://workday.wd5.myworkdayjobs.com/Workday/job/USA-CA-Pleasanton/Machine-Learning-Engineer-III_JR-0109848,48,,,2026-09-18
2026-09-11,Workday,/job/USA-CA-Pleasanton/Machine-Learning-Engineer_JR-0106147,Machine Learning Engineer III,https://workday.wd5.myworkdayjobs.com/Workday/job/USA-CA-Pleasanton/Machine-Learning-Engineer_JR-0106147,0,,,2026-09-18
2026-09-11,Workday,/job/USA-CA-Pleasanton/Majors-Account-Executive---Healthcare_JR-0108418-1,Majors Account Executive - Healthcare,https://workday.wd5.myworkdayjobs.com/Workday/job/USA-CA-Pleasanton/Majors-Account-Executive---Healthcare_JR-0108418-1,37,,,2026-09-18
2026-09-11,Workday,/job/USA-CA-Pleasanton/Partner-Solution-Consultant-Advisor---oCFO_JR-0108016,Partner AI Solution Consultant Advisor - oCFO,https://workday.wd5.myworkdayjobs.com/Workday/job/USA-CA-Pleasanton/Partner-Solution-Consultant-Advisor---oCFO_JR-0108016,11,,,2026-09-18
2026-09-11,Workday,/job/USA-CA-Pleasanton/Payroll-and-Time-Tracking---Enterprise-Applications-Analyst_JR-0109085-1,Payroll and Time Tracking - Enterprise Applications Analyst,https://workday.wd5.myworkdayjobs.com/Workday/job/USA-CA-Pleasanton/Payroll-and-Time-Tracking---Enterprise-Applications-Analyst_JR-0109085-1,11,,,2026-09-18
2026-09-11,Workday,/job/USA-CA-Pleasanton/People-Support-Specialist_JR-0109882,HR People Support Specialist,https://workday.wd5.myworkdayjobs.com/Workday/job/USA-CA-Pleasanton/People-Support-Specialist_JR-0109882,26,,,2026-09-18
2026-09-11,Workday,/job/USA-CA-Pleasanton/Portfolio---Delivery-Lead--Order-to-Cash_JR-0108943-1,"Portfolio & Delivery Lead, Order to Cash",https://workday.wd5.myworkdayjobs.com/Workday/job/USA-CA-Pleasanton/Portfolio---Delivery-Lead--Order-to-Cash_JR-0108943-1,0,,,2026-09-18
2026-09-11,Workday,/job/USA-CA-Pleasanton/Principal-AI-Researcher_JR-0107313,Principal AI Researcher,https://workday.wd5.myworkdayjobs.com/Workday/job/USA-CA-Pleasanton/Principal-AI-Researcher_JR-0107313,0,,,2026-09-18
2026-09-11,Workday,/job/USA-CA-Pleasanton/Principal-AI-UX-Lead_JR-0109765-1,Principal AI UX Lead,https://workday.wd5.myworkdayjobs.com/Workday/job/USA-CA-Pleasanton/Principal-AI-UX-Lead_JR-0109765-1,0,,,2026-09-18
2026-09-11,Workday,/job/USA-CA-Pleasanton/Principal-API-Architect--Product-Engineering---Agent-Ready-APIs---Data_JR-0108218,"Principal API Architect, Product Engineering – Agent‑Ready APIs & Data",https://workday.wd5.myworkdayjobs.com/Workday/job/USA-CA-Pleasanton/Principal-API-Architect--Product-Engineering---Agent-Ready-APIs---Data_JR-0108218,0,,,2026-09-18
2026-09-11,Workday,/job/USA-CA-Pleasanton/Principal-Accountant_JR-0107859,Principal Accountant,https://workday.wd5.myworkdayjobs.com/Workday/job/USA-CA-Pleasanton/Principal-Accountant_JR-0107859,0,,,2026-09-18
2026-09-11,Workday,/job/USA-CA-Pleasanton/Principal-Distributed-Systems-Engineer---Observability_JR-0109636,Principal Distributed Systems Engineer - Observability,https://workday.wd5.myworkdayjobs.com/Workday/job/USA-CA-Pleasanton/Principal-Distributed-Systems-Engineer---Observability_JR-0109636,0,,,2026-09-18
2026-09-11,Workday,/job/USA-CA-Pleasanton/Principal-Partner-Enterprise-Architect_JR-0108006,Principal Partner AI Architect,https://workday.wd5.myworkdayjobs.com/Workday/job/USA-CA-Pleasanton/Principal-Partner-Enterprise-Architect_JR-0108006,0,,,2026-09-18
2026-09-11,Workday,/job/USA-CA-Pleasanton/Principal-Partner-Solution-Consultant--oCHRO_JR-0108018,Partner AI Solution Consultant Advisor - oCHRO,https://workday.wd5.myworkdayjobs.com/Workday/job/USA-CA-Pleasanton/Principal-Partner-Solution-Consultant--oCHRO_JR-0108018,11,,,2026-09-18
2026-09-11,Workday,/job/USA-CA-Pleasanton/Principal-Product-Manager---Evisort-AI_JR-0108875,Principal Product Manager - Evisort AI,https://workday.wd5.myworkdayjobs.com/Workday/job/USA-CA-Pleasanton/Principal-Product-Manager---Evisort-AI_JR-0108875,0,,,2026-09-18
2026-09-11,Workday,/job/USA-CA-Pleasanton/Product-Manager---Supplier-Accounts_JR-0109759,Product Manager - Supplier Accounts,https://workday.wd5.myworkdayjobs.com/Workday/job/USA-CA-Pleasanton/Product-Manager---Supplier-Accounts_JR-0109759,0,,,2026-09-18
2026-09-11,Workday,/job/USA-CA-Pleasanton/Senior-Compensation-Business-Partner--Sales_JR-0108857,"Compensation Business Partner, GTM/Customer Experience",https://workday.wd5.myworkdayjobs.com/Workday/job/USA-CA-Pleasanton/Senior-Compensation-Business-Partner--Sales_JR-0108857,22,,,2026-09-18
2026-09-11,Workday,/job/USA-CA-Pleasanton/Senior-Developer-Relations-Engineer_JR-0107991,Senior Product Advisor - Developer Platform,https://workday.wd5.myworkdayjobs.com/Workday/job/USA-CA-Pleasanton/Senior-Developer-Relations-Engineer_JR-0107991,0,,,2026-09-18
2026-09-11,Workday,/job/USA-CA-Pleasanton/Senior-Director--AI-and-Data-Product-Management---Data-Cloud_JR-0109107,"Senior Director, AI and Data Product Management – Data Cloud",https://workday.wd5.myworkdayjobs.com/Workday/job/USA-CA-Pleasanton/Senior-Director--AI-and-Data-Product-Management---Data-Cloud_JR-0109107,0,,,2026-09-18
2026-09-11,Workday,/job/USA-CA-Pleasanton/Senior-Director--Corporate-Development_JR-0103013,"Senior Director, Corporate Development",https://workday.wd5.myworkdayjobs.com/Workday/job/USA-CA-Pleasanton/Senior-Director--Corporate-Development_JR-0103013,0,,,2026-09-18
2026-09-11,Workday,/job/USA-CA-Pleasanton/Senior-Director--Global-Tax-Planning_JR-0107604,"Senior Director, Global Tax Planning",https://workday.wd5.myworkdayjobs.com/Workday/job/USA-CA-Pleasanton/Senior-Director--Global-Tax-Planning_JR-0107604,0,,,2026-09-18
2026-09-11,Workday,/job/USA-CA-Pleasanton/Senior-Director-Information-Development_JR-0108794,Senior Director Information Development,https://workday.wd5.myworkdayjobs.com/Workday/job/USA-CA-Pleasanton/Senior-Director-Information-Development_JR-0108794,0,,,2026-09-18
2026-09-11,Workday,/job/USA-CA-Pleasanton/Senior-Financial-Analyst_JR-0108093,Senior Financial Analyst,https://workday.wd5.myworkdayjobs.com/Workday/job/USA-CA-Pleasanton/Senior-Financial-Analyst_JR-0108093,0,,,2026-09-18
2026-09-11,Workday,/job/USA-CA-Pleasanton/Senior-Manager--Corporate-FP-A_JR-0108678,"Senior Manager, Corporate FP&A",https://workday.wd5.myworkdayjobs.com/Workday/job/USA-CA-Pleasanton/Senior-Manager--Corporate-FP-A_JR-0108678,0,,,2026-09-18
2026-09-11,Workday,/job/USA-CA-Pleasanton/Senior-Manager--Global-Stock-Administration_JR-0109302,"Senior Manager, Global Stock Administration",https://workday.wd5.myworkdayjobs.com/Workday/job/USA-CA-Pleasanton/Senior-Manager--Global-Stock-Administration_JR-0109302,0,,,2026-09-18
2026-09-11,Workday,/job/USA-CA-Pleasanton/Senior-Manager--Internal-Audit_JR-0108880,"Senior Manager, Internal Audit",https://workday.wd5.myworkdayjobs.com/Workday/job/USA-CA-Pleasanton/Senior-Manager--Internal-Audit_JR-0108880,0,,,2026-09-18
2026-09-11,Workday,/job/USA-CA-Pleasanton/Senior-Manager--Software-Development-Engineering_JR-0109521,"Senior Manager, Software Development Engineering",https://workday.wd5.myworkdayjobs.com/Workday/job/USA-CA-Pleasanton/Senior-Manager--Software-Development-Engineering_JR-0109521,0,,,2026-09-18
2026-09-11,Workday,/job/USA-CA-Pleasanton/Senior-Principal--Market-Intelligence_JR-0109126-1,"Senior Principal, Market Intelligence",https://workday.wd5.myworkdayjobs.com/Workday/job/USA-CA-Pleasanton/Senior-Principal--Market-Intelligence_JR-0109126-1,0,,,2026-09-18
2026-09-11,Workday,/job/USA-CA-Pleasanton/Senior-Software-Engineer-Distributed-Systems-_JR-0109643,Senior Software Engineer(Distributed Systems),https://workday.wd5.myworkdayjobs.com/Workday/job/USA-CA-Pleasanton/Senior-Software-Engineer-Distributed-Systems-_JR-0109643,0,,,2026-09-18
2026-09-11,Workday,/job/USA-CA-Pleasanton/Senior-Software-Engineer_JR-0107919,Senior Software Engineer,https://workday.wd5.myworkdayjobs.com/Workday/job/USA-CA-Pleasanton/Senior-Software-Engineer_JR-0107919,0,,,2026-09-18
2026-09-11,Workday,/job/USA-CA-Pleasanton/Software-Development-Engineer---Document-Intelligence_JR-0107516,Software Development Engineer - Document Intelligence,https://workday.wd5.myworkdayjobs.com/Workday/job/USA-CA-Pleasanton/Software-Development-Engineer---Document-Intelligence_JR-0107516,33,,,2026-09-18
2026-09-11,Workday,/job/USA-CA-Pleasanton/Software-Development-Engineer---Workday-Everywhere_JR-0108945,Software Development Engineer - Workday Everywhere,https://workday.wd5.myworkdayjobs.com/Workday/job/USA-CA-Pleasanton/Software-Development-Engineer---Workday-Everywhere_JR-0108945,22,,,2026-09-18
2026-09-11,Workday,/job/USA-CA-Pleasanton/Software-Development-Engineer-Distributed-Systems-_JR-0109641,Software Development Engineer(Distributed Systems),https://workday.wd5.myworkdayjobs.com/Workday/job/USA-CA-Pleasanton/Software-Development-Engineer-Distributed-Systems-_JR-0109641,22,,,2026-09-18
2026-09-11,Workday,/job/USA-CA-Pleasanton/Software-Development-Engineer_JR-0109889,Software Development Engineer,https://workday.wd5.myworkdayjobs.com/Workday/job/USA-CA-Pleasanton/Software-Development-Engineer_JR-0109889,22,,,2026-09-18
2026-09-11,Workday,/job/USA-CA-Pleasanton/Sr-Functional--Analyst---Workday-Finance_JR-0108768-1,Sr Functional  Analyst - Workday Finance,https://workday.wd5.myworkdayjobs.com/Workday/job/USA-CA-Pleasanton/Sr-Functional--Analyst---Workday-Finance_JR-0108768-1,0,,,2026-09-18
2026-09-11,Workday,/job/USA-CA-Pleasanton/Sr-Manager--Cybersecurity_JR-0109737,"Sr Manager, Cybersecurity",https://workday.wd5.myworkdayjobs.com/Workday/job/USA-CA-Pleasanton/Sr-Manager--Cybersecurity_JR-0109737,0,,,2026-09-18
2026-09-11,Workday,/job/USA-CA-Pleasanton/Sr-Principal-Program-Manager--Business-Technology-PMO_JR-0105865,"M&A Integration Sr. Principal Program Manager, BT PMO",https://workday.wd5.myworkdayjobs.com/Workday/job/USA-CA-Pleasanton/Sr-Principal-Program-Manager--Business-Technology-PMO_JR-0105865,0,,,2026-09-18
2026-09-11,Workday,/job/USA-CA-Pleasanton/Sr-Product-Manager---Enterprise-Solutions_JR-0105879-1,Sr Product Manager - Enterprise Solutions,https://workday.wd5.myworkdayjobs.com/Workday/job/USA-CA-Pleasanton/Sr-Product-Manager---Enterprise-Solutions_JR-0105879-1,0,,,2026-09-18
2026-09-11,Workday,/job/USA-CA-Pleasanton/Sr-Product-Manager---Observability_JR-0109669,Sr. Product Manager - Observability,https://workday.wd5.myworkdayjobs.com/Workday/job/USA-CA-Pleasanton/Sr-Product-Manager---Observability_JR-0109669,0,,,2026-09-18
2026-09-11,Workday,/job/USA-CA-Pleasanton/Sr-Program-Manager--Americas-Immigration_JR-0109616,"Sr Program Manager, Americas Immigration",https://workday.wd5.myworkdayjobs.com/Workday/job/USA-CA-Pleasanton/Sr-Program-Manager--Americas-Immigration_JR-0109616,0,,,2026-09-18
2026-09-11,Workday,/job/USA-CA-Pleasanton/Sr-Software-Development-Engineer---Core-Platform-Integration_JR-0108019,Sr Software Development Engineer - Core Platform Integration,https://workday.wd5.myworkdayjobs.com/Workday/job/USA-CA-Pleasanton/Sr-Software-Development-Engineer---Core-Platform-Integration_JR-0108019,0,,,2026-09-18
2026-09-11,Workday,/job/USA-CA-Pleasanton/Sr-Software-Development-Engineer--Full-Stack----Evisort-AI_JR-0108840,Sr Software Development Engineer (Full Stack) - Evisort AI,https://workday.wd5.myworkdayjobs.com/Workday/job/USA-CA-Pleasanton/Sr-Software-Development-Engineer--Full-Stack----Evisort-AI_JR-0108840,0,,,2026-09-18
2026-09-11,Workday,/job/USA-CA-Pleasanton/Sr-Software-Development-Engineer--Product-Engineering---API-Platform---Agentic-AI_JR-0108225,"Sr Software Engineer – API Platform, Product Engineering (Python/Typescript)",https://workday.wd5.myworkdayjobs.com/Workday/job/USA-CA-Pleasanton/Sr-Software-Development-Engineer--Product-Engineering---API-Platform---Agentic-AI_JR-0108225,0,,,2026-09-18
2026-09-11,Workday,/job/USA-CA-Pleasanton/Strategic-Finance-Director_JR-0108701,Strategic Finance Director,https://workday.wd5.myworkdayjobs.com/Workday/job/USA-CA-Pleasanton/Strategic-Finance-Director_JR-0108701,0,,,2026-09-18
2026-09-12,Workday,/job/USA-CA-Pleasanton/Strategic-Initiatives-Lead_JR-0110090,Strategic Initiatives Lead,https://workday.wd5.myworkdayjobs.com/Workday/job/USA-CA-Pleasanton/Strategic-Initiatives-Lead_JR-0110090,0,,,2026-09-19
2026-09-11,Workday,/job/USA-CA-Pleasanton/Treasury-Manager_JR-0106897,Treasury Manager,https://workday.wd5.myworkdayjobs.com/Workday/job/USA-CA-Pleasanton/Treasury-Manager_JR-0106897,0,,,2026-09-18
2026-09-11,Workday,/job/USA-CA-Remote/Forward-Deployed-Partner-Architect_JR-0108918,Forward Deployed Partner Architect,https://workday.wd5.myworkdayjobs.com/Workday/job/USA-CA-Remote/Forward-Deployed-Partner-Architect_JR-0108918,11,,,2026-09-18
2026-09-11,Workday,/job/USA-CA-Remote/Large-Enterprise-Customer-Base-Account-Executive_JR-0109359-1,Large Enterprise Customer Base Account Executive,https://workday.wd5.myworkdayjobs.com/Workday/job/USA-CA-Remote/Large-Enterprise-Customer-Base-Account-Executive_JR-0109359-1,22,,,2026-09-18
2026-09-11,Workday,/job/USA-CA-San-Francisco/Director--Sales-Development_JR-0109468,"Director, Sales Development",https://workday.wd5.myworkdayjobs.com/Workday/job/USA-CA-San-Francisco/Director--Sales-Development_JR-0109468,0,,,2026-09-18
2026-09-11,Workday,/job/USA-CA-San-Francisco/Principal--Partner-Account-Manager--Open-_JR-0108206,Sr. Partner Account Manager,https://workday.wd5.myworkdayjobs.com/Workday/job/USA-CA-San-Francisco/Principal--Partner-Account-Manager--Open-_JR-0108206,0,,,2026-09-18
2026-09-11,Workday,/job/USA-CA-San-Francisco/Sales-Development-Representative_JR-0109832-1,Sales Development Representative,https://workday.wd5.myworkdayjobs.com/Workday/job/USA-CA-San-Francisco/Sales-Development-Representative_JR-0109832-1,36,,,2026-09-18
2026-09-11,Workday,/job/USA-CA-San-Francisco/Senior-Software-Development-Engineer_JR-0109928,Senior Software Development Engineer,https://workday.wd5.myworkdayjobs.com/Workday/job/USA-CA-San-Francisco/Senior-Software-Development-Engineer_JR-0109928,0,,,2026-09-18
2026-09-11,Workday,/job/USA-CA-San-Francisco/Software-Development-Engineer--Pipedream-Connect_JR-0107821,Software Development Engineer--Pipedream Connect,https://workday.wd5.myworkdayjobs.com/Workday/job/USA-CA-San-Francisco/Software-Development-Engineer--Pipedream-Connect_JR-0107821,22,,,2026-09-18
2026-09-11,Workday,/job/USA-CO-Boulder/Full--Stack-Software-Engineer---Agent-Platform_JR-0109721,Full  Stack Software Engineer - Agent Platform,https://workday.wd5.myworkdayjobs.com/Workday/job/USA-CO-Boulder/Full--Stack-Software-Engineer---Agent-Platform_JR-0109721,33,,,2026-09-18
2026-09-11,Workday,/job/USA-CO-Boulder/Machine-Learning-Engineer-III---Senior-Machine-Learning-Engineer---AI-Platform_JR-0106812,Senior Machine Learning Engineer - AI Platform,https://workday.wd5.myworkdayjobs.com/Workday/job/USA-CO-Boulder/Machine-Learning-Engineer-III---Senior-Machine-Learning-Engineer---AI-Platform_JR-0106812,0,,,2026-09-18
2026-09-11,Workday,/job/USA-CO-Boulder/Platform-Product-Marketing-Manager_JR-0109687,Platform Product Marketing Manager,https://workday.wd5.myworkdayjobs.com/Workday/job/USA-CO-Boulder/Platform-Product-Marketing-Manager_JR-0109687,0,,,2026-09-18
2026-09-11,Workday,/job/USA-CO-Boulder/Software-Development-Engineer---Workday-Everywhere_JR-0108946,Software Development Engineer - Workday Everywhere,https://workday.wd5.myworkdayjobs.com/Workday/job/USA-CO-Boulder/Software-Development-Engineer---Workday-Everywhere_JR-0108946,22,,,2026-09-18
2026-09-11,Workday,/job/USA-CO-Boulder/Software-Development-Engineer--US-Federal-_JR-0109612,Software Development Engineer (US Federal),https://workday.wd5.myworkdayjobs.com/Workday/job/USA-CO-Boulder/Software-Development-Engineer--US-Federal-_JR-0109612,11,,,2026-09-18
2026-09-11,Workday,/job/USA-CO-Boulder/Technical-Product-Marketer--Developer-Platform_JR-0109407,"Technical Product Marketer, Developer Platform",https://workday.wd5.myworkdayjobs.com/Workday/job/USA-CO-Boulder/Technical-Product-Marketer--Developer-Platform_JR-0109407,11,,,2026-09-18
2026-09-11,Workday,/job/USA-CO-Denver/Medium-Enterprise-Customer-Base-Account-Executive---Healthcare---Payor_JR-0108457,Medium Enterprise Customer Base Account Executive - Healthcare - Payor,https://workday.wd5.myworkdayjobs.com/Workday/job/USA-CO-Denver/Medium-Enterprise-Customer-Base-Account-Executive---Healthcare---Payor_JR-0108457,22,,,2026-09-18
2026-09-11,Workday,/job/USA-CO-Home-Office/Sales-Compensation-Policy-and-Governance-Principal_JR-0109504,Sales Compensation Policy and Governance Principal,https://workday.wd5.myworkdayjobs.com/Workday/job/USA-CO-Home-Office/Sales-Compensation-Policy-and-Governance-Principal_JR-0109504,0,,,2026-09-18
2026-09-11,Workday,/job/USA-DC-Home-Office/Account-Executive---Customer-Base-Major-Accounts_JR-0107547,Account Executive - Customer Base Major Accounts,https://workday.wd5.myworkdayjobs.com/Workday/job/USA-DC-Home-Office/Account-Executive---Customer-Base-Major-Accounts_JR-0107547,22,,,2026-09-18
2026-09-11,Workday,/job/USA-GA-Atlanta/Full-Stack-Software-Engineer---Agent-Platform_JR-0107451-1,Senior Full Stack Software Engineer - Agent Platform,https://workday.wd5.myworkdayjobs.com/Workday/job/USA-GA-Atlanta/Full-Stack-Software-Engineer---Agent-Platform_JR-0107451-1,0,,,2026-09-18
2026-09-11,Workday,/job/USA-GA-Atlanta/HR-Technology-Portfolio-Manager_JR-0109634,Associate HR Technology Portfolio Manager,https://workday.wd5.myworkdayjobs.com/Workday/job/USA-GA-Atlanta/HR-Technology-Portfolio-Manager_JR-0109634,0,,,2026-09-18
2026-09-11,Workday,/job/USA-GA-Atlanta/Manager--North-America-Payroll_JR-0109371,"Manager, North America Payroll",https://workday.wd5.myworkdayjobs.com/Workday/job/USA-GA-Atlanta/Manager--North-America-Payroll_JR-0109371,0,,,2026-09-18
2026-09-11,Workday,/job/USA-GA-Atlanta/Principal--Product-Owner--Business-Performance_JR-0108062,"Principal, Product Owner, Business Performance",https://workday.wd5.myworkdayjobs.com/Workday/job/USA-GA-Atlanta/Principal--Product-Owner--Business-Performance_JR-0108062,0,,,2026-09-18
2026-09-11,Workday,/job/USA-GA-Atlanta/Principal-AI-Engineer_JR-0108761,Principal AI Engineer,https://workday.wd5.myworkdayjobs.com/Workday/job/USA-GA-Atlanta/Principal-AI-Engineer_JR-0108761,0,,,2026-09-18
2026-09-11,Workday,/job/USA-GA-Atlanta/Product-Solution-Architect---Quote-to-Cash--Salesforce-CPQ---CLM-_JR-0109155-1,Product Solution Architect – Quote to Cash (Salesforce CPQ & CLM),https://workday.wd5.myworkdayjobs.com/Workday/job/USA-GA-Atlanta/Product-Solution-Architect---Quote-to-Cash--Salesforce-CPQ---CLM-_JR-0109155-1,33,,,2026-09-18
2026-09-12,Workday,/job/USA-GA-Atlanta/Senior-Consultant--WSP-Support-Model---Governance-Delivery_JR-0109419-1,"Senior Consultant, WSP Support Model & Governance Delivery",https://workday.wd5.myworkdayjobs.com/Workday/job/USA-GA-Atlanta/Senior-Consultant--WSP-Support-Model---Governance-Delivery_JR-0109419-1,0,,,2026-09-19
2026-09-11,Workday,/job/USA-GA-Atlanta/Senior-Cybersecurity-Engineer---Network-Security_JR-0109368,Senior Cybersecurity Engineer - Network Security,https://workday.wd5.myworkdayjobs.com/Workday/job/USA-GA-Atlanta/Senior-Cybersecurity-Engineer---Network-Security_JR-0109368,0,,,2026-09-18
2026-09-12,Workday,/job/USA-GA-Atlanta/Senior-Employment-Counsel_JR-0107305,Senior Employment Counsel,https://workday.wd5.myworkdayjobs.com/Workday/job/USA-GA-Atlanta/Senior-Employment-Counsel_JR-0107305,0,,,2026-09-19
2026-09-11,Workday,/job/USA-GA-Atlanta/Senior-or-Principal-HCM-Functional-Consultant_JR-0108978,Senior or Principal HCM Functional Consultant,https://workday.wd5.myworkdayjobs.com/Workday/job/USA-GA-Atlanta/Senior-or-Principal-HCM-Functional-Consultant_JR-0108978,0,,,2026-09-18
2026-09-11,Workday,/job/USA-GA-Atlanta/Sr-Customer-Success-Manager_JR-0109837,Sr Customer Success Manager,https://workday.wd5.myworkdayjobs.com/Workday/job/USA-GA-Atlanta/Sr-Customer-Success-Manager_JR-0109837,0,,,2026-09-18
2026-09-11,Workday,/job/USA-GA-Atlanta/Sr-Software-Engineer--Distributed-Systems-_JR-0108061,Sr. Software Engineer (Distributed Systems),https://workday.wd5.myworkdayjobs.com/Workday/job/USA-GA-Atlanta/Sr-Software-Engineer--Distributed-Systems-_JR-0108061,0,,,2026-09-18
2026-09-11,Workday,/job/USA-GA-Atlanta/Technical-Project-Manager_JR-0110035-1,Technical Project Manager,https://workday.wd5.myworkdayjobs.com/Workday/job/USA-GA-Atlanta/Technical-Project-Manager_JR-0110035-1,0,,,2026-09-18
2026-09-11,Workday,/job/USA-IL-Chicago/Account-Executive---Large-Enterprise_JR-0107545,Large Enterprise Account Executive - Manufacturing,https://workday.wd5.myworkdayjobs.com/Workday/job/USA-IL-Chicago/Account-Executive---Large-Enterprise_JR-0107545,22,,,2026-09-18
2026-09-11,Workday,/job/USA-IL-Chicago/Principal-Functional-Consultant--AI-Practice_JR-0107274,Sr. AI Deployment Architect,https://workday.wd5.myworkdayjobs.com/Workday/job/USA-IL-Chicago/Principal-Functional-Consultant--AI-Practice_JR-0107274,0,,,2026-09-18
2026-09-11,Workday,/job/USA-IL-Chicago/Regional-Sales-Director--Large-Enterprise-Customer-Base_JR-0109438,"Regional Sales Director, Large Enterprise Customer Base",https://workday.wd5.myworkdayjobs.com/Workday/job/USA-IL-Chicago/Regional-Sales-Director--Large-Enterprise-Customer-Base_JR-0109438,0,,,2026-09-18
2026-09-11,Workday,/job/USA-IL-Chicago/Regional-Sales-Director_JR-0109141,"Regional Sales Director, Large Enterprise Customer Base",https://workday.wd5.myworkdayjobs.com/Workday/job/USA-IL-Chicago/Regional-Sales-Director_JR-0109141,0,,,2026-09-18
2026-09-11,Workday,/job/USA-IL-Chicago/Senior-Services-Executive---Financial-Services-Industry_JR-0109835,Senior Services Executive - Financial Services Industry,https://workday.wd5.myworkdayjobs.com/Workday/job/USA-IL-Chicago/Senior-Services-Executive---Financial-Services-Industry_JR-0109835,0,,,2026-09-18
2026-09-11,Workday,/job/USA-IL-Chicago/Senior-Technical-Delivery-Consultant---AI-Practice_JR-0107977,Senior AI Deployment Engineer,https://workday.wd5.myworkdayjobs.com/Workday/job/USA-IL-Chicago/Senior-Technical-Delivery-Consultant---AI-Practice_JR-0107977,0,,,2026-09-18
2026-09-11,Workday,/job/USA-IL-Chicago/Sr-FIN-Reporting---Analytics-Consultant---Workday-Success-Plans_JR-0109377,Sr FIN Reporting & Analytics Consultant - Workday Success Plans,https://workday.wd5.myworkdayjobs.com/Workday/job/USA-IL-Chicago/Sr-FIN-Reporting---Analytics-Consultant---Workday-Success-Plans_JR-0109377,0,,,2026-09-18
2026-09-11,Workday,/job/USA-IL-Chicago/Sr-HCM-Reporting---Analytics-Consultant---Workday-Success-Plans_JR-0108925,Sr HCM Reporting & Analytics Consultant - Workday Success Plans,https://workday.wd5.myworkdayjobs.com/Workday/job/USA-IL-Chicago/Sr-HCM-Reporting---Analytics-Consultant---Workday-Success-Plans_JR-0108925,0,,,2026-09-18
2026-09-11,Workday,/job/USA-IL-Chicago/Sr-HCM-Reporting---Analytics-Consultant---Workday-Success-Plans_JR-0109366,Sr HCM Reporting & Analytics Consultant - Workday Success Plans,https://workday.wd5.myworkdayjobs.com/Workday/job/USA-IL-Chicago/Sr-HCM-Reporting---Analytics-Consultant---Workday-Success-Plans_JR-0109366,0,,,2026-09-18
2026-09-11,Workday,/job/USA-IL-Remote/Senior-Technical-Advisory-Consultant----Extend---Workday-Success-Plans_JR-0109443,Senior Technical Advisory Consultant -  Extend - Workday Success Plans,https://workday.wd5.myworkdayjobs.com/Workday/job/USA-IL-Remote/Senior-Technical-Advisory-Consultant----Extend---Workday-Success-Plans_JR-0109443,0,,,2026-09-18
2026-09-11,Workday,/job/USA-MA-Boston/Medium-Enterprise--Regional-Sales-Director---Healthcare_JR-0109172-1,Medium Enterprise Regional Sales Director - Healthcare,https://workday.wd5.myworkdayjobs.com/Workday/job/USA-MA-Boston/Medium-Enterprise--Regional-Sales-Director---Healthcare_JR-0109172-1,0,,,2026-09-18
2026-09-11,Workday,/job/USA-MA-Boston/Senior-Principal-Extend-Services-Consultant_JR-0109880,Senior Principal Extend Services Consultant,https://workday.wd5.myworkdayjobs.com/Workday/job/USA-MA-Boston/Senior-Principal-Extend-Services-Consultant_JR-0109880,0,,,2026-09-18
2026-09-11,Workday,/job/USA-MA-Boston/Sr-Customer-Success-Manager_JR-0109833,Sr Customer Success Manager,https://workday.wd5.myworkdayjobs.com/Workday/job/USA-MA-Boston/Sr-Customer-Success-Manager_JR-0109833,0,,,2026-09-18
2026-09-11,Workday,/job/USA-MA-Remote/Sana-Account-Executive--Boston_JR-0108825,Sana Account Executive- Boston,https://workday.wd5.myworkdayjobs.com/Workday/job/USA-MA-Remote/Sana-Account-Executive--Boston_JR-0108825,31,,,2026-09-18
2026-09-11,Workday,/job/USA-MN-Minneapolis/Large-Enterprise-Customer-Base-Account-Executive---Healthcare_JR-0107527-1,Large Enterprise Customer Base Account Executive - Healthcare,https://workday.wd5.myworkdayjobs.com/Workday/job/USA-MN-Minneapolis/Large-Enterprise-Customer-Base-Account-Executive---Healthcare_JR-0107527-1,22,,,2026-09-18
2026-09-11,Workday,/job/USA-MN-Minneapolis/Principal---Senior-Payroll-Consultant--Healthcare_JR-0109529,"Principal / Senior Payroll Consultant, Healthcare",https://workday.wd5.myworkdayjobs.com/Workday/job/USA-MN-Minneapolis/Principal---Senior-Payroll-Consultant--Healthcare_JR-0109529,0,,,2026-09-18
2026-09-11,Workday,/job/USA-MN-Minneapolis/Senior-HCM-and-Compensation-Consultant--Healthcare_JR-0108340,"Principal / Senior HCM and Compensation Consultant, Healthcare",https://workday.wd5.myworkdayjobs.com/Workday/job/USA-MN-Minneapolis/Senior-HCM-and-Compensation-Consultant--Healthcare_JR-0108340,0,,,2026-09-18
2026-09-11,Workday,/job/USA-NJ-Remote/Enterprise-Architect_JR-0108429,Enterprise Architect- FSI,https://workday.wd5.myworkdayjobs.com/Workday/job/USA-NJ-Remote/Enterprise-Architect_JR-0108429,22,,,2026-09-18
2026-09-11,Workday,/job/USA-NY-New-York-City/Account-Executive---New-York_JR-0104569,Sana Account Executive - New York,https://workday.wd5.myworkdayjobs.com/Workday/job/USA-NY-New-York-City/Account-Executive---New-York_JR-0104569,31,,,2026-09-18
2026-09-11,Workday,/job/USA-NY-New-York-City/Go-To-Market--GTM--Associate_JR-0109458-1,Go-To-Market (GTM) Associate,https://workday.wd5.myworkdayjobs.com/Workday/job/USA-NY-New-York-City/Go-To-Market--GTM--Associate_JR-0109458-1,36,,,2026-09-18
2026-09-11,Workday,/job/USA-NY-New-York-City/Growth-Marketing-Manager_JR-0109235,Growth Marketing Manager,https://workday.wd5.myworkdayjobs.com/Workday/job/USA-NY-New-York-City/Growth-Marketing-Manager_JR-0109235,0,,,2026-09-18
2026-09-11,Workday,/job/USA-NY-New-York-City/Large-Enterprise-Account-Executive---Net-New_JR-0109300,Large Enterprise Account Executive - Net New,https://workday.wd5.myworkdayjobs.com/Workday/job/USA-NY-New-York-City/Large-Enterprise-Account-Executive---Net-New_JR-0109300,22,,,2026-09-18
2026-09-11,Workday,/job/USA-NY-New-York-City/Manager--Go-To-Market--GTM--Associates_JR-0108463,"Manager, Go-To-Market (GTM) Associates",https://workday.wd5.myworkdayjobs.com/Workday/job/USA-NY-New-York-City/Manager--Go-To-Market--GTM--Associates_JR-0108463,0,,,2026-09-18
2026-09-11,Workday,/job/USA-NY-New-York-City/Principal-Managing-Partner---Healthcare_JR-0107491,Principal Managing Partner - Industry Capabilities,https://workday.wd5.myworkdayjobs.com/Workday/job/USA-NY-New-York-City/Principal-Managing-Partner---Healthcare_JR-0107491,0,,,2026-09-18
2026-09-11,Workday,/job/USA-NY-New-York-City/Sana-Learn-Customer-Success-Manager_JR-0108353,Customer Success Manager - Sana Learn,https://workday.wd5.myworkdayjobs.com/Workday/job/USA-NY-New-York-City/Sana-Learn-Customer-Success-Manager_JR-0108353,0,,,2026-09-18
2026-09-11,Workday,/job/USA-NY-New-York-City/Senior-Engagement-Manager---Sana-Learn_JR-0109829,Senior Engagement Manager - Sana Learn,https://workday.wd5.myworkdayjobs.com/Workday/job/USA-NY-New-York-City/Senior-Engagement-Manager---Sana-Learn_JR-0109829,0,,,2026-09-18
2026-09-11,Workday,/job/USA-NY-Remote/Sr-Strategic-Customer-Engagement---AI_JR-0108767,Sr Strategic Customer Engagement - AI,https://workday.wd5.myworkdayjobs.com/Workday/job/USA-NY-Remote/Sr-Strategic-Customer-Engagement---AI_JR-0108767,0,,,2026-09-18
2026-09-11,Workday,/job/USA-PA-Home-Office/Sr-Customer-Success-Manager_JR-0109839,Sr Customer Success Manager,https://workday.wd5.myworkdayjobs.com/Workday/job/USA-PA-Home-Office/Sr-Customer-Success-Manager_JR-0109839,0,,,2026-09-18
2026-09-11,Workday,/job/USA-Remote/Presales--HCM-Solution-Consultant---Healthcare---East_JR-0109658,Presales -HCM Solution Consultant - Healthcare - East,https://workday.wd5.myworkdayjobs.com/Workday/job/USA-Remote/Presales--HCM-Solution-Consultant---Healthcare---East_JR-0109658,31,,,2026-09-18
2026-09-11,Workday,/job/USA-Remote/Presales--HCM-Solution-Consultant--PBS_JR-0109751,Presales- HCM Sr. Solution Consultant- Professional Services,https://workday.wd5.myworkdayjobs.com/Workday/job/USA-Remote/Presales--HCM-Solution-Consultant--PBS_JR-0109751,0,,,2026-09-18
2026-09-11,Workday,/job/USA-Remote/Principal-Managing-Partner---Education---Government_JR-0108986-1,Principal Managing Partner - State & Local and Higher Ed (SLED),https://workday.wd5.myworkdayjobs.com/Workday/job/USA-Remote/Principal-Managing-Partner---Education---Government_JR-0108986-1,0,,,2026-09-18
2026-09-11,Workday,/job/USA-Remote/Principal-Reporting---Prism-Consultant--State---Local-Government_JR-0109222,"Principal Reporting & Prism Consultant, State & Local Government",https://workday.wd5.myworkdayjobs.com/Workday/job/USA-Remote/Principal-Reporting---Prism-Consultant--State---Local-Government_JR-0109222,0,,,2026-09-18
2026-09-11,Workday,/job/USA-Remote/Project-Director--State---Local-Government_JR-0108511,"Project Director, State & Local Government",https://workday.wd5.myworkdayjobs.com/Workday/job/USA-Remote/Project-Director--State---Local-Government_JR-0108511,0,,,2026-09-18
2026-09-11,Workday,/job/USA-Remote/Senior-Technical-Consultant--Integrations---State---Local-Government_JR-0108797,"Senior Technical Consultant, Integrations – State & Local Government",https://workday.wd5.myworkdayjobs.com/Workday/job/USA-Remote/Senior-Technical-Consultant--Integrations---State---Local-Government_JR-0108797,0,,,2026-09-18
2026-09-11,Workday,/job/USA-Remote/Sr-Integrations-Consultant-Financial----Workday-Success-Plans_JR-0109425,Sr. Integrations Consultant(Financial) - Workday Success Plans,https://workday.wd5.myworkdayjobs.com/Workday/job/USA-Remote/Sr-Integrations-Consultant-Financial----Workday-Success-Plans_JR-0109425,0,,,2026-09-18
2026-09-11,Workday,/job/USA-TX-Frisco/Functional-Consultant---HCM-and-Security---Workday-Success-Plans_JR-0110079,Functional Consultant - HCM and Security - Workday Success Plans,https://workday.wd5.myworkdayjobs.com/Workday/job/USA-TX-Frisco/Functional-Consultant---HCM-and-Security---Workday-Success-Plans_JR-0110079,26,,,2026-09-18
2026-09-11,Workday,/job/USA-TX-Frisco/Principal-Managing-Partner_JR-0109588,Principal Managing Partner,https://workday.wd5.myworkdayjobs.com/Workday/job/USA-TX-Frisco/Principal-Managing-Partner_JR-0109588,0,,,2026-09-18
2026-09-11,Workday,/job/USA-TX-Remote/Presales--Enterprise-Architect_JR-0109768,Presales- Enterprise Architect,https://workday.wd5.myworkdayjobs.com/Workday/job/USA-TX-Remote/Presales--Enterprise-Architect_JR-0109768,22,,,2026-09-18
2026-09-11,Workday,/job/USA-TX-Remote/Principal-Financial-Implementation-Consultant--Healthcare-_JR-0109205,Principal Financial Implementation Consultant (Healthcare),https://workday.wd5.myworkdayjobs.com/Workday/job/USA-TX-Remote/Principal-Financial-Implementation-Consultant--Healthcare-_JR-0109205,0,,,2026-09-18
2026-09-11,Workday,/job/USA-UT-Salt-Lake-City/Sales-Development-Representative_JR-0108399,Sales Development Representative,https://workday.wd5.myworkdayjobs.com/Workday/job/USA-UT-Salt-Lake-City/Sales-Development-Representative_JR-0108399,36,,,2026-09-18
2026-09-11,Workday,/job/USA-UT-Salt-Lake-City/Technical-Account-Manager--Salt-Lake-City-UT---Oregon-Remote--_JR-0109357,"Technical Account Manager (Salt Lake City,UT)",https://workday.wd5.myworkdayjobs.com/Workday/job/USA-UT-Salt-Lake-City/Technical-Account-Manager--Salt-Lake-City-UT---Oregon-Remote--_JR-0109357,0,,,2026-09-18
2026-09-11,Workday,/job/USA-VA-McLean/Sr-Software-Engineer--US-Federal-_JR-0097206,Sr Cloud Engineer (US Federal),https://workday.wd5.myworkdayjobs.com/Workday/job/USA-VA-McLean/Sr-Software-Engineer--US-Federal-_JR-0097206,0,,,2026-09-18
2026-09-11,Workday,/job/USANYHome-Office-NY-Metro-Tri-State/Presales---Enterprise-Architect_JR-0109846,Presales-  Enterprise Architect,https://workday.wd5.myworkdayjobs.com/Workday/job/USANYHome-Office-NY-Metro-Tri-State/Presales---Enterprise-Architect_JR-0109846,22,,,2026-09-18
2026-09-11,Workday,/job/USAVAReston/Account-Executive---US-Federal_JR-0109940,Account Executive - US Federal,https://workday.wd5.myworkdayjobs.com/Workday/job/USAVAReston/Account-Executive---US-Federal_JR-0109940,22,,,2026-09-18
2026-09-11,Workday,/job/USAVAReston/Analytics-Sr-Software-Engineer--US-Federal-_JR-0105484,Sr. Site Reliability Engineer (US Federal),https://workday.wd5.myworkdayjobs.com/Workday/job/USAVAReston/Analytics-Sr-Software-Engineer--US-Federal-_JR-0105484,0,,,2026-09-18
2026-09-11,Workday,/job/USAVAReston/Analytics-Sr-Software-Engineer--US-Federal-_JR-0105489-1,Sr Site Reliability Engineer (US Federal),https://workday.wd5.myworkdayjobs.com/Workday/job/USAVAReston/Analytics-Sr-Software-Engineer--US-Federal-_JR-0105489-1,0,,,2026-09-18
2026-09-11,Workday,/job/USAVAReston/Analytics-Sr-Software-Engineer--US-Federal-_JR-0105496,Software Development  Engineer (US Federal),https://workday.wd5.myworkdayjobs.com/Workday/job/USAVAReston/Analytics-Sr-Software-Engineer--US-Federal-_JR-0105496,48,,,2026-09-18
2026-09-11,Workday,/job/USAVAReston/Analytics-Sr-Software-Engineer--US-Federal-_JR-0105546,Site Reliability Engineer (US Federal),https://workday.wd5.myworkdayjobs.com/Workday/job/USAVAReston/Analytics-Sr-Software-Engineer--US-Federal-_JR-0105546,33,,,2026-09-18
2026-09-11,Workday,/job/USAVAReston/Cloud-Engineer--US-Federal-_JR-0109319,Cloud Engineer (US Federal),https://workday.wd5.myworkdayjobs.com/Workday/job/USAVAReston/Cloud-Engineer--US-Federal-_JR-0109319,33,,,2026-09-18
2026-09-11,Workday,/job/USAVAReston/Cybersecurity-Engineer---US-Federal_JR-0109169,Cybersecurity Engineer - US Federal,https://workday.wd5.myworkdayjobs.com/Workday/job/USAVAReston/Cybersecurity-Engineer---US-Federal_JR-0109169,22,,,2026-09-18
2026-09-11,Workday,/job/USAVAReston/Cybersecurity-Engineer---US-Federal_JR-0109436,Cybersecurity Engineer - US Federal,https://workday.wd5.myworkdayjobs.com/Workday/job/USAVAReston/Cybersecurity-Engineer---US-Federal_JR-0109436,22,,,2026-09-18
2026-09-11,Workday,/job/USAVAReston/Cybersecurity-Engineer_JR-0108746,Cybersecurity Engineer,https://workday.wd5.myworkdayjobs.com/Workday/job/USAVAReston/Cybersecurity-Engineer_JR-0108746,37,,,2026-09-18
2026-09-11,Workday,/job/USAVAReston/Data-Privacy-and-Security-Counsel--US-Federal-_JR-0109221,Data Privacy and Security Counsel (US Federal),https://workday.wd5.myworkdayjobs.com/Workday/job/USAVAReston/Data-Privacy-and-Security-Counsel--US-Federal-_JR-0109221,26,,,2026-09-18
2026-09-11,Workday,/job/USAVAReston/Principal-Active-Defense-Engineer_JR-0109596-1,Principal Active Defense Engineer,https://workday.wd5.myworkdayjobs.com/Workday/job/USAVAReston/Principal-Active-Defense-Engineer_JR-0109596-1,0,,,2026-09-18
2026-09-11,Workday,/job/USAVAReston/Principal-Cloud-Engineer---US-Federal_JR-0108260,Principal Cloud Engineer - US Federal,https://workday.wd5.myworkdayjobs.com/Workday/job/USAVAReston/Principal-Cloud-Engineer---US-Federal_JR-0108260,0,,,2026-09-18
2026-09-11,Workday,/job/USAVAReston/Principal-Cloud-Engineer--US-Federal-_JR-0104997,Principal Cloud IAM Engineer (US Federal),https://workday.wd5.myworkdayjobs.com/Workday/job/USAVAReston/Principal-Cloud-Engineer--US-Federal-_JR-0104997,0,,,2026-09-18
2026-09-11,Workday,/job/USAVAReston/Principal-Cloud-IAM-Engineer_JR-0106596,Principal Cloud IAM Engineer,https://workday.wd5.myworkdayjobs.com/Workday/job/USAVAReston/Principal-Cloud-IAM-Engineer_JR-0106596,0,,,2026-09-18
2026-09-11,Workday,/job/USAVAReston/Principal-Cybersecurity-Engineer---US-Federal_JR-0106965,Principal Cybersecurity Engineer - US Federal,https://workday.wd5.myworkdayjobs.com/Workday/job/USAVAReston/Principal-Cybersecurity-Engineer---US-Federal_JR-0106965,0,,,2026-09-18
2026-09-11,Workday,/job/USAVAReston/Principal-Cybersecurity-Engineer---US-Federal_JR-0109437,Principal Cybersecurity Engineer - US Federal,https://workday.wd5.myworkdayjobs.com/Workday/job/USAVAReston/Principal-Cybersecurity-Engineer---US-Federal_JR-0109437,0,,,2026-09-18
2026-09-11,Workday,/job/USAVAReston/Principal-Cybersecurity-Engineer_JR-0106961,Principal Cybersecurity Engineer,https://workday.wd5.myworkdayjobs.com/Workday/job/USAVAReston/Principal-Cybersecurity-Engineer_JR-0106961,0,,,2026-09-18
2026-09-11,Workday,/job/USAVAReston/Principal-Cybersecurity-Engineer_JR-0108926,Principal Cybersecurity Engineer,https://workday.wd5.myworkdayjobs.com/Workday/job/USAVAReston/Principal-Cybersecurity-Engineer_JR-0108926,0,,,2026-09-18
2026-09-11,Workday,/job/USAVAReston/Principal-Program-Manager---US-Federal_JR-0107167,Senior Project Manager - US Federal,https://workday.wd5.myworkdayjobs.com/Workday/job/USAVAReston/Principal-Program-Manager---US-Federal_JR-0107167,0,,,2026-09-18
2026-09-11,Workday,/job/USAVAReston/Senior-Cybersecurity-Data-Engineer---Data-Platform---Lakehouse-SME_JR-0107830,Senior Cybersecurity Data Engineer - Data Platform & Lakehouse SME,https://workday.wd5.myworkdayjobs.com/Workday/job/USAVAReston/Senior-Cybersecurity-Data-Engineer---Data-Platform---Lakehouse-SME_JR-0107830,0,,,2026-09-18
2026-09-11,Workday,/job/USAVAReston/Senior-Cybersecurity-Engineer---Network-Security--US-Federal-_JR-0107993,Senior Cybersecurity Engineer - Network Security (US Federal),https://workday.wd5.myworkdayjobs.com/Workday/job/USAVAReston/Senior-Cybersecurity-Engineer---Network-Security--US-Federal-_JR-0107993,0,,,2026-09-18
2026-09-11,Workday,/job/USAVAReston/Senior-Cybersecurity-Engineer---US-Federal_JR-0109166,Senior Cybersecurity Engineer - US Federal,https://workday.wd5.myworkdayjobs.com/Workday/job/USAVAReston/Senior-Cybersecurity-Engineer---US-Federal_JR-0109166,0,,,2026-09-18
2026-09-11,Workday,/job/USAVAReston/Senior-Cybersecurity-Engineer--US-Federal-_JR-0105513,Senior Cybersecurity Engineer (US Federal),https://workday.wd5.myworkdayjobs.com/Workday/job/USAVAReston/Senior-Cybersecurity-Engineer--US-Federal-_JR-0105513,0,,,2026-09-18
2026-09-11,Workday,/job/USAVAReston/Senior-Cybersecurity-Engineer--US-Federal-_JR-0105514,Senior Cybersecurity Engineer (US Federal),https://workday.wd5.myworkdayjobs.com/Workday/job/USAVAReston/Senior-Cybersecurity-Engineer--US-Federal-_JR-0105514,0,,,2026-09-18
2026-09-11,Workday,/job/USAVAReston/Senior-Site-Reliability-Engineer---US-Federal--VDI---Infrastructure-_JR-0106012,Senior Site Reliability Engineer - US Federal (VDI & Infrastructure),https://workday.wd5.myworkdayjobs.com/Workday/job/USAVAReston/Senior-Site-Reliability-Engineer---US-Federal--VDI---Infrastructure-_JR-0106012,0,,,2026-09-18
2026-09-11,Workday,/job/USAVAReston/Senior-Site-Reliability-Engineer--US-Federal-_JR-0105507,Senior Site Reliability Engineer (US Federal),https://workday.wd5.myworkdayjobs.com/Workday/job/USAVAReston/Senior-Site-Reliability-Engineer--US-Federal-_JR-0105507,0,,,2026-09-18
2026-09-11,Workday,/job/USAVAReston/Senior-Site-Reliability-Engineer--US-Federal-_JR-0105509-1,Senior Site Reliability Engineer (US Federal),https://workday.wd5.myworkdayjobs.com/Workday/job/USAVAReston/Senior-Site-Reliability-Engineer--US-Federal-_JR-0105509-1,0,,,2026-09-18
2026-09-11,Workday,/job/USAVAReston/Senior-Software-Development--Engineer--DevOps--US-Federal-_JR-0108829,"Senior Software Development  Engineer, DevOps (US Federal)",https://workday.wd5.myworkdayjobs.com/Workday/job/USAVAReston/Senior-Software-Development--Engineer--DevOps--US-Federal-_JR-0108829,0,,,2026-09-18
2026-09-11,Workday,/job/USAVAReston/Senior-Software-Development-Engineer---US-Federal_JR-0109350,Senior Software Development Engineer - US Federal,https://workday.wd5.myworkdayjobs.com/Workday/job/USAVAReston/Senior-Software-Development-Engineer---US-Federal_JR-0109350,0,,,2026-09-18
2026-09-11,Workday,/job/USAVAReston/Senior-Software-Development-Engineer--US-Federal-_JR-0105389,Senior Software Development Engineer (US Federal),https://workday.wd5.myworkdayjobs.com/Workday/job/USAVAReston/Senior-Software-Development-Engineer--US-Federal-_JR-0105389,0,,,2026-09-18
2026-09-11,Workday,/job/USAVAReston/Senior-Software-Development-Engineer--US-Federal-_JR-0105401,Senior Software Development Engineer (US Federal),https://workday.wd5.myworkdayjobs.com/Workday/job/USAVAReston/Senior-Software-Development-Engineer--US-Federal-_JR-0105401,0,,,2026-09-18
2026-09-11,Workday,/job/USAVAReston/Senior-Software-Development-Engineer--US-Federal-_JR-0105427,Senior Software Development Engineer (US Federal),https://workday.wd5.myworkdayjobs.com/Workday/job/USAVAReston/Senior-Software-Development-Engineer--US-Federal-_JR-0105427,0,,,2026-09-18
2026-09-11,Workday,/job/USAVAReston/Senior-Software-Development-Engineer_JR-0104081,Senior Software Development Engineer,https://workday.wd5.myworkdayjobs.com/Workday/job/USAVAReston/Senior-Software-Development-Engineer_JR-0104081,0,,,2026-09-18
2026-09-11,Workday,/job/USAVAReston/Senior-Software-Engineer--DBaas--US-Federal-_JR-0108508,"Senior Software Engineer, DBaas (US Federal)",https://workday.wd5.myworkdayjobs.com/Workday/job/USAVAReston/Senior-Software-Engineer--DBaas--US-Federal-_JR-0108508,0,,,2026-09-18
2026-09-11,Workday,/job/USAVAReston/Site-Reliability-Engineer--SRE----Database-Engineering--US-Federal-_JR-0093733,Cloud Engineer (US Federal),https://workday.wd5.myworkdayjobs.com/Workday/job/USAVAReston/Site-Reliability-Engineer--SRE----Database-Engineering--US-Federal-_JR-0093733,33,,,2026-09-18
2026-09-11,Workday,/job/USAVAReston/Software-Development-Engineer---Integration-Platform--US-Federal-_JR-0105495,Software Development Engineer - Integration Platform (US Federal),https://workday.wd5.myworkdayjobs.com/Workday/job/USAVAReston/Software-Development-Engineer---Integration-Platform--US-Federal-_JR-0105495,11,,,2026-09-18
2026-09-11,Workday,/job/USAVAReston/Software-Development-Engineer---ML-Ops--US-Federal-_JR-0105395,Software Development Engineer (US Federal),https://workday.wd5.myworkdayjobs.com/Workday/job/USAVAReston/Software-Development-Engineer---ML-Ops--US-Federal-_JR-0105395,48,,,2026-09-18
2026-09-11,Workday,/job/USAVAReston/Software-Development-Engineer---ML-Ops--US-Federal-_JR-0105400,Software Development Engineer - ML Ops (US Federal),https://workday.wd5.myworkdayjobs.com/Workday/job/USAVAReston/Software-Development-Engineer---ML-Ops--US-Federal-_JR-0105400,48,,,2026-09-18
2026-09-11,Workday,/job/USAVAReston/Software-Development-Engineer---ML-Ops--US-Federal-_JR-0105547,Software Development Engineer - ML Ops (US Federal),https://workday.wd5.myworkdayjobs.com/Workday/job/USAVAReston/Software-Development-Engineer---ML-Ops--US-Federal-_JR-0105547,48,,,2026-09-18
2026-09-11,Workday,/job/USAVAReston/Software-Development-Engineer---US-Federal_JR-0108025,Software Development Engineer - US Federal,https://workday.wd5.myworkdayjobs.com/Workday/job/USAVAReston/Software-Development-Engineer---US-Federal_JR-0108025,33,,,2026-09-18
2026-09-11,Workday,/job/USAVAReston/Software-Development-Engineer---US-Federal_JR-0108664,Software Development Engineer - US Federal,https://workday.wd5.myworkdayjobs.com/Workday/job/USAVAReston/Software-Development-Engineer---US-Federal_JR-0108664,37,,,2026-09-18
2026-09-11,Workday,/job/USAVAReston/Software-Development-Engineer---US-Federal_JR-0109287,Software Development Engineer - US Federal,https://workday.wd5.myworkdayjobs.com/Workday/job/USAVAReston/Software-Development-Engineer---US-Federal_JR-0109287,44,,,2026-09-18
2026-09-11,Workday,/job/USAVAReston/Software-Development-Engineer---US-Federal_JR-0109352,Software Development Engineer - US Federal,https://workday.wd5.myworkdayjobs.com/Workday/job/USAVAReston/Software-Development-Engineer---US-Federal_JR-0109352,37,,,2026-09-18
2026-09-11,Workday,/job/USAVAReston/Software-Development-Engineer---US-Federal_JR-0109457,Software Development Engineer - US Federal,https://workday.wd5.myworkdayjobs.com/Workday/job/USAVAReston/Software-Development-Engineer---US-Federal_JR-0109457,44,,,2026-09-18
2026-09-11,Workday,/job/USAVAReston/Software-Development-Engineer---US-Federal_JR-0109614,Software Development Engineer - US Federal,https://workday.wd5.myworkdayjobs.com/Workday/job/USAVAReston/Software-Development-Engineer---US-Federal_JR-0109614,26,,,2026-09-18
2026-09-11,Workday,/job/USAVAReston/Software-Development-Engineer--DevOps--US-Federal-_JR-0097414,"Software Development Engineer, Azure VDI Engineer (US Federal)",https://workday.wd5.myworkdayjobs.com/Workday/job/USAVAReston/Software-Development-Engineer--DevOps--US-Federal-_JR-0097414,37,,,2026-09-18
2026-09-11,Workday,/job/USAVAReston/Software-Development-Engineer--SRE---US-Federal-_JR-0105392,"Software Development Engineer, SRE  (US Federal)",https://workday.wd5.myworkdayjobs.com/Workday/job/USAVAReston/Software-Development-Engineer--SRE---US-Federal-_JR-0105392,26,,,2026-09-18
2026-09-11,Workday,/job/USAVAReston/Software-Development-Engineer--SRE--US-Federal-_JR-0108467,"Sr Software Development Engineer, SRE (US Federal)",https://workday.wd5.myworkdayjobs.com/Workday/job/USAVAReston/Software-Development-Engineer--SRE--US-Federal-_JR-0108467,0,,,2026-09-18
2026-09-11,Workday,/job/USAVAReston/Software-Development-Engineer--US-Federal-_JR-0105089,Software Development Engineer - Integration Platform (US Federal),https://workday.wd5.myworkdayjobs.com/Workday/job/USAVAReston/Software-Development-Engineer--US-Federal-_JR-0105089,11,,,2026-09-18
2026-09-11,Workday,/job/USAVAReston/Software-Development-Engineer--US-Federal-_JR-0105420,Sr Software Development Engineer (US Federal),https://workday.wd5.myworkdayjobs.com/Workday/job/USAVAReston/Software-Development-Engineer--US-Federal-_JR-0105420,0,,,2026-09-18
2026-09-11,Workday,/job/USAVAReston/Software-Development-Engineer--US-Federal-_JR-0105421,Software Development Engineer (US Federal),https://workday.wd5.myworkdayjobs.com/Workday/job/USAVAReston/Software-Development-Engineer--US-Federal-_JR-0105421,22,,,2026-09-18
2026-09-11,Workday,/job/USAVAReston/Software-Development-Engineer--US-Federal-_JR-0105439,Software Development Engineer (US Federal),https://workday.wd5.myworkdayjobs.com/Workday/job/USAVAReston/Software-Development-Engineer--US-Federal-_JR-0105439,37,,,2026-09-18
2026-09-11,Workday,/job/USAVAReston/Software-Development-Engineer--US-Federal-_JR-0105503,Mid/Senior Software Development Engineer (US Federal),https://workday.wd5.myworkdayjobs.com/Workday/job/USAVAReston/Software-Development-Engineer--US-Federal-_JR-0105503,0,,,2026-09-18
2026-09-11,Workday,/job/USAVAReston/Software-Engineer---DevOps--US-Federal-_JR-0105502,Software Engineer - DevOps (US Federal),https://workday.wd5.myworkdayjobs.com/Workday/job/USAVAReston/Software-Engineer---DevOps--US-Federal-_JR-0105502,22,,,2026-09-18
2026-09-11,Workday,/job/USAVAReston/Software-Engineer---Developer-Platform--US-Federal-_JR-0105497,Mid/Senior Software Engineer - Developer Platform (US Federal),https://workday.wd5.myworkdayjobs.com/Workday/job/USAVAReston/Software-Engineer---Developer-Platform--US-Federal-_JR-0105497,0,,,2026-09-18
2026-09-11,Workday,/job/USAVAReston/Software-Engineer-Integration-Platform--US-Federal-_JR-0105501,Software Engineer Integration Platform (US Federal),https://workday.wd5.myworkdayjobs.com/Workday/job/USAVAReston/Software-Engineer-Integration-Platform--US-Federal-_JR-0105501,11,,,2026-09-18
2026-09-11,Workday,/job/USAVAReston/Sr-Full-Stack-Software-Engineer----US-Federal-_JR-0105397,Sr. Full Stack Software Engineer - (US Federal),https://workday.wd5.myworkdayjobs.com/Workday/job/USAVAReston/Sr-Full-Stack-Software-Engineer----US-Federal-_JR-0105397,0,,,2026-09-18
2026-09-11,Workday,/job/USAVAReston/Sr-IAM-Cybersecurity-Engineer---Enterprise-Identity_JR-0109950,"Sr. IAM Cybersecurity Engineer,  Enterprise Identity",https://workday.wd5.myworkdayjobs.com/Workday/job/USAVAReston/Sr-IAM-Cybersecurity-Engineer---Enterprise-Identity_JR-0109950,0,,,2026-09-18
2026-09-11,Workday,/job/USAVAReston/Sr-Site-Reliability-Engineer--US-Federal-_JR-0105486,Sr. Site Reliability Engineer (US Federal),https://workday.wd5.myworkdayjobs.com/Workday/job/USAVAReston/Sr-Site-Reliability-Engineer--US-Federal-_JR-0105486,0,,,2026-09-18
2026-09-11,Workday,/job/USAVAReston/Sr-Site-Reliability-Engineer--US-Federal-_JR-0109129,Sr Site Reliability Engineer (US Federal),https://workday.wd5.myworkdayjobs.com/Workday/job/USAVAReston/Sr-Site-Reliability-Engineer--US-Federal-_JR-0109129,0,,,2026-09-18
2026-09-11,Workday,/job/USAVAReston/Sr-Software-Development-Engineer_JR-0103568,Sr Software Development Engineer,https://workday.wd5.myworkdayjobs.com/Workday/job/USAVAReston/Sr-Software-Development-Engineer_JR-0103568,0,,,2026-09-18
2026-09-11,Workday,/job/USAVAReston/Sr-Software-Development-Engineer_JR-0109130,Sr Software Development Engineer,https://workday.wd5.myworkdayjobs.com/Workday/job/USAVAReston/Sr-Software-Development-Engineer_JR-0109130,0,,,2026-09-18
2026-09-11,Workday,/job/USAVAReston/XMLNAME--Senior--Software-Development-Engineer--US-Federal-_JR-0108565,(Senior) Software Development Engineer (US Federal),https://workday.wd5.myworkdayjobs.com/Workday/job/USAVAReston/XMLNAME--Senior--Software-Development-Engineer--US-Federal-_JR-0108565,0,,,2026-09-18
2026-09-11,Workday,/job/United-Kingdom-London/Customer-Solution-Strategist_JR-0104164,Customer Solution Strategist - Presales,https://workday.wd5.myworkdayjobs.com/Workday/job/United-Kingdom-London/Customer-Solution-Strategist_JR-0104164,11,,,2026-09-18
2026-09-11,Workday,/job/United-Kingdom-London/Director--Engagement-Managers---UKI_JR-0110073,"Director, Engagement Managers - UKI",https://workday.wd5.myworkdayjobs.com/Workday/job/United-Kingdom-London/Director--Engagement-Managers---UKI_JR-0110073,0,,,2026-09-18
2026-09-11,Workday,/job/United-Kingdom-London/GTM-Associate-Manager---Dutch-speaking_JR-0108674,"Go to Market (GTM) Associate, Dutch Speaking - Sana",https://workday.wd5.myworkdayjobs.com/Workday/job/United-Kingdom-London/GTM-Associate-Manager---Dutch-speaking_JR-0108674,36,,,2026-09-18
2026-09-11,Workday,/job/United-Kingdom-London/GTM-Associate-Manager_JR-0109656-1,Go to Market (GTM) Associate - Sana,https://workday.wd5.myworkdayjobs.com/Workday/job/United-Kingdom-London/GTM-Associate-Manager_JR-0109656-1,36,,,2026-09-18
2026-09-11,Workday,/job/United-Kingdom-London/GTM-Manager---French_JR-0108670,"Go To Market (GTM) Manager, French Speaking  - Sana",https://workday.wd5.myworkdayjobs.com/Workday/job/United-Kingdom-London/GTM-Manager---French_JR-0108670,0,,,2026-09-18
2026-09-11,Workday,/job/United-Kingdom-London/GTM-Manager---German-speaking_JR-0108672,GTM Manager - German speaking,https://workday.wd5.myworkdayjobs.com/Workday/job/United-Kingdom-London/GTM-Manager---German-speaking_JR-0108672,0,,,2026-09-18
2026-09-11,Workday,/job/United-Kingdom-London/GTM-Manager_JR-0109654,Go To Market (GTM) Manager - Sana  [for UK],https://workday.wd5.myworkdayjobs.com/Workday/job/United-Kingdom-London/GTM-Manager_JR-0109654,0,,,2026-09-18
2026-09-11,Workday,/job/United-Kingdom-London/Pipeline-Orchestration-Manager_JR-0109600,Pipeline Orchestration Manager,https://workday.wd5.myworkdayjobs.com/Workday/job/United-Kingdom-London/Pipeline-Orchestration-Manager_JR-0109600,0,,,2026-09-18
2026-09-11,Workday,/job/United-Kingdom-London/Principal-Engagement-Manager_JR-0109726,Principal Engagement Manager,https://workday.wd5.myworkdayjobs.com/Workday/job/United-Kingdom-London/Principal-Engagement-Manager_JR-0109726,0,,,2026-09-18
2026-09-11,Workday,/job/United-Kingdom-London/Principal-Managing-Partner---Financial-Software_JR-0107017,Principal Managing Partner - UKI,https://workday.wd5.myworkdayjobs.com/Workday/job/United-Kingdom-London/Principal-Managing-Partner---Financial-Software_JR-0107017,0,,,2026-09-18
2026-09-11,Workday,/job/United-Kingdom-London/Principal-Managing-Partner---UKI_JR-0102298,Principal Managing Partner - Public Sector,https://workday.wd5.myworkdayjobs.com/Workday/job/United-Kingdom-London/Principal-Managing-Partner---UKI_JR-0102298,0,,,2026-09-18
2026-09-11,Workday,/job/United-Kingdom-London/Product-Sales-Specialist---CLM---Document-AI_JR-0108492-1,Product Sales Specialist – CLM & Document AI,https://workday.wd5.myworkdayjobs.com/Workday/job/United-Kingdom-London/Product-Sales-Specialist---CLM---Document-AI_JR-0108492-1,22,,,2026-09-18
2026-09-11,Workday,/job/United-Kingdom-London/Senior-Payroll-Consultant---UKI_JR-0108380,Senior Payroll Consultant - UKI,https://workday.wd5.myworkdayjobs.com/Workday/job/United-Kingdom-London/Senior-Payroll-Consultant---UKI_JR-0108380,0,,,2026-09-18
2026-09-11,Workday,/job/United-Kingdom-London/Senior-Project-Manager---UKI_JR-0108893,Senior Project Manager - UKI,https://workday.wd5.myworkdayjobs.com/Workday/job/United-Kingdom-London/Senior-Project-Manager---UKI_JR-0108893,0,,,2026-09-18
2026-09-11,Workday,/job/United-Kingdom-London/Senior-Reporting---Analytics-Consultant---Workday-Success-Plans_JR-0109569,Senior Reporting & Analytics Consultant - Workday Success Plans,https://workday.wd5.myworkdayjobs.com/Workday/job/United-Kingdom-London/Senior-Reporting---Analytics-Consultant---Workday-Success-Plans_JR-0109569,0,,,2026-09-18
2026-09-11,Workday,/job/United-Kingdom-London/Senior-Solutions-Consultant_JR-0107325,Senior Solutions Consultant,https://workday.wd5.myworkdayjobs.com/Workday/job/United-Kingdom-London/Senior-Solutions-Consultant_JR-0107325,0,,,2026-09-18
2026-09-11,Workday,/job/United-Kingdom-London/Senior-Workday-Extend-Consultant_JR-0106830,Senior Workday Extend Platform Consultant,https://workday.wd5.myworkdayjobs.com/Workday/job/United-Kingdom-London/Senior-Workday-Extend-Consultant_JR-0106830,0,,,2026-09-18
2026-09-11,Workday,/job/United-Kingdom-London/Sr-AI-Deployment-Engineer_JR-0109910,Sr. AI Deployment Engineer,https://workday.wd5.myworkdayjobs.com/Workday/job/United-Kingdom-London/Sr-AI-Deployment-Engineer_JR-0109910,0,,,2026-09-18
2026-09-11,Workday,/job/United-Kingdom-London/Sr-Functional-Consultant---Absence---Time-Tracking_JR-0107967,Sr Functional Consultant - Absence & Time Tracking,https://workday.wd5.myworkdayjobs.com/Workday/job/United-Kingdom-London/Sr-Functional-Consultant---Absence---Time-Tracking_JR-0107967,0,,,2026-09-18
2026-09-11,Workday,/job/United-Kingdom-London/Sr-Prism-Analytics-Consultant---Workday-Success-Plans_JR-0109345,Sr. Prism Analytics Consultant - Workday Success Plans,https://workday.wd5.myworkdayjobs.com/Workday/job/United-Kingdom-London/Sr-Prism-Analytics-Consultant---Workday-Success-Plans_JR-0109345,0,,,2026-09-18
2026-09-11,Workday,/job/United-Kingdom-London/Sr-Reporting---Analytics-Consultant--FIN----Workday-Success-Plans_JR-0109449,Sr. Reporting & Analytics Consultant (FIN) - Workday Success Plans,https://workday.wd5.myworkdayjobs.com/Workday/job/United-Kingdom-London/Sr-Reporting---Analytics-Consultant--FIN----Workday-Success-Plans_JR-0109449,0,,,2026-09-18
2026-09-11,Workday,/job/VNMDa-Nang/Senior-AI-Engineer---Da-Nang--Paradox-_JR-0108727,Senior AI Engineer - Da Nang (Paradox),https://workday.wd5.myworkdayjobs.com/Workday/job/VNMDa-Nang/Senior-AI-Engineer---Da-Nang--Paradox-_JR-0108727,0,,,2026-09-18
2026-09-11,Workday,/job/VNMDa-Nang/Senior-Software-Development-Engineer--Back-end----Paradox---Da-Nang_JR-0107621,Senior Software Development Engineer (Back-end) - Paradox - Da Nang,https://workday.wd5.myworkdayjobs.com/Workday/job/VNMDa-Nang/Senior-Software-Development-Engineer--Back-end----Paradox---Da-Nang_JR-0107621,0,,,2026-09-18
2026-09-11,Workday,/job/VNMDa-Nang/Sr-Software-Development-Engineer---Da-Nang--Paradox-_JR-0108605,Sr Software Development Engineer - Da Nang (Paradox),https://workday.wd5.myworkdayjobs.com/Workday/job/VNMDa-Nang/Sr-Software-Development-Engineer---Da-Nang--Paradox-_JR-0108605,0,,,2026-09-18
